Series Code,Country Name,Country Code,1960.00,1961.00,1962.00,1963.00,1964.00,1965.00,1966.00,1967.00,1968.00,1969.00,1970.00,1971.00,1972.00,1973.00,1974.00,1975.00,1976.00,1977.00,1978.00,1979.00,1980.00,1981.00,1982.00,1983.00,1984.00,1985.00,1986.00,1987.00,1988.00,1989.00,1990.00,1991.00,1992.00,1993.00,1994.00,1995.00,1996.00,1997.00,1998.00,1999.00,2000.00,2001.00,2002.00,2003.00,2004.00,2005.00,2006.00,2007.00,2008.00,2009.00,2010.00,2011.00,2012.00,2013.00,2014.00,2015.00,2016.00,2017.00,2018.00,2019.00,2020.00,2021.00
GB.XPD.RSDV.GD.ZS,Afghanistan,AFG,..,..,..,..,..,..,..,..,..,..,..,..,..,..,..,..,..,..,..,..,..,..,..,..,..,..,..,..,..,..,..,..,..,..,..,..,..,..,..,..,..,..,..,..,..,..,..,..,..,..,..,..,..,..,..,..,..,..,..,..,..,..
GB.XPD.RSDV.GD.ZS,Albania,ALB,..,..,..,..,..,..,..,..,..,..,..,..,..,..,..,..,..,..,..,..,..,..,..,..,..,..,..,..,..,..,..,..,..,..,..,..,..,..,..,..,..,..,..,..,..,..,..,0.09,0.15,..,..,..,..,..,..,..,..,..,..,..,..,..
GB.XPD.RSDV.GD.ZS,Algeria,DZA,..,..,..,..,..,..,..,..,..,..,..,..,..,..,..,..,..,..,..,..,..,..,..,..,..,..,..,..,..,..,..,..,..,..,..,..,..,..,..,..,..,0.23,0.37,0.20,0.16,0.07,..,..,..,..,..,..,..,..,..,..,..,0.53,..,..,..,..
GB.XPD.RSDV.GD.ZS,American Samoa,ASM,..,..,..,..,..,..,..,..,..,..,..,..,..,..,..,..,..,..,..,..,..,..,..,..,..,..,..,..,..,..,..,..,..,..,..,..,..,..,..,..,..,..,..,0.19,0.33,0.37,0.40,..,..,..,..,..,..,..,..,..,..,..,..,..,..,..
GB.XPD.RSDV.GD.ZS,Andorra,AND,..,..,..,..,..,..,..,..,..,..,..,..,..,..,..,..,..,..,..,..,..,..,..,..,..,..,..,..,..,..,..,..,..,..,..,..,..,..,..,..,..,..,..,..,..,..,..,..,..,..,..,..,..,..,..,..,..,..,..,..,..,..
GB.XPD.RSDV.GD.ZS,Angola,AGO,..,..,..,..,..,..,..,..,..,..,..,..,..,..,..,..,..,..,..,..,..,..,..,..,..,..,..,..,..,..,..,..,..,..,..,..,..,..,..,..,..,..,..,..,..,..,..,..,..,..,..,..,..,..,..,..,0.03,..,..,..,..,..
GB.XPD.RSDV.GD.ZS,Antigua and Barbuda,ATG,..,..,..,..,..,..,..,..,..,..,..,..,..,..,..,..,..,..,..,..,..,..,..,..,..,..,..,..,..,..,..,..,..,..,..,..,..,..,..,..,..,..,..,..,..,..,..,..,..,..,..,..,..,..,..,..,..,..,..,..,..,..
GB.XPD.RSDV.GD.ZS,Argentina,ARG,..,..,..,..,..,..,..,..,..,..,..,..,..,..,..,..,..,..,..,..,..,..,..,..,..,..,..,..,..,..,..,..,..,..,..,..,0.42,0.42,0.41,0.45,0.44,0.42,0.39,0.41,0.40,0.42,0.45,0.46,0.47,0.58,0.56,0.57,0.63,0.62,0.59,0.62,0.56,0.56,0.49,0.48,0.54,0.52
GB.XPD.RSDV.GD.ZS,Armenia,ARM,..,..,..,..,..,..,..,..,..,..,..,..,..,..,..,..,..,..,..,..,..,..,..,..,..,..,..,..,..,..,..,..,..,..,..,..,..,0.19,0.23,0.21,0.19,0.28,0.25,0.32,0.26,0.26,0.24,0.21,0.22,0.29,0.24,0.27,0.24,0.22,0.24,0.25,0.23,0.23,0.19,0.18,0.21,0.21
GB.XPD.RSDV.GD.ZS,Aruba,ABW,..,..,..,..,..,..,..,..,..,..,..,..,..,..,..,..,..,..,..,..,..,..,..,..,..,..,..,..,..,..,..,..,..,..,..,..,..,..,..,..,..,..,..,..,..,..,..,..,..,..,..,..,..,..,..,..,..,..,..,..,..,..
GB.XPD.RSDV.GD.ZS,Australia,AUS,..,..,..,..,..,..,..,..,..,..,..,..,..,..,..,..,..,..,..,..,..,..,..,..,..,..,..,..,..,..,..,..,..,..,..,..,1.66,..,1.51,..,1.57,..,1.75,..,1.85,..,2.18,..,2.40,..,2.37,2.23,..,2.18,..,1.92,..,1.88,..,1.83,..,..
GB.XPD.RSDV.GD.ZS,Austria,AUT,..,..,..,..,..,..,..,..,..,..,..,..,..,..,..,..,..,..,..,..,..,..,..,..,..,..,..,..,..,..,..,..,..,..,..,..,1.58,1.65,1.73,1.85,1.89,1.99,2.07,2.17,2.17,2.37,2.36,2.42,2.57,2.60,2.73,2.67,2.91,2.95,3.08,3.05,3.12,3.06,3.09,3.13,3.20,3.26
GB.XPD.RSDV.GD.ZS,Azerbaijan,AZE,..,..,..,..,..,..,..,..,..,..,..,..,..,..,..,..,..,..,..,..,..,..,..,..,..,..,..,..,..,..,..,..,..,..,..,..,0.24,0.37,0.42,0.39,0.34,0.34,0.30,0.32,0.30,0.22,0.17,0.17,0.17,0.25,0.22,0.21,0.21,0.21,0.21,0.22,0.21,0.18,0.18,0.20,0.22,0.21
GB.XPD.RSDV.GD.ZS,"Bahamas, The",BHS,..,..,..,..,..,..,..,..,..,..,..,..,..,..,..,..,..,..,..,..,..,..,..,..,..,..,..,..,..,..,..,..,..,..,..,..,..,..,..,..,..,..,..,..,..,..,..,..,..,..,..,..,..,..,..,..,..,..,..,..,..,..
GB.XPD.RSDV.GD.ZS,Bahrain,BHR,..,..,..,..,..,..,..,..,..,..,..,..,..,..,..,..,..,..,..,..,..,..,..,..,..,..,..,..,..,..,..,..,..,..,..,..,..,..,..,..,..,..,..,..,..,..,..,..,..,..,..,..,..,..,0.10,..,..,..,..,..,..,..
GB.XPD.RSDV.GD.ZS,Bangladesh,BGD,..,..,..,..,..,..,..,..,..,..,..,..,..,..,..,..,..,..,..,..,..,..,..,..,..,..,..,..,..,..,..,..,..,..,..,..,..,..,..,..,..,..,..,..,..,..,..,..,..,..,..,..,..,..,..,..,..,..,..,..,..,..
GB.XPD.RSDV.GD.ZS,Barbados,BRB,..,..,..,..,..,..,..,..,..,..,..,..,..,..,..,..,..,..,..,..,..,..,..,..,..,..,..,..,..,..,..,..,..,..,..,..,..,..,..,..,..,..,..,..,..,..,..,..,..,..,..,..,..,..,..,..,..,..,..,..,..,..
GB.XPD.RSDV.GD.ZS,Belarus,BLR,..,..,..,..,..,..,..,..,..,..,..,..,..,..,..,..,..,..,..,..,..,..,..,..,..,..,..,..,..,..,..,..,..,..,..,..,1.00,0.73,0.71,0.85,0.72,0.71,0.62,0.61,0.63,0.68,0.66,0.96,0.74,0.62,0.67,0.68,0.65,0.65,0.51,0.50,0.50,0.58,0.60,0.58,0.54,0.46
GB.XPD.RSDV.GD.ZS,Belgium,BEL,..,..,..,..,..,..,..,..,..,..,..,..,..,..,..,..,..,..,..,..,..,..,..,..,..,..,..,..,..,..,..,..,..,..,..,..,1.74,1.81,1.84,1.91,1.94,2.03,1.90,1.84,1.82,1.79,1.82,1.85,1.94,2.00,2.06,2.17,2.28,2.33,2.37,2.43,2.52,2.67,2.86,3.16,3.40,3.43
GB.XPD.RSDV.GD.ZS,Belize,BLZ,..,..,..,..,..,..,..,..,..,..,..,..,..,..,..,..,..,..,..,..,..,..,..,..,..,..,..,..,..,..,..,..,..,..,..,..,..,..,..,..,..,..,..,..,..,..,..,..,..,..,..,..,..,..,..,..,..,..,..,..,..,..
GB.XPD.RSDV.GD.ZS,Benin,BEN,..,..,..,..,..,..,..,..,..,..,..,..,..,..,..,..,..,..,..,..,..,..,..,..,..,..,..,..,..,..,..,..,..,..,..,..,..,..,..,..,..,..,..,..,..,..,..,..,..,..,..,..,..,..,..,..,..,..,..,..,..,..
GB.XPD.RSDV.GD.ZS,Bermuda,BMU,..,..,..,..,..,..,..,..,..,..,..,..,..,..,..,..,..,..,..,..,..,..,..,..,..,..,..,..,..,..,..,..,..,..,..,..,..,0.06,..,..,..,..,..,..,..,..,..,0.16,0.17,0.18,0.18,0.26,0.23,0.20,0.19,0.20,..,..,0.23,0.26,0.23,..
GB.XPD.RSDV.GD.ZS,Bhutan,BTN,..,..,..,..,..,..,..,..,..,..,..,..,..,..,..,..,..,..,..,..,..,..,..,..,..,..,..,..,..,..,..,..,..,..,..,..,..,..,..,..,..,..,..,..,..,..,..,..,..,..,..,..,..,..,..,..,..,..,..,..,..,..
GB.XPD.RSDV.GD.ZS,Bolivia,BOL,..,..,..,..,..,..,..,..,..,..,..,..,..,..,..,..,..,..,..,..,..,..,..,..,..,..,..,..,..,..,..,..,..,..,..,..,0.33,0.32,0.29,0.30,0.29,0.29,0.28,..,..,..,..,..,..,0.16,..,..,..,..,..,..,..,..,..,..,..,..
GB.XPD.RSDV.GD.ZS,Bosnia and Herzegovina,BIH,..,..,..,..,..,..,..,..,..,..,..,..,..,..,..,..,..,..,..,..,..,..,..,..,..,..,..,..,..,..,..,..,..,..,..,..,..,..,..,..,..,..,..,0.02,0.02,0.03,0.02,0.03,0.02,0.02,..,..,0.27,0.32,0.26,0.22,0.21,0.20,0.19,0.19,0.20,0.19
GB.XPD.RSDV.GD.ZS,Botswana,BWA,..,..,..,..,..,..,..,..,..,..,..,..,..,..,..,..,..,..,..,..,..,..,..,..,..,..,..,..,..,..,..,..,..,..,..,..,..,..,..,..,..,..,..,..,..,0.53,..,..,..,..,..,..,0.27,0.56,..,..,..,..,..,..,..,..
GB.XPD.RSDV.GD.ZS,Brazil,BRA,..,..,..,..,..,..,..,..,..,..,..,..,..,..,..,..,..,..,..,..,..,..,..,..,..,..,..,..,..,..,..,..,..,..,..,..,..,..,..,..,1.05,1.06,1.01,1.00,0.96,1.00,0.99,1.08,1.13,1.12,1.16,1.14,1.13,1.20,1.27,1.37,1.29,1.12,1.17,1.21,1.15,..
GB.XPD.RSDV.GD.ZS,British Virgin Islands,VGB,..,..,..,..,..,..,..,..,..,..,..,..,..,..,..,..,..,..,..,..,..,..,..,..,..,..,..,..,..,..,..,..,..,..,..,..,..,..,..,..,..,..,..,..,..,..,..,..,..,..,..,..,..,..,..,..,..,..,..,..,..,..
GB.XPD.RSDV.GD.ZS,Brunei Darussalam,BRN,..,..,..,..,..,..,..,..,..,..,..,..,..,..,..,..,..,..,..,..,..,..,..,..,..,..,..,..,..,..,..,..,..,..,..,..,..,..,..,..,..,..,0.02,0.02,0.04,..,..,..,..,..,..,..,..,..,..,..,..,..,0.28,..,..,..
GB.XPD.RSDV.GD.ZS,Bulgaria,BGR,..,..,..,..,..,..,..,..,..,..,..,..,..,..,..,..,..,..,..,..,..,..,..,..,..,..,..,..,..,..,..,..,..,..,..,..,0.42,0.47,0.48,0.54,0.50,0.45,0.46,0.47,0.47,0.44,0.44,0.43,0.45,0.49,0.56,0.53,0.60,0.63,0.79,0.95,0.77,0.74,0.75,0.83,0.85,0.77
GB.XPD.RSDV.GD.ZS,Burkina Faso,BFA,..,..,..,..,..,..,..,..,..,..,..,..,..,..,..,..,..,..,..,..,..,..,..,..,..,..,..,..,..,..,..,..,..,..,..,..,0.16,0.18,..,..,..,0.17,0.30,0.24,0.22,0.15,..,0.10,0.17,0.18,..,..,..,..,0.20,..,..,0.61,..,0.17,0.25,0.25
GB.XPD.RSDV.GD.ZS,Burundi,BDI,..,..,..,..,..,..,..,..,..,..,..,..,..,..,..,..,..,..,..,..,..,..,..,..,..,..,..,..,..,..,..,..,..,..,..,..,..,..,..,..,..,..,..,..,..,..,..,0.20,0.15,0.14,0.14,..,0.11,..,..,..,..,..,0.21,..,..,..
GB.XPD.RSDV.GD.ZS,Cabo Verde,CPV,..,..,..,..,..,..,..,..,..,..,..,..,..,..,..,..,..,..,..,..,..,..,..,..,..,..,..,..,..,..,..,..,..,..,..,..,..,..,..,..,..,..,..,..,..,..,..,..,..,..,..,0.07,..,..,..,..,..,..,..,..,..,..
GB.XPD.RSDV.GD.ZS,Cambodia,KHM,..,..,..,..,..,..,..,..,..,..,..,..,..,..,..,..,..,..,..,..,..,..,..,..,..,..,..,..,..,..,..,..,..,..,..,..,..,..,..,..,..,..,0.05,..,..,..,..,..,..,..,..,..,..,..,..,0.12,..,..,..,..,..,..
GB.XPD.RSDV.GD.ZS,Cameroon,CMR,..,..,..,..,..,..,..,..,..,..,..,..,..,..,..,..,..,..,..,..,..,..,..,..,..,..,..,..,..,..,..,..,..,..,..,..,..,..,..,..,..,..,..,..,..,..,..,..,..,..,..,..,..,..,..,..,..,..,..,..,..,..
GB.XPD.RSDV.GD.ZS,Canada,CAN,..,..,..,..,..,..,..,..,..,..,..,..,..,..,..,..,..,..,..,..,..,..,..,..,..,..,..,..,..,..,..,..,..,..,..,..,1.61,1.61,1.71,1.75,1.86,2.02,1.97,1.97,2.00,1.97,1.94,1.90,1.86,1.92,1.83,1.79,1.77,1.71,1.71,1.69,1.73,1.69,1.74,1.76,1.89,1.70
GB.XPD.RSDV.GD.ZS,Cayman Islands,CYM,..,..,..,..,..,..,..,..,..,..,..,..,..,..,..,..,..,..,..,..,..,..,..,..,..,..,..,..,..,..,..,..,..,..,..,..,..,..,..,..,..,..,..,..,..,..,..,..,..,..,..,..,..,..,..,..,..,..,..,..,..,..
GB.XPD.RSDV.GD.ZS,Central African Republic,CAF,..,..,..,..,..,..,..,..,..,..,..,..,..,..,..,..,..,..,..,..,..,..,..,..,..,..,..,..,..,..,..,..,..,..,..,..,..,..,..,..,..,..,..,..,..,..,..,..,..,..,..,..,..,..,..,..,..,..,..,..,..,..
GB.XPD.RSDV.GD.ZS,Chad,TCD,..,..,..,..,..,..,..,..,..,..,..,..,..,..,..,..,..,..,..,..,..,..,..,..,..,..,..,..,..,..,..,..,..,..,..,..,..,..,..,..,..,..,..,..,..,..,..,..,..,..,..,..,..,..,..,..,0.30,..,..,..,..,..
GB.XPD.RSDV.GD.ZS,Channel Islands,CHI,..,..,..,..,..,..,..,..,..,..,..,..,..,..,..,..,..,..,..,..,..,..,..,..,..,..,..,..,..,..,..,..,..,..,..,..,..,..,..,..,..,..,..,..,..,..,..,..,..,..,..,..,..,..,..,..,..,..,..,..,..,..
GB.XPD.RSDV.GD.ZS,Chile,CHL,..,..,..,..,..,..,..,..,..,..,..,..,..,..,..,..,..,..,..,..,..,..,..,..,..,..,..,..,..,..,..,..,..,..,..,..,..,..,..,..,..,..,..,..,..,..,..,0.31,0.37,0.35,0.33,0.35,0.36,0.39,0.38,0.38,0.37,0.36,0.37,0.34,0.33,..
GB.XPD.RSDV.GD.ZS,China,CHN,..,..,..,..,..,..,..,..,..,..,..,..,..,..,..,..,..,..,..,..,..,..,..,..,..,..,..,..,..,..,..,..,..,..,..,..,0.56,0.64,0.65,0.75,0.89,0.94,1.06,1.12,1.21,1.31,1.37,1.37,1.45,1.66,1.71,1.78,1.91,2.00,2.02,2.06,2.10,2.12,2.14,2.24,2.41,2.43
GB.XPD.RSDV.GD.ZS,Colombia,COL,..,..,..,..,..,..,..,..,..,..,..,..,..,..,..,..,..,..,..,..,..,..,..,..,..,..,..,..,..,..,..,..,..,..,..,..,..,..,..,..,0.13,0.13,0.16,0.17,0.17,0.17,0.16,0.18,0.20,0.19,0.19,0.20,0.22,0.26,0.30,0.37,0.27,0.26,0.31,0.32,0.29,..
GB.XPD.RSDV.GD.ZS,Comoros,COM,..,..,..,..,..,..,..,..,..,..,..,..,..,..,..,..,..,..,..,..,..,..,..,..,..,..,..,..,..,..,..,..,..,..,..,..,..,..,..,..,..,..,..,..,..,..,..,..,..,..,..,..,..,..,..,..,..,..,..,..,..,..
GB.XPD.RSDV.GD.ZS,"Congo, Dem. Rep.",COD,..,..,..,..,..,..,..,..,..,..,..,..,..,..,..,..,..,..,..,..,..,..,..,..,..,..,..,..,..,..,..,..,..,..,..,..,..,..,..,..,..,..,..,..,0.27,0.06,0.06,0.14,0.08,0.08,..,..,..,..,..,0.41,..,..,..,..,..,..
GB.XPD.RSDV.GD.ZS,"Congo, Rep.",COG,..,..,..,..,..,..,..,..,..,..,..,..,..,..,..,..,..,..,..,..,..,..,..,..,..,..,..,..,..,..,..,..,..,..,..,..,..,..,..,..,..,..,..,..,..,..,..,..,..,..,..,..,..,..,..,..,..,..,..,..,..,..
GB.XPD.RSDV.GD.ZS,Costa Rica,CRI,..,..,..,..,..,..,..,..,..,..,..,..,..,..,..,..,..,..,..,..,..,..,..,..,..,..,..,..,..,..,..,..,..,..,..,..,0.30,0.30,0.27,0.37,0.41,..,..,0.36,0.37,..,0.43,0.36,0.39,0.52,0.48,0.46,0.55,0.54,0.56,0.44,0.44,0.43,0.37,..,0.33,0.28
GB.XPD.RSDV.GD.ZS,Cote d'Ivoire,CIV,..,..,..,..,..,..,..,..,..,..,..,..,..,..,..,..,..,..,..,..,..,..,..,..,..,..,..,..,..,..,..,..,..,..,..,..,..,..,..,..,..,..,..,..,..,..,..,..,..,..,..,..,..,..,..,..,0.07,..,..,..,..,..
GB.XPD.RSDV.GD.ZS,Croatia,HRV,..,..,..,..,..,..,..,..,..,..,..,..,..,..,..,..,..,..,..,..,..,..,..,..,..,..,..,..,..,..,..,..,..,..,..,..,..,..,..,0.83,1.04,0.92,0.94,0.94,1.02,0.85,0.73,0.78,0.88,0.84,0.73,0.74,0.74,0.80,0.77,0.83,0.85,0.85,0.95,1.08,1.24,1.24
GB.XPD.RSDV.GD.ZS,Cuba,CUB,..,..,..,..,..,..,..,..,..,..,..,..,..,..,..,..,..,..,..,..,..,..,..,..,..,..,..,..,..,..,..,..,..,..,..,..,0.35,0.40,0.50,0.46,0.48,0.57,0.56,0.58,0.60,0.55,0.44,0.44,0.50,0.61,0.61,0.27,0.41,0.47,0.42,0.43,0.34,0.43,0.54,0.55,0.52,0.32
GB.XPD.RSDV.GD.ZS,Curacao,CUW,..,..,..,..,..,..,..,..,..,..,..,..,..,..,..,..,..,..,..,..,..,..,..,..,..,..,..,..,..,..,..,..,..,..,..,..,..,..,..,..,..,..,..,..,..,..,..,..,..,..,..,..,..,..,..,..,..,..,..,..,..,..
GB.XPD.RSDV.GD.ZS,Cyprus,CYP,..,..,..,..,..,..,..,..,..,..,..,..,..,..,..,..,..,..,..,..,..,..,..,..,..,..,..,..,..,..,..,..,..,..,..,..,..,..,0.20,0.22,0.23,0.24,0.28,0.32,0.34,0.37,0.38,0.40,0.39,0.44,0.44,0.45,0.44,0.48,0.51,0.48,0.52,0.54,0.61,0.71,0.84,0.83
GB.XPD.RSDV.GD.ZS,Czechia,CZE,..,..,..,..,..,..,..,..,..,..,..,..,..,..,..,..,..,..,..,..,..,..,..,..,..,..,..,..,..,..,..,..,..,..,..,..,0.89,0.99,1.06,1.05,1.11,1.10,1.10,1.14,1.14,1.16,1.23,1.30,1.23,1.29,1.33,1.54,1.77,1.88,1.96,1.92,1.67,1.77,1.90,1.93,1.99,2.00
GB.XPD.RSDV.GD.ZS,Denmark,DNK,..,..,..,..,..,..,..,..,..,..,..,..,..,..,..,..,..,..,..,..,..,..,..,..,..,..,..,..,..,..,..,..,..,..,..,..,1.81,1.89,2.01,2.13,2.19,2.32,2.44,2.51,2.42,2.39,2.40,2.52,2.77,3.06,2.92,2.94,2.98,2.97,2.91,3.05,3.09,2.93,2.97,2.90,2.97,2.81
GB.XPD.RSDV.GD.ZS,Djibouti,DJI,..,..,..,..,..,..,..,..,..,..,..,..,..,..,..,..,..,..,..,..,..,..,..,..,..,..,..,..,..,..,..,..,..,..,..,..,..,..,..,..,..,..,..,..,..,..,..,..,..,..,..,..,..,..,..,..,..,..,..,..,..,..
GB.XPD.RSDV.GD.ZS,Dominica,DMA,..,..,..,..,..,..,..,..,..,..,..,..,..,..,..,..,..,..,..,..,..,..,..,..,..,..,..,..,..,..,..,..,..,..,..,..,..,..,..,..,..,..,..,..,..,..,..,..,..,..,..,..,..,..,..,..,..,..,..,..,..,..
GB.XPD.RSDV.GD.ZS,Dominican Republic,DOM,..,..,..,..,..,..,..,..,..,..,..,..,..,..,..,..,..,..,..,..,..,..,..,..,..,..,..,..,..,..,..,..,..,..,..,..,..,..,..,..,..,..,..,..,..,..,..,..,..,..,..,..,..,..,..,..,..,..,..,..,..,..
GB.XPD.RSDV.GD.ZS,Ecuador,ECU,..,..,..,..,..,..,..,..,..,..,..,..,..,..,..,..,..,..,..,..,..,..,..,..,..,..,..,..,..,..,..,..,..,..,..,..,0.07,0.06,0.07,..,..,0.05,0.06,0.06,..,..,0.13,0.13,0.23,0.39,0.40,0.34,0.33,0.38,0.44,..,..,..,..,..,..,..
GB.XPD.RSDV.GD.ZS,"Egypt, Arab Rep.",EGY,..,..,..,..,..,..,..,..,..,..,..,..,..,..,..,..,..,..,..,..,..,..,..,..,..,..,..,..,..,..,..,..,..,..,..,..,0.21,0.20,0.20,0.19,0.19,..,..,..,0.27,0.24,0.26,0.26,0.27,0.43,0.43,0.53,0.51,0.64,0.64,0.72,0.71,0.64,0.69,0.80,0.92,0.91
GB.XPD.RSDV.GD.ZS,El Salvador,SLV,..,..,..,..,..,..,..,..,..,..,..,..,..,..,..,..,..,..,..,..,..,..,..,..,..,..,..,..,..,..,..,..,..,..,..,..,..,..,0.09,..,..,..,..,..,..,..,..,0.11,0.13,0.09,0.08,0.04,0.03,0.06,0.09,0.14,0.14,0.18,0.17,0.17,0.16,0.16
GB.XPD.RSDV.GD.ZS,Equatorial Guinea,GNQ,..,..,..,..,..,..,..,..,..,..,..,..,..,..,..,..,..,..,..,..,..,..,..,..,..,..,..,..,..,..,..,..,..,..,..,..,..,..,..,..,..,..,..,..,..,..,..,..,..,..,..,..,..,..,..,..,..,..,..,..,..,..
GB.XPD.RSDV.GD.ZS,Eritrea,ERI,..,..,..,..,..,..,..,..,..,..,..,..,..,..,..,..,..,..,..,..,..,..,..,..,..,..,..,..,..,..,..,..,..,..,..,..,..,..,..,..,..,..,..,..,..,..,..,..,..,..,..,..,..,..,..,..,..,..,..,..,..,..
GB.XPD.RSDV.GD.ZS,Estonia,EST,..,..,..,..,..,..,..,..,..,..,..,..,..,..,..,..,..,..,..,..,..,..,..,..,..,..,..,..,..,..,..,..,..,..,..,..,..,..,0.57,0.68,0.60,0.70,0.71,0.76,0.85,0.92,1.11,1.06,1.25,1.40,1.58,2.31,2.12,1.72,1.43,1.47,1.24,1.28,1.41,1.63,1.75,1.75
GB.XPD.RSDV.GD.ZS,Ethiopia,ETH,..,..,..,..,..,..,..,..,..,..,..,..,..,..,..,..,..,..,..,..,..,..,..,..,..,..,..,..,..,..,..,..,..,..,..,..,..,..,..,..,..,..,..,..,..,0.18,..,0.17,..,..,0.24,..,..,0.60,..,..,..,0.27,..,..,..,..
GB.XPD.RSDV.GD.ZS,Faroe Islands,FRO,..,..,..,..,..,..,..,..,..,..,..,..,..,..,..,..,..,..,..,..,..,..,..,..,..,..,..,..,..,..,..,..,..,..,..,..,..,..,..,..,..,..,..,0.85,..,..,..,..,..,..,..,..,..,..,..,..,..,..,..,..,..,..
GB.XPD.RSDV.GD.ZS,Fiji,FJI,..,..,..,..,..,..,..,..,..,..,..,..,..,..,..,..,..,..,..,..,..,..,..,..,..,..,..,..,..,..,..,..,..,..,..,..,..,..,..,..,..,..,..,..,..,..,..,..,..,..,..,..,..,..,..,..,..,..,..,..,..,..
GB.XPD.RSDV.GD.ZS,Finland,FIN,..,..,..,..,..,..,..,..,..,..,..,..,..,..,..,..,..,..,..,..,..,..,..,..,..,..,..,..,..,..,..,..,..,..,..,..,2.45,2.62,2.78,3.06,3.24,3.19,3.25,3.30,3.31,3.32,3.33,3.34,3.54,3.73,3.71,3.62,3.40,3.27,3.15,2.87,2.72,2.73,2.76,2.80,2.91,2.99
GB.XPD.RSDV.GD.ZS,France,FRA,..,..,..,..,..,..,..,..,..,..,..,..,..,..,..,..,..,..,..,..,..,..,..,..,..,..,..,..,..,..,..,..,..,..,..,..,2.22,2.15,2.09,2.11,2.09,2.14,2.17,2.12,2.09,2.05,2.05,2.02,2.06,2.21,2.18,2.19,2.23,2.24,2.28,2.23,2.22,2.20,2.20,2.19,2.28,2.22
GB.XPD.RSDV.GD.ZS,French Polynesia,PYF,..,..,..,..,..,..,..,..,..,..,..,..,..,..,..,..,..,..,..,..,..,..,..,..,..,..,..,..,..,..,..,..,..,..,..,..,..,..,..,..,..,..,..,..,..,..,..,..,..,..,..,..,..,..,..,..,..,..,..,..,..,..
GB.XPD.RSDV.GD.ZS,Gabon,GAB,..,..,..,..,..,..,..,..,..,..,..,..,..,..,..,..,..,..,..,..,..,..,..,..,..,..,..,..,..,..,..,..,..,..,..,..,..,..,..,..,..,..,..,..,..,..,..,0.42,0.51,0.58,..,..,..,..,..,..,..,..,..,..,..,..
GB.XPD.RSDV.GD.ZS,"Gambia, The",GMB,..,..,..,..,..,..,..,..,..,..,..,..,..,..,..,..,..,..,..,..,..,..,..,..,..,..,..,..,..,..,..,..,..,..,..,..,..,..,..,..,..,..,..,..,..,..,..,..,0.01,0.01,..,0.08,..,..,..,..,..,..,0.07,..,..,..
GB.XPD.RSDV.GD.ZS,Georgia,GEO,..,..,..,..,..,..,..,..,..,..,..,..,..,..,..,..,..,..,..,..,..,..,..,..,..,..,..,..,..,..,..,..,..,..,..,..,0.33,0.34,0.35,0.29,0.22,0.24,0.19,0.22,0.24,0.18,..,..,..,..,..,..,..,0.08,0.17,0.30,0.29,0.27,0.28,0.28,0.30,0.25
GB.XPD.RSDV.GD.ZS,Germany,DEU,..,..,..,..,..,..,..,..,..,..,..,..,..,..,..,..,..,..,..,..,..,..,..,..,..,..,..,..,..,..,..,..,..,..,..,..,2.14,2.19,2.22,2.35,2.41,2.40,2.44,2.47,2.44,2.44,2.47,2.46,2.62,2.74,2.73,2.81,2.88,2.84,2.88,2.93,2.94,3.05,3.11,3.17,3.13,3.14
GB.XPD.RSDV.GD.ZS,Ghana,GHA,..,..,..,..,..,..,..,..,..,..,..,..,..,..,..,..,..,..,..,..,..,..,..,..,..,..,..,..,..,..,..,..,..,..,..,..,..,..,..,..,..,..,..,..,..,..,..,0.23,..,..,0.38,..,..,..,..,..,..,..,..,..,..,..
GB.XPD.RSDV.GD.ZS,Gibraltar,GIB,..,..,..,..,..,..,..,..,..,..,..,..,..,..,..,..,..,..,..,..,..,..,..,..,..,..,..,..,..,..,..,..,..,..,..,..,..,..,..,..,..,..,..,..,..,..,..,..,..,..,..,..,..,..,..,..,..,..,..,..,..,..
GB.XPD.RSDV.GD.ZS,Greece,GRC,..,..,..,..,..,..,..,..,..,..,..,..,..,..,..,..,..,..,..,..,..,..,..,..,..,..,..,..,..,..,..,..,..,..,..,..,..,0.43,..,0.57,..,0.56,..,0.55,0.53,0.58,0.56,0.58,0.66,0.63,0.60,0.68,0.71,0.81,0.84,0.97,1.01,1.15,1.21,1.27,1.51,1.46
GB.XPD.RSDV.GD.ZS,Greenland,GRL,..,..,..,..,..,..,..,..,..,..,..,..,..,..,..,..,..,..,..,..,..,..,..,..,..,..,..,..,..,..,..,..,..,..,..,..,..,..,..,..,..,0.53,0.56,0.51,0.65,..,..,..,..,..,..,..,..,..,..,..,..,..,..,..,..,..
GB.XPD.RSDV.GD.ZS,Grenada,GRD,..,..,..,..,..,..,..,..,..,..,..,..,..,..,..,..,..,..,..,..,..,..,..,..,..,..,..,..,..,..,..,..,..,..,..,..,..,..,..,..,..,..,..,..,..,..,..,..,..,..,..,..,..,..,..,..,..,..,..,..,..,..
GB.XPD.RSDV.GD.ZS,Guam,GUM,..,..,..,..,..,..,..,..,..,..,..,..,..,..,..,..,..,..,..,..,..,..,..,..,..,..,..,..,..,..,..,..,..,..,..,..,..,..,..,..,..,..,..,0.27,0.26,0.26,..,..,..,..,..,..,..,..,..,..,..,..,..,..,..,..
GB.XPD.RSDV.GD.ZS,Guatemala,GTM,..,..,..,..,..,..,..,..,..,..,..,..,..,..,..,..,..,..,..,..,..,..,..,..,..,..,..,..,..,..,..,..,..,..,..,..,..,..,..,..,..,..,..,..,..,0.04,0.05,0.07,0.06,0.06,0.04,0.05,0.05,0.04,0.03,0.03,0.02,0.03,0.03,0.03,0.05,0.06
GB.XPD.RSDV.GD.ZS,Guinea,GIN,..,..,..,..,..,..,..,..,..,..,..,..,..,..,..,..,..,..,..,..,..,..,..,..,..,..,..,..,..,..,..,..,..,..,..,..,..,..,..,..,..,..,..,..,..,..,..,..,..,..,..,..,..,..,..,..,..,..,..,..,..,..
GB.XPD.RSDV.GD.ZS,Guinea-Bissau,GNB,..,..,..,..,..,..,..,..,..,..,..,..,..,..,..,..,..,..,..,..,..,..,..,..,..,..,..,..,..,..,..,..,..,..,..,..,..,..,..,..,..,..,..,..,..,..,..,..,..,..,..,..,..,..,..,..,..,..,..,..,..,..
GB.XPD.RSDV.GD.ZS,Guyana,GUY,..,..,..,..,..,..,..,..,..,..,..,..,..,..,..,..,..,..,..,..,..,..,..,..,..,..,..,..,..,..,..,..,..,..,..,..,..,..,..,..,..,..,..,..,..,..,..,..,..,..,..,..,..,..,..,..,..,..,..,..,..,..
GB.XPD.RSDV.GD.ZS,Haiti,HTI,..,..,..,..,..,..,..,..,..,..,..,..,..,..,..,..,..,..,..,..,..,..,..,..,..,..,..,..,..,..,..,..,..,..,..,..,..,..,..,..,..,..,..,..,..,..,..,..,..,..,..,..,..,..,..,..,..,..,..,..,..,..
GB.XPD.RSDV.GD.ZS,Honduras,HND,..,..,..,..,..,..,..,..,..,..,..,..,..,..,..,..,..,..,..,..,..,..,..,..,..,..,..,..,..,..,..,..,..,..,..,..,..,..,..,..,0.04,0.04,0.04,0.04,0.04,..,..,..,..,..,..,..,..,..,..,0.01,..,0.04,0.06,0.06,..,..
GB.XPD.RSDV.GD.ZS,"Hong Kong SAR, China",HKG,..,..,..,..,..,..,..,..,..,..,..,..,..,..,..,..,..,..,..,..,..,..,..,..,..,..,..,..,..,..,..,..,..,..,..,..,..,..,0.43,0.46,0.46,0.54,0.58,0.68,0.72,0.77,0.79,0.75,0.72,0.77,0.75,0.72,0.73,0.73,0.74,0.76,0.79,0.84,0.86,0.93,0.99,0.97
GB.XPD.RSDV.GD.ZS,Hungary,HUN,..,..,..,..,..,..,..,..,..,..,..,..,..,..,..,..,..,..,..,..,..,..,..,..,..,..,..,..,..,..,..,..,..,..,..,..,0.63,0.70,0.66,0.67,0.79,0.91,0.98,0.92,0.86,0.92,0.98,0.95,0.98,1.13,1.13,1.18,1.25,1.38,1.34,1.34,1.18,1.32,1.51,1.47,1.59,1.64
GB.XPD.RSDV.GD.ZS,Iceland,ISL,..,..,..,..,..,..,..,..,..,..,..,..,..,..,..,..,..,..,..,..,..,..,..,..,..,..,..,..,..,..,..,..,..,..,..,..,..,1.80,1.95,2.24,2.57,2.84,2.82,2.71,..,2.68,2.85,2.53,2.46,2.60,..,2.40,..,1.69,1.94,2.18,2.11,2.08,2.00,2.34,2.49,2.81
GB.XPD.RSDV.GD.ZS,India,IND,..,..,..,..,..,..,..,..,..,..,..,..,..,..,..,..,..,..,..,..,..,..,..,..,..,..,..,..,..,..,..,..,..,..,..,..,0.64,0.69,0.70,0.72,0.76,0.74,0.73,0.72,0.76,0.82,0.80,0.81,0.86,0.83,0.79,0.76,0.74,0.71,0.70,0.69,0.67,0.67,0.66,0.66,0.65,..
GB.XPD.RSDV.GD.ZS,Indonesia,IDN,..,..,..,..,..,..,..,..,..,..,..,..,..,..,..,..,..,..,..,..,..,..,..,..,..,..,..,..,..,..,..,..,..,..,..,..,..,..,..,..,0.07,0.05,..,..,..,..,..,..,..,0.08,..,..,..,0.08,..,..,0.25,0.24,0.23,0.27,0.28,..
GB.XPD.RSDV.GD.ZS,"Iran, Islamic Rep.",IRN,..,..,..,..,..,..,..,..,..,..,..,..,..,..,..,..,..,..,..,..,..,..,..,..,..,..,..,..,..,..,..,..,..,..,..,..,..,..,..,..,..,0.50,0.50,0.59,0.50,0.62,0.56,..,0.65,0.27,0.26,..,0.29,0.24,..,0.39,..,0.76,..,0.79,..,..
GB.XPD.RSDV.GD.ZS,Iraq,IRQ,..,..,..,..,..,..,..,..,..,..,..,..,..,..,..,..,..,..,..,..,..,..,..,..,..,..,..,..,..,..,..,..,..,..,..,..,..,..,..,..,..,..,..,..,..,..,..,0.05,0.03,0.05,0.04,0.03,..,..,0.04,0.04,0.04,0.05,0.04,0.03,0.04,0.04
GB.XPD.RSDV.GD.ZS,Ireland,IRL,..,..,..,..,..,..,..,..,..,..,..,..,..,..,..,..,..,..,..,..,..,..,..,..,..,..,..,..,..,..,..,..,..,..,..,..,1.27,1.24,1.21,1.15,1.08,1.05,1.06,1.12,1.18,1.19,1.20,1.23,1.39,1.61,1.59,1.55,1.56,1.57,1.52,1.18,1.18,1.25,1.17,1.23,1.23,1.13
GB.XPD.RSDV.GD.ZS,Isle of Man,IMN,..,..,..,..,..,..,..,..,..,..,..,..,..,..,..,..,..,..,..,..,..,..,..,..,..,..,..,..,..,..,..,..,..,..,..,..,..,..,..,..,..,..,..,..,..,..,..,..,..,..,..,..,..,..,..,..,..,..,..,..,..,..
GB.XPD.RSDV.GD.ZS,Israel,ISR,..,..,..,..,..,..,..,..,..,..,..,..,..,..,..,..,..,..,..,..,..,..,..,..,..,..,..,..,..,..,..,..,..,..,..,..,2.49,2.71,2.82,3.23,3.83,4.06,4.00,3.76,3.75,3.92,4.02,4.30,4.26,4.05,3.86,3.94,4.08,4.03,4.11,4.21,4.47,4.62,4.78,5.22,5.71,5.56
GB.XPD.RSDV.GD.ZS,Italy,ITA,..,..,..,..,..,..,..,..,..,..,..,..,..,..,..,..,..,..,..,..,..,..,..,..,..,..,..,..,..,..,..,..,..,..,..,..,0.95,0.99,1.00,0.98,1.00,1.04,1.08,1.06,1.05,1.04,1.08,1.13,1.16,1.22,1.22,1.20,1.26,1.30,1.34,1.34,1.37,1.37,1.42,1.46,1.51,1.45
GB.XPD.RSDV.GD.ZS,Jamaica,JAM,..,..,..,..,..,..,..,..,..,..,..,..,..,..,..,..,..,..,..,..,..,..,..,..,..,..,..,..,..,..,..,..,..,..,..,..,..,..,..,..,..,0.05,0.06,..,..,..,..,..,..,..,..,..,..,..,..,..,..,..,..,..,..,..
GB.XPD.RSDV.GD.ZS,Japan,JPN,..,..,..,..,..,..,..,..,..,..,..,..,..,..,..,..,..,..,..,..,..,..,..,..,..,..,..,..,..,..,..,..,..,..,..,..,2.64,2.72,2.83,2.85,2.86,2.92,2.97,2.99,2.98,3.13,3.23,3.29,3.29,3.20,3.10,3.21,3.17,3.28,3.37,3.24,3.11,3.17,3.22,3.22,3.27,3.30
GB.XPD.RSDV.GD.ZS,Jordan,JOR,..,..,..,..,..,..,..,..,..,..,..,..,..,..,..,..,..,..,..,..,..,..,..,..,..,..,..,..,..,..,..,..,..,..,..,..,..,..,..,..,..,..,0.34,..,..,..,..,..,0.42,..,..,..,..,..,..,..,0.70,..,..,..,..,..
GB.XPD.RSDV.GD.ZS,Kazakhstan,KAZ,..,..,..,..,..,..,..,..,..,..,..,..,..,..,..,..,..,..,..,..,..,..,..,..,..,..,..,..,..,..,..,..,..,..,..,..,..,0.29,0.22,0.18,0.18,0.22,0.26,0.25,0.25,0.28,0.24,0.21,0.22,0.23,0.15,0.15,0.17,0.17,0.17,0.17,0.14,0.13,0.12,0.12,0.13,0.13
GB.XPD.RSDV.GD.ZS,Kenya,KEN,..,..,..,..,..,..,..,..,..,..,..,..,..,..,..,..,..,..,..,..,..,..,..,..,..,..,..,..,..,..,..,..,..,..,..,..,..,..,..,..,..,..,..,..,..,..,..,0.36,..,..,0.69,..,..,..,..,..,..,..,..,..,..,..
GB.XPD.RSDV.GD.ZS,Kiribati,KIR,..,..,..,..,..,..,..,..,..,..,..,..,..,..,..,..,..,..,..,..,..,..,..,..,..,..,..,..,..,..,..,..,..,..,..,..,..,..,..,..,..,..,..,..,..,..,..,..,..,..,..,..,..,..,..,..,..,..,..,..,..,..
GB.XPD.RSDV.GD.ZS,"Korea, Dem. People's Rep.",PRK,..,..,..,..,..,..,..,..,..,..,..,..,..,..,..,..,..,..,..,..,..,..,..,..,..,..,..,..,..,..,..,..,..,..,..,..,..,..,..,..,..,..,..,..,..,..,..,..,..,..,..,..,..,..,..,..,..,..,..,..,..,..
GB.XPD.RSDV.GD.ZS,"Korea, Rep.",KOR,..,..,..,..,..,..,..,..,..,..,..,..,..,..,..,..,..,..,..,..,..,..,..,..,..,..,..,..,..,..,..,..,..,..,..,..,2.22,2.25,2.11,2.02,2.13,2.28,2.21,2.28,2.44,2.52,2.72,2.87,2.99,3.15,3.32,3.59,3.85,3.95,4.08,3.98,3.99,4.29,4.52,4.63,4.80,4.93
GB.XPD.RSDV.GD.ZS,Kosovo,XKX,..,..,..,..,..,..,..,..,..,..,..,..,..,..,..,..,..,..,..,..,..,..,..,..,..,..,..,..,..,..,..,..,..,..,..,..,..,..,..,..,..,..,..,..,..,..,..,..,..,..,..,..,..,..,..,..,..,..,..,..,..,..
GB.XPD.RSDV.GD.ZS,Kuwait,KWT,..,..,..,..,..,..,..,..,..,..,..,..,..,..,..,..,..,..,..,..,..,..,..,..,..,..,..,..,..,..,..,..,..,..,..,..,..,0.21,0.26,0.20,0.13,0.18,0.18,0.14,0.13,0.10,0.08,0.09,0.09,0.11,0.10,0.10,0.10,0.30,0.43,0.10,0.08,0.08,0.06,0.19,0.19,..
GB.XPD.RSDV.GD.ZS,Kyrgyz Republic,KGZ,..,..,..,..,..,..,..,..,..,..,..,..,..,..,..,..,..,..,..,..,..,..,..,..,..,..,..,..,..,..,..,..,..,..,..,..,..,0.19,0.21,0.18,0.16,0.17,0.20,0.22,0.20,0.20,0.23,0.23,0.19,0.16,0.16,0.16,0.17,0.15,0.13,0.12,0.11,0.11,0.10,0.09,0.09,0.08
GB.XPD.RSDV.GD.ZS,Lao PDR,LAO,..,..,..,..,..,..,..,..,..,..,..,..,..,..,..,..,..,..,..,..,..,..,..,..,..,..,..,..,..,..,..,..,..,..,..,..,..,..,..,..,..,..,0.04,..,..,..,..,..,..,..,..,..,..,..,..,..,..,..,..,..,..,..
GB.XPD.RSDV.GD.ZS,Latvia,LVA,..,..,..,..,..,..,..,..,..,..,..,..,..,..,..,..,..,..,..,..,..,..,..,..,..,..,..,..,..,..,..,..,..,..,..,..,0.40,0.37,0.38,0.35,0.43,0.40,0.41,0.36,0.40,0.53,0.65,0.55,0.58,0.45,0.61,0.72,0.66,0.61,0.69,0.62,0.44,0.51,0.64,0.64,0.73,0.74
GB.XPD.RSDV.GD.ZS,Lebanon,LBN,..,..,..,..,..,..,..,..,..,..,..,..,..,..,..,..,..,..,..,..,..,..,..,..,..,..,..,..,..,..,..,..,..,..,..,..,..,..,..,..,..,..,..,..,..,..,..,..,..,..,..,..,..,..,..,..,..,..,..,..,..,..
GB.XPD.RSDV.GD.ZS,Lesotho,LSO,..,..,..,..,..,..,..,..,..,..,..,..,..,..,..,..,..,..,..,..,..,..,..,..,..,..,..,..,..,..,..,..,..,..,..,..,..,..,..,..,..,..,0.04,0.04,0.06,..,..,..,..,0.03,..,0.01,..,..,..,0.05,..,..,..,..,..,..
GB.XPD.RSDV.GD.ZS,Liberia,LBR,..,..,..,..,..,..,..,..,..,..,..,..,..,..,..,..,..,..,..,..,..,..,..,..,..,..,..,..,..,..,..,..,..,..,..,..,..,..,..,..,..,..,..,..,..,..,..,..,..,..,..,..,..,..,..,..,..,..,..,..,..,..
GB.XPD.RSDV.GD.ZS,Libya,LBY,..,..,..,..,..,..,..,..,..,..,..,..,..,..,..,..,..,..,..,..,..,..,..,..,..,..,..,..,..,..,..,..,..,..,..,..,..,..,..,..,..,..,..,..,..,..,..,..,..,..,..,..,..,..,..,..,..,..,..,..,..,..
GB.XPD.RSDV.GD.ZS,Liechtenstein,LIE,..,..,..,..,..,..,..,..,..,..,..,..,..,..,..,..,..,..,..,..,..,..,..,..,..,..,..,..,..,..,..,..,..,..,..,..,..,..,..,..,..,..,..,..,..,..,..,..,..,..,..,..,..,..,..,..,..,..,..,..,..,..
GB.XPD.RSDV.GD.ZS,Lithuania,LTU,..,..,..,..,..,..,..,..,..,..,..,..,..,..,..,..,..,..,..,..,..,..,..,..,..,..,..,..,..,..,..,..,..,..,..,..,0.49,0.54,0.54,0.50,0.59,0.67,0.66,0.66,0.75,0.75,0.79,0.80,0.79,0.83,0.78,0.90,0.89,0.95,1.03,1.04,0.84,0.90,0.94,0.99,1.13,1.11
GB.XPD.RSDV.GD.ZS,Luxembourg,LUX,..,..,..,..,..,..,..,..,..,..,..,..,..,..,..,..,..,..,..,..,..,..,..,..,..,..,..,..,..,..,..,..,..,..,..,..,..,..,..,..,1.58,..,..,1.62,1.59,1.56,1.65,1.57,1.55,1.59,1.42,1.42,1.21,1.23,1.22,1.25,1.27,1.24,1.17,1.18,1.09,1.04
GB.XPD.RSDV.GD.ZS,"Macao SAR, China",MAC,..,..,..,..,..,..,..,..,..,..,..,..,..,..,..,..,..,..,..,..,..,..,..,..,..,..,..,..,..,..,..,..,..,..,..,..,..,..,..,..,..,0.06,0.07,0.06,0.05,0.09,0.08,0.06,0.10,0.05,0.05,0.04,0.05,0.05,0.09,0.14,0.23,0.17,0.20,0.25,0.45,0.38
GB.XPD.RSDV.GD.ZS,North Macedonia,MKD,..,..,..,..,..,..,..,..,..,..,..,..,..,..,..,..,..,..,..,..,..,..,..,..,..,..,..,..,..,..,..,..,..,..,..,..,..,0.36,0.41,0.33,0.42,0.29,0.24,0.21,0.23,0.23,0.19,0.17,0.22,0.20,0.22,0.22,0.33,0.44,0.52,0.44,0.44,0.35,0.36,0.37,0.37,0.38
GB.XPD.RSDV.GD.ZS,Madagascar,MDG,..,..,..,..,..,..,..,..,..,..,..,..,..,..,..,..,..,..,..,..,..,..,..,..,..,..,..,..,..,..,..,..,..,..,..,..,..,0.18,0.09,0.08,0.10,0.18,0.20,0.29,0.19,0.15,0.14,0.12,0.12,0.13,0.10,0.09,..,..,0.01,..,0.01,0.01,..,..,..,..
GB.XPD.RSDV.GD.ZS,Malawi,MWI,..,..,..,..,..,..,..,..,..,..,..,..,..,..,..,..,..,..,..,..,..,..,..,..,..,..,..,..,..,..,..,..,..,..,..,..,..,..,..,..,..,..,..,..,..,..,..,..,..,..,..,..,..,..,..,..,..,..,..,..,..,..
GB.XPD.RSDV.GD.ZS,Malaysia,MYS,..,..,..,..,..,..,..,..,..,..,..,..,..,..,..,..,..,..,..,..,..,..,..,..,..,..,..,..,..,..,..,..,..,..,..,..,0.22,..,0.40,..,0.47,..,0.65,..,0.60,..,0.61,..,0.79,1.01,1.04,1.03,1.09,..,1.26,1.28,1.42,..,1.04,..,0.95,..
GB.XPD.RSDV.GD.ZS,Maldives,MDV,..,..,..,..,..,..,..,..,..,..,..,..,..,..,..,..,..,..,..,..,..,..,..,..,..,..,..,..,..,..,..,..,..,..,..,..,..,..,..,..,..,..,..,..,..,..,..,..,..,..,..,..,..,..,..,..,..,..,..,..,..,..
GB.XPD.RSDV.GD.ZS,Mali,MLI,..,..,..,..,..,..,..,..,..,..,..,..,..,..,..,..,..,..,..,..,..,..,..,..,..,..,..,..,..,..,..,..,..,..,..,..,..,..,..,..,..,..,..,..,..,..,..,0.22,..,..,0.58,..,..,..,..,0.31,..,0.29,..,0.16,..,0.17
GB.XPD.RSDV.GD.ZS,Malta,MLT,..,..,..,..,..,..,..,..,..,..,..,..,..,..,..,..,..,..,..,..,..,..,..,..,..,..,..,..,..,..,..,..,..,..,..,..,..,..,..,..,..,..,0.24,0.24,0.49,0.53,0.58,0.55,0.53,0.51,0.59,0.67,0.80,0.74,0.69,0.72,0.56,0.55,0.58,0.56,0.65,0.67
GB.XPD.RSDV.GD.ZS,Marshall Islands,MHL,..,..,..,..,..,..,..,..,..,..,..,..,..,..,..,..,..,..,..,..,..,..,..,..,..,..,..,..,..,..,..,..,..,..,..,..,..,..,..,..,..,..,..,..,..,..,..,..,..,..,..,..,..,..,..,..,..,..,..,..,..,..
GB.XPD.RSDV.GD.ZS,Mauritania,MRT,..,..,..,..,..,..,..,..,..,..,..,..,..,..,..,..,..,..,..,..,..,..,..,..,..,..,..,..,..,..,..,..,..,..,..,..,..,..,..,..,..,..,..,..,..,..,..,..,..,..,..,..,..,..,..,..,..,..,0.01,..,..,..
GB.XPD.RSDV.GD.ZS,Mauritius,MUS,..,..,..,..,..,..,..,..,..,..,..,..,..,..,..,..,..,..,..,..,..,..,..,..,..,..,..,..,..,..,..,..,..,..,..,..,..,0.28,0.26,0.31,0.28,0.36,0.37,0.33,0.37,0.36,..,..,..,..,..,..,0.18,..,..,..,..,0.35,0.33,0.36,0.40,0.37
GB.XPD.RSDV.GD.ZS,Mexico,MEX,..,..,..,..,..,..,..,..,..,..,..,..,..,..,..,..,..,..,..,..,..,..,..,..,..,..,..,..,..,..,..,..,..,..,..,..,0.25,0.28,0.30,0.34,0.31,0.32,0.35,0.39,0.39,0.40,0.37,0.40,0.44,0.48,0.49,0.47,0.42,0.43,0.44,0.43,0.39,0.33,0.31,0.28,0.30,0.28
GB.XPD.RSDV.GD.ZS,"Micronesia, Fed. Sts.",FSM,..,..,..,..,..,..,..,..,..,..,..,..,..,..,..,..,..,..,..,..,..,..,..,..,..,..,..,..,..,..,..,..,..,..,..,..,..,..,..,..,..,..,..,..,..,..,..,..,..,..,..,..,..,..,..,..,..,..,..,..,..,..
GB.XPD.RSDV.GD.ZS,Moldova,MDA,..,..,..,..,..,..,..,..,..,..,..,..,..,..,..,..,..,..,..,..,..,..,..,..,..,..,..,..,..,..,..,..,..,..,..,..,0.87,0.81,..,..,..,..,..,0.32,0.35,0.40,0.41,0.55,0.53,0.53,0.37,0.34,0.35,0.30,0.31,0.31,0.28,0.26,0.26,0.24,0.24,0.23
GB.XPD.RSDV.GD.ZS,Monaco,MCO,..,..,..,..,..,..,..,..,..,..,..,..,..,..,..,..,..,..,..,..,..,..,..,..,..,..,..,..,..,..,..,..,..,..,..,..,..,..,..,..,..,..,..,..,0.04,0.04,..,..,..,..,..,..,..,..,..,..,..,..,..,..,..,..
GB.XPD.RSDV.GD.ZS,Mongolia,MNG,..,..,..,..,..,..,..,..,..,..,..,..,..,..,..,..,..,..,..,..,..,..,..,..,..,..,..,..,..,..,..,..,..,..,..,..,..,0.17,0.17,0.15,0.19,0.27,0.25,0.25,0.27,0.24,0.19,0.24,0.34,0.30,0.24,0.23,0.24,0.23,0.22,0.16,0.18,0.13,0.10,0.09,0.13,0.10
GB.XPD.RSDV.GD.ZS,Montenegro,MNE,..,..,..,..,..,..,..,..,..,..,..,..,..,..,..,..,..,..,..,..,..,..,..,..,..,..,..,..,..,..,..,..,..,..,..,..,..,..,..,..,..,..,..,0.80,1.02,0.92,1.23,1.15,..,..,..,0.31,..,0.37,0.36,0.37,0.32,0.35,0.50,0.36,..,..
GB.XPD.RSDV.GD.ZS,Morocco,MAR,..,..,..,..,..,..,..,..,..,..,..,..,..,..,..,..,..,..,..,..,..,..,..,..,..,..,..,..,..,..,..,..,..,..,..,..,..,..,0.25,..,..,0.55,0.47,0.57,..,..,0.55,..,..,..,0.66,..,..,..,..,..,..,..,..,..,..,..
GB.XPD.RSDV.GD.ZS,Mozambique,MOZ,..,..,..,..,..,..,..,..,..,..,..,..,..,..,..,..,..,..,..,..,..,..,..,..,..,..,..,..,..,..,..,..,..,..,..,..,..,..,..,..,..,..,0.37,..,..,..,0.41,..,0.14,..,0.39,..,..,..,..,0.31,..,..,..,..,..,..
GB.XPD.RSDV.GD.ZS,Myanmar,MMR,..,..,..,..,..,..,..,..,..,..,..,..,..,..,..,..,..,..,..,..,..,..,..,..,..,..,..,..,..,..,..,..,..,..,..,..,..,0.07,0.04,0.05,0.12,0.08,0.20,..,..,..,..,..,..,..,..,..,..,..,..,..,..,0.03,0.06,0.09,0.15,0.15
GB.XPD.RSDV.GD.ZS,Namibia,NAM,..,..,..,..,..,..,..,..,..,..,..,..,..,..,..,..,..,..,..,..,..,..,..,..,..,..,..,..,..,..,..,..,..,..,..,..,..,..,..,..,..,..,..,..,..,..,..,..,..,..,0.14,..,..,..,0.35,..,..,..,..,..,..,..
GB.XPD.RSDV.GD.ZS,Nauru,NRU,..,..,..,..,..,..,..,..,..,..,..,..,..,..,..,..,..,..,..,..,..,..,..,..,..,..,..,..,..,..,..,..,..,..,..,..,..,..,..,..,..,..,..,..,..,..,..,..,..,..,..,..,..,..,..,..,..,..,..,..,..,..
GB.XPD.RSDV.GD.ZS,Nepal,NPL,..,..,..,..,..,..,..,..,..,..,..,..,..,..,..,..,..,..,..,..,..,..,..,..,..,..,..,..,..,..,..,..,..,..,..,..,..,..,..,..,..,..,..,..,..,..,..,..,0.05,0.26,0.30,..,..,..,..,..,..,..,..,..,..,..
GB.XPD.RSDV.GD.ZS,Netherlands,NLD,..,..,..,..,..,..,..,..,..,..,..,..,..,..,..,..,..,..,..,..,..,..,..,..,..,..,..,..,..,..,..,..,..,..,..,..,1.84,1.84,1.74,1.82,1.79,1.80,1.75,1.78,1.79,1.77,1.74,1.67,1.62,1.67,1.70,1.88,1.92,2.16,2.17,2.15,2.15,2.18,2.14,2.18,2.32,2.31
GB.XPD.RSDV.GD.ZS,New Caledonia,NCL,..,..,..,..,..,..,..,..,..,..,..,..,..,..,..,..,..,..,..,..,..,..,..,..,..,..,..,..,..,..,..,..,..,..,..,..,..,..,..,..,..,..,..,..,..,..,..,..,..,..,..,..,..,..,..,..,..,..,..,..,..,..
GB.XPD.RSDV.GD.ZS,New Zealand,NZL,..,..,..,..,..,..,..,..,..,..,..,..,..,..,..,..,..,..,..,..,..,..,..,..,..,..,..,..,..,..,..,..,..,..,..,..,..,1.06,..,0.96,..,1.10,..,1.15,..,1.12,..,1.16,..,1.25,..,1.23,..,1.15,..,1.23,..,1.35,..,1.41,..,1.45
GB.XPD.RSDV.GD.ZS,Nicaragua,NIC,..,..,..,..,..,..,..,..,..,..,..,..,..,..,..,..,..,..,..,..,..,..,..,..,..,..,..,..,..,..,..,..,..,..,..,..,..,0.07,..,..,..,..,0.03,..,..,..,..,..,..,..,..,0.08,0.10,0.10,0.09,0.11,..,..,..,..,..,..
GB.XPD.RSDV.GD.ZS,Niger,NER,..,..,..,..,..,..,..,..,..,..,..,..,..,..,..,..,..,..,..,..,..,..,..,..,..,..,..,..,..,..,..,..,..,..,..,..,..,..,..,..,..,..,..,..,..,..,..,..,..,..,..,..,..,..,..,..,..,..,..,..,..,..
GB.XPD.RSDV.GD.ZS,Nigeria,NGA,..,..,..,..,..,..,..,..,..,..,..,..,..,..,..,..,..,..,..,..,..,..,..,..,..,..,..,..,..,..,..,..,..,..,..,..,..,..,..,..,..,..,..,..,..,..,..,0.13,..,..,..,..,..,..,..,..,..,..,..,0.28,..,..
GB.XPD.RSDV.GD.ZS,Northern Mariana Islands,MNP,..,..,..,..,..,..,..,..,..,..,..,..,..,..,..,..,..,..,..,..,..,..,..,..,..,..,..,..,..,..,..,..,..,..,..,..,..,..,..,..,..,..,..,..,..,..,..,..,..,..,..,..,..,..,..,..,..,..,..,..,..,..
GB.XPD.RSDV.GD.ZS,Norway,NOR,..,..,..,..,..,..,..,..,..,..,..,..,..,..,..,..,..,..,..,..,..,..,..,..,..,..,..,..,..,..,..,..,..,..,..,..,..,1.59,..,1.60,..,1.56,1.63,1.68,1.54,1.48,1.45,1.56,1.55,1.72,1.64,1.62,1.61,1.64,1.70,1.92,2.03,2.08,2.03,2.14,2.24,1.94
GB.XPD.RSDV.GD.ZS,Oman,OMN,..,..,..,..,..,..,..,..,..,..,..,..,..,..,..,..,..,..,..,..,..,..,..,..,..,..,..,..,..,..,..,..,..,..,..,..,..,..,..,..,..,..,..,..,..,..,..,..,..,..,..,0.12,0.18,0.15,0.19,0.22,0.23,0.20,0.19,0.27,0.32,0.29
GB.XPD.RSDV.GD.ZS,Pakistan,PAK,..,..,..,..,..,..,..,..,..,..,..,..,..,..,..,..,..,..,..,..,..,..,..,..,..,..,..,..,..,..,..,..,..,..,..,..,..,0.16,0.11,0.12,0.12,0.15,0.20,..,..,0.40,..,0.63,..,0.45,..,0.33,..,0.29,..,0.25,..,0.21,..,0.17,..,0.16
GB.XPD.RSDV.GD.ZS,Palau,PLW,..,..,..,..,..,..,..,..,..,..,..,..,..,..,..,..,..,..,..,..,..,..,..,..,..,..,..,..,..,..,..,..,..,..,..,..,..,..,..,..,..,..,..,..,..,..,..,..,..,..,..,..,..,..,..,..,..,..,..,..,..,..
GB.XPD.RSDV.GD.ZS,Panama,PAN,..,..,..,..,..,..,..,..,..,..,..,..,..,..,..,..,..,..,..,..,..,..,..,..,..,..,..,..,..,..,..,..,..,..,..,..,0.31,0.30,0.27,0.27,0.36,0.36,0.34,0.32,0.23,0.23,0.24,0.18,0.19,0.13,0.14,0.17,0.08,0.06,0.12,0.11,0.13,0.14,0.13,0.14,0.23,0.18
GB.XPD.RSDV.GD.ZS,Papua New Guinea,PNG,..,..,..,..,..,..,..,..,..,..,..,..,..,..,..,..,..,..,..,..,..,..,..,..,..,..,..,..,..,..,..,..,..,..,..,..,..,..,..,..,..,..,..,..,..,..,..,..,..,..,..,..,..,..,..,..,0.03,..,..,..,..,..
GB.XPD.RSDV.GD.ZS,Paraguay,PRY,..,..,..,..,..,..,..,..,..,..,..,..,..,..,..,..,..,..,..,..,..,..,..,..,..,..,..,..,..,..,..,..,..,..,..,..,..,..,..,..,..,0.07,0.07,0.06,0.06,0.06,..,..,0.04,..,..,0.04,0.07,0.07,0.08,0.10,0.12,0.15,0.15,0.14,0.16,0.14
GB.XPD.RSDV.GD.ZS,Peru,PER,..,..,..,..,..,..,..,..,..,..,..,..,..,..,..,..,..,..,..,..,..,..,..,..,..,..,..,..,..,..,..,..,..,..,..,..,..,0.08,0.10,0.10,0.11,0.11,0.11,0.11,0.16,..,..,..,..,..,..,0.08,0.06,0.08,0.11,0.12,0.12,0.12,0.13,0.16,0.17,0.14
GB.XPD.RSDV.GD.ZS,Philippines,PHL,..,..,..,..,..,..,..,..,..,..,..,..,..,..,..,..,..,..,..,..,..,..,..,..,..,..,..,..,..,..,..,..,..,..,..,..,..,..,..,..,..,..,0.13,0.13,..,0.11,..,0.10,..,0.11,..,0.11,..,0.13,..,0.16,..,..,0.32,..,..,..
GB.XPD.RSDV.GD.ZS,Poland,POL,..,..,..,..,..,..,..,..,..,..,..,..,..,..,..,..,..,..,..,..,..,..,..,..,..,..,..,..,..,..,..,..,..,..,..,..,0.64,0.64,0.66,0.68,0.64,0.62,0.56,0.54,0.55,0.56,0.55,0.56,0.60,0.66,0.73,0.75,0.89,0.88,0.95,1.00,0.97,1.04,1.21,1.32,1.39,1.44
GB.XPD.RSDV.GD.ZS,Portugal,PRT,..,..,..,..,..,..,..,..,..,..,..,..,..,..,..,..,..,..,..,..,..,..,..,..,..,..,..,..,..,..,..,..,..,..,..,..,0.55,0.56,0.62,0.68,0.72,0.76,0.72,0.70,0.73,0.76,0.95,1.12,1.44,1.58,1.54,1.46,1.38,1.32,1.29,1.24,1.28,1.32,1.35,1.40,1.61,1.68
GB.XPD.RSDV.GD.ZS,Puerto Rico,PRI,..,..,..,..,..,..,..,..,..,..,..,..,..,..,..,..,..,..,..,..,..,..,..,..,..,..,..,..,..,..,..,..,..,..,..,..,..,..,..,..,..,..,..,..,..,..,..,..,..,0.45,..,..,..,0.44,..,0.43,..,..,..,..,..,..
GB.XPD.RSDV.GD.ZS,Qatar,QAT,..,..,..,..,..,..,..,..,..,..,..,..,..,..,..,..,..,..,..,..,..,..,..,..,..,..,..,..,..,..,..,..,..,..,..,..,..,..,..,..,..,..,..,..,..,..,..,..,..,..,..,..,0.48,..,..,0.52,..,..,0.53,..,..,0.68
GB.XPD.RSDV.GD.ZS,Romania,ROU,..,..,..,..,..,..,..,..,..,..,..,..,..,..,..,..,..,..,..,..,..,..,..,..,..,..,..,..,..,..,..,..,..,..,..,..,0.67,0.57,0.50,0.40,0.37,0.39,0.38,0.40,0.39,0.41,0.46,0.51,0.55,0.44,0.45,0.47,0.46,0.39,0.38,0.49,0.49,0.51,0.50,0.48,0.47,0.47
GB.XPD.RSDV.GD.ZS,Russian Federation,RUS,..,..,..,..,..,..,..,..,..,..,..,..,..,..,..,..,..,..,..,..,..,..,..,..,..,..,..,..,..,..,..,..,..,..,..,..,0.97,1.04,0.95,1.00,1.05,1.18,1.25,1.29,1.15,1.07,1.07,1.12,1.04,1.25,1.13,1.02,1.03,1.03,1.07,1.10,1.10,1.11,0.99,1.04,1.09,0.96
GB.XPD.RSDV.GD.ZS,Rwanda,RWA,..,..,..,..,..,..,..,..,..,..,..,..,..,..,..,..,..,..,..,..,..,..,..,..,..,..,..,..,..,..,..,..,..,..,..,..,..,..,..,..,..,..,..,..,..,..,..,..,..,..,..,..,..,..,..,..,0.65,..,..,0.76,..,..
GB.XPD.RSDV.GD.ZS,Samoa,WSM,..,..,..,..,..,..,..,..,..,..,..,..,..,..,..,..,..,..,..,..,..,..,..,..,..,..,..,..,..,..,..,..,..,..,..,..,..,..,..,..,..,..,..,..,..,..,..,..,..,..,..,..,..,..,..,..,..,..,..,..,..,..
GB.XPD.RSDV.GD.ZS,San Marino,SMR,..,..,..,..,..,..,..,..,..,..,..,..,..,..,..,..,..,..,..,..,..,..,..,..,..,..,..,..,..,..,..,..,..,..,..,..,..,..,..,..,..,..,..,..,..,..,..,..,..,..,..,..,..,..,..,..,..,..,..,..,..,..
GB.XPD.RSDV.GD.ZS,Sao Tome and Principe,STP,..,..,..,..,..,..,..,..,..,..,..,..,..,..,..,..,..,..,..,..,..,..,..,..,..,..,..,..,..,..,..,..,..,..,..,..,..,..,..,..,..,..,..,..,..,..,..,..,..,..,..,..,..,..,..,..,..,..,..,..,..,..
GB.XPD.RSDV.GD.ZS,Saudi Arabia,SAU,..,..,..,..,..,..,..,..,..,..,..,..,..,..,..,..,..,..,..,..,..,..,..,..,..,..,..,..,..,..,..,..,..,..,..,..,..,..,..,..,..,..,..,0.06,0.05,0.04,0.04,0.05,0.05,0.07,0.88,0.89,0.87,0.81,..,..,..,..,..,..,0.50,0.45
GB.XPD.RSDV.GD.ZS,Senegal,SEN,..,..,..,..,..,..,..,..,..,..,..,..,..,..,..,..,..,..,..,..,..,..,..,..,..,..,..,..,..,..,..,..,..,..,..,..,..,..,..,..,..,..,..,..,..,..,..,..,0.29,..,0.43,..,..,..,..,0.58,..,..,..,..,..,..
GB.XPD.RSDV.GD.ZS,Serbia,SRB,..,..,..,..,..,..,..,..,..,..,..,..,..,..,..,..,..,..,..,..,..,..,..,..,..,..,..,..,..,..,..,..,..,..,..,..,..,0.71,0.75,0.95,0.85,0.30,0.64,0.49,0.29,0.40,0.44,0.58,0.67,0.82,0.70,0.68,0.85,0.68,0.72,0.81,0.84,0.87,0.92,0.89,0.91,0.99
GB.XPD.RSDV.GD.ZS,Seychelles,SYC,..,..,..,..,..,..,..,..,..,..,..,..,..,..,..,..,..,..,..,..,..,..,..,..,..,..,..,..,..,..,..,..,..,..,..,..,..,..,..,..,..,0.40,0.38,0.39,0.33,0.28,..,..,..,..,..,..,..,..,..,..,0.22,..,..,..,..,..
GB.XPD.RSDV.GD.ZS,Sierra Leone,SLE,..,..,..,..,..,..,..,..,..,..,..,..,..,..,..,..,..,..,..,..,..,..,..,..,..,..,..,..,..,..,..,..,..,..,..,..,..,..,..,..,..,..,..,..,..,..,..,..,..,..,..,..,..,..,..,..,..,..,..,..,..,..
GB.XPD.RSDV.GD.ZS,Singapore,SGP,..,..,..,..,..,..,..,..,..,..,..,..,..,..,..,..,..,..,..,..,..,..,..,..,..,..,..,..,..,..,..,..,..,..,..,..,1.32,1.42,1.74,1.82,1.82,2.01,2.03,2.00,2.08,2.15,2.12,2.32,2.60,2.13,1.93,2.07,1.92,1.92,2.08,2.17,2.07,1.90,1.81,1.89,2.16,..
GB.XPD.RSDV.GD.ZS,Sint Maarten (Dutch part),SXM,..,..,..,..,..,..,..,..,..,..,..,..,..,..,..,..,..,..,..,..,..,..,..,..,..,..,..,..,..,..,..,..,..,..,..,..,..,..,..,..,..,..,..,..,..,..,..,..,..,..,..,..,..,..,..,..,..,..,..,..,..,..
GB.XPD.RSDV.GD.ZS,Slovak Republic,SVK,..,..,..,..,..,..,..,..,..,..,..,..,..,..,..,..,..,..,..,..,..,..,..,..,..,..,..,..,..,..,..,..,..,..,..,..,0.89,1.05,0.77,0.64,0.64,0.62,0.56,0.56,0.50,0.49,0.47,0.45,0.46,0.47,0.61,0.65,0.79,0.82,0.88,1.16,0.79,0.88,0.84,0.82,0.90,0.92
GB.XPD.RSDV.GD.ZS,Slovenia,SVN,..,..,..,..,..,..,..,..,..,..,..,..,..,..,..,..,..,..,..,..,..,..,..,..,..,..,..,..,..,..,..,..,..,..,..,..,1.26,1.25,1.31,1.34,1.36,1.47,1.44,1.25,1.37,1.42,1.54,1.43,1.63,1.81,2.05,2.41,2.56,2.56,2.37,2.20,2.01,1.87,1.95,2.04,2.14,2.13
GB.XPD.RSDV.GD.ZS,Solomon Islands,SLB,..,..,..,..,..,..,..,..,..,..,..,..,..,..,..,..,..,..,..,..,..,..,..,..,..,..,..,..,..,..,..,..,..,..,..,..,..,..,..,..,..,..,..,..,..,..,..,..,..,..,..,..,..,..,..,..,..,..,..,..,..,..
GB.XPD.RSDV.GD.ZS,Somalia,SOM,..,..,..,..,..,..,..,..,..,..,..,..,..,..,..,..,..,..,..,..,..,..,..,..,..,..,..,..,..,..,..,..,..,..,..,..,..,..,..,..,..,..,..,..,..,..,..,..,..,..,..,..,..,..,..,..,..,..,..,..,..,..
GB.XPD.RSDV.GD.ZS,South Africa,ZAF,..,..,..,..,..,..,..,..,..,..,..,..,..,..,..,..,..,..,..,..,..,..,..,..,..,..,..,..,..,..,..,..,..,..,..,..,..,0.53,..,..,..,0.64,..,0.68,0.73,0.77,0.80,0.79,0.81,0.75,0.66,0.67,0.67,0.66,0.71,0.73,0.75,0.76,0.69,0.61,0.60,..
GB.XPD.RSDV.GD.ZS,South Sudan,SSD,..,..,..,..,..,..,..,..,..,..,..,..,..,..,..,..,..,..,..,..,..,..,..,..,..,..,..,..,..,..,..,..,..,..,..,..,..,..,..,..,..,..,..,..,..,..,..,..,..,..,..,..,..,..,..,..,..,..,..,..,..,..
GB.XPD.RSDV.GD.ZS,Spain,ESP,..,..,..,..,..,..,..,..,..,..,..,..,..,..,..,..,..,..,..,..,..,..,..,..,..,..,..,..,..,..,..,..,..,..,..,..,0.79,0.78,0.85,0.84,0.88,0.89,0.96,1.02,1.04,1.10,1.18,1.24,1.33,1.36,1.36,1.33,1.30,1.27,1.24,1.22,1.19,1.21,1.24,1.25,1.41,1.43
GB.XPD.RSDV.GD.ZS,Sri Lanka,LKA,..,..,..,..,..,..,..,..,..,..,..,..,..,..,..,..,..,..,..,..,..,..,..,..,..,..,..,..,..,..,..,..,..,..,..,..,0.18,..,..,..,0.14,..,..,..,0.18,..,0.17,..,0.11,..,0.13,..,..,0.10,0.10,0.10,0.12,0.12,0.12,..,0.12,..
GB.XPD.RSDV.GD.ZS,St. Kitts and Nevis,KNA,..,..,..,..,..,..,..,..,..,..,..,..,..,..,..,..,..,..,..,..,..,..,..,..,..,..,..,..,..,..,..,..,..,..,..,..,..,..,..,..,..,..,..,..,..,..,..,..,..,..,..,..,..,..,..,..,..,..,..,..,..,..
GB.XPD.RSDV.GD.ZS,St. Lucia,LCA,..,..,..,..,..,..,..,..,..,..,..,..,..,..,..,..,..,..,..,..,..,..,..,..,..,..,..,..,..,..,..,..,..,..,..,..,..,..,0.57,0.27,..,..,..,..,..,..,..,..,..,..,..,..,..,..,..,..,..,..,..,..,..,..
GB.XPD.RSDV.GD.ZS,St. Martin (French part),MAF,..,..,..,..,..,..,..,..,..,..,..,..,..,..,..,..,..,..,..,..,..,..,..,..,..,..,..,..,..,..,..,..,..,..,..,..,..,..,..,..,..,..,..,..,..,..,..,..,..,..,..,..,..,..,..,..,..,..,..,..,..,..
GB.XPD.RSDV.GD.ZS,St. Vincent and the Grenadines,VCT,..,..,..,..,..,..,..,..,..,..,..,..,..,..,..,..,..,..,..,..,..,..,..,..,..,..,..,..,..,..,..,..,..,..,..,..,..,..,..,..,..,0.04,0.11,..,..,..,..,..,..,..,..,..,..,..,..,..,..,..,..,..,..,..
GB.XPD.RSDV.GD.ZS,Sudan,SDN,..,..,..,..,..,..,..,..,..,..,..,..,..,..,..,..,..,..,..,..,..,..,..,..,..,..,..,..,..,..,..,..,..,..,..,..,..,..,..,0.53,0.47,0.37,0.32,0.28,0.24,0.22,..,..,..,..,..,..,..,..,..,..,..,..,..,..,..,..
GB.XPD.RSDV.GD.ZS,Suriname,SUR,..,..,..,..,..,..,..,..,..,..,..,..,..,..,..,..,..,..,..,..,..,..,..,..,..,..,..,..,..,..,..,..,..,..,..,..,..,..,..,..,..,..,..,..,..,..,..,..,..,..,..,..,..,..,..,..,..,..,..,..,..,..
GB.XPD.RSDV.GD.ZS,Eswatini,SWZ,..,..,..,..,..,..,..,..,..,..,..,..,..,..,..,..,..,..,..,..,..,..,..,..,..,..,..,..,..,..,..,..,..,..,..,..,..,..,..,..,..,..,..,..,..,..,..,..,..,..,..,..,..,..,..,0.27,..,..,..,..,..,..
GB.XPD.RSDV.GD.ZS,Sweden,SWE,..,..,..,..,..,..,..,..,..,..,..,..,..,..,..,..,..,..,..,..,..,..,..,..,..,..,..,..,..,..,..,..,..,..,..,..,..,3.27,..,3.38,..,3.87,..,3.58,3.36,3.36,3.47,3.23,3.47,3.40,3.17,3.19,3.23,3.26,3.10,3.22,3.25,3.36,3.32,3.39,3.49,3.42
GB.XPD.RSDV.GD.ZS,Switzerland,CHE,..,..,..,..,..,..,..,..,..,..,..,..,..,..,..,..,..,..,..,..,..,..,..,..,..,..,..,..,..,..,..,..,..,..,..,..,2.38,..,..,..,2.26,..,..,..,2.61,..,..,..,2.65,..,..,..,2.87,..,..,3.08,..,3.08,..,3.20,..,3.36
GB.XPD.RSDV.GD.ZS,Syrian Arab Republic,SYR,..,..,..,..,..,..,..,..,..,..,..,..,..,..,..,..,..,..,..,..,..,..,..,..,..,..,..,..,..,..,..,..,..,..,..,..,..,..,..,..,..,..,..,..,..,..,..,..,..,..,..,..,..,..,..,0.02,..,..,..,..,..,..
GB.XPD.RSDV.GD.ZS,Tajikistan,TJK,..,..,..,..,..,..,..,..,..,..,..,..,..,..,..,..,..,..,..,..,..,..,..,..,..,..,..,..,..,..,..,..,..,..,..,..,..,..,..,..,..,0.09,0.07,0.07,0.07,0.10,0.11,0.07,0.07,0.09,0.09,0.12,0.11,0.12,0.12,0.10,0.11,0.11,0.09,0.09,0.09,..
GB.XPD.RSDV.GD.ZS,Tanzania,TZA,..,..,..,..,..,..,..,..,..,..,..,..,..,..,..,..,..,..,..,..,..,..,..,..,..,..,..,..,..,..,..,..,..,..,..,..,..,..,..,..,..,..,..,..,..,..,..,0.33,..,..,0.37,..,..,0.51,..,..,..,..,..,..,..,..
GB.XPD.RSDV.GD.ZS,Thailand,THA,..,..,..,..,..,..,..,..,..,..,..,..,..,..,..,..,..,..,..,..,..,..,..,..,..,..,..,..,..,..,..,..,..,..,..,..,0.12,0.10,..,0.25,0.24,0.25,0.23,0.25,0.24,0.22,0.23,0.20,0.20,0.23,..,0.36,..,0.44,0.48,0.62,0.78,1.00,1.11,1.14,1.33,1.21
GB.XPD.RSDV.GD.ZS,Timor-Leste,TLS,..,..,..,..,..,..,..,..,..,..,..,..,..,..,..,..,..,..,..,..,..,..,..,..,..,..,..,..,..,..,..,..,..,..,..,..,..,..,..,..,..,..,..,..,..,..,..,..,..,..,..,..,..,..,..,..,..,..,..,..,..,..
GB.XPD.RSDV.GD.ZS,Togo,TGO,..,..,..,..,..,..,..,..,..,..,..,..,..,..,..,..,..,..,..,..,..,..,..,..,..,..,..,..,..,..,..,..,..,..,..,..,..,..,..,..,..,..,..,..,..,..,..,..,..,..,0.17,..,0.16,..,0.20,..,..,..,..,..,..,..
GB.XPD.RSDV.GD.ZS,Tonga,TON,..,..,..,..,..,..,..,..,..,..,..,..,..,..,..,..,..,..,..,..,..,..,..,..,..,..,..,..,..,..,..,..,..,..,..,..,..,..,..,..,..,..,..,..,..,..,..,..,..,..,..,..,..,..,..,..,..,..,..,..,..,..
GB.XPD.RSDV.GD.ZS,Trinidad and Tobago,TTO,..,..,..,..,..,..,..,..,..,..,..,..,..,..,..,..,..,..,..,..,..,..,..,..,..,..,..,..,..,..,..,..,..,..,..,..,0.10,0.12,0.13,0.12,0.11,0.10,0.13,0.12,0.11,0.11,0.07,0.06,0.03,0.06,0.05,0.04,0.04,0.05,0.08,0.08,0.09,0.09,0.08,0.06,0.06,0.05
GB.XPD.RSDV.GD.ZS,Tunisia,TUN,..,..,..,..,..,..,..,..,..,..,..,..,..,..,..,..,..,..,..,..,..,..,..,..,..,..,..,..,..,..,..,..,..,..,..,..,..,..,..,..,..,..,0.54,0.65,0.73,0.71,0.68,0.67,0.64,0.71,0.66,0.67,0.65,0.64,0.62,0.59,0.57,0.70,0.72,0.75,..,..
GB.XPD.RSDV.GD.ZS,Turkiye,TUR,..,..,..,..,..,..,..,..,..,..,..,..,..,..,..,..,..,..,..,..,..,..,..,..,..,..,..,..,..,..,..,..,..,..,..,..,0.45,0.49,0.36,0.46,0.47,0.52,0.51,0.47,0.50,0.56,0.55,0.69,0.69,0.80,0.79,0.79,0.83,0.81,0.86,0.88,1.12,1.18,1.27,1.32,1.37,1.40
GB.XPD.RSDV.GD.ZS,Turkmenistan,TKM,..,..,..,..,..,..,..,..,..,..,..,..,..,..,..,..,..,..,..,..,..,..,..,..,..,..,..,..,..,..,..,..,..,..,..,..,..,..,..,..,..,..,..,..,..,..,..,..,..,..,..,..,..,..,..,..,..,..,..,..,..,..
GB.XPD.RSDV.GD.ZS,Turks and Caicos Islands,TCA,..,..,..,..,..,..,..,..,..,..,..,..,..,..,..,..,..,..,..,..,..,..,..,..,..,..,..,..,..,..,..,..,..,..,..,..,..,..,..,..,..,..,..,..,..,..,..,..,..,..,..,..,..,..,..,..,..,..,..,..,..,..
GB.XPD.RSDV.GD.ZS,Tuvalu,TUV,..,..,..,..,..,..,..,..,..,..,..,..,..,..,..,..,..,..,..,..,..,..,..,..,..,..,..,..,..,..,..,..,..,..,..,..,..,..,..,..,..,..,..,..,..,..,..,..,..,..,..,..,..,..,..,..,..,..,..,..,..,..
GB.XPD.RSDV.GD.ZS,Uganda,UGA,..,..,..,..,..,..,..,..,..,..,..,..,..,..,..,..,..,..,..,..,..,..,..,..,..,..,..,..,..,..,..,..,..,..,..,..,..,..,..,..,..,..,0.37,0.26,0.26,0.22,0.30,0.39,0.33,0.26,0.36,..,..,..,0.14,..,..,..,..,..,..,..
GB.XPD.RSDV.GD.ZS,Ukraine,UKR,..,..,..,..,..,..,..,..,..,..,..,..,..,..,..,..,..,..,..,..,..,..,..,..,..,..,..,..,..,..,..,..,..,..,..,..,..,1.19,1.07,0.97,0.93,0.99,0.96,1.07,1.04,1.00,0.91,0.82,0.81,0.83,0.80,0.71,0.72,0.73,0.65,0.61,0.48,0.45,0.47,0.43,0.40,0.38
GB.XPD.RSDV.GD.ZS,United Arab Emirates,ARE,..,..,..,..,..,..,..,..,..,..,..,..,..,..,..,..,..,..,..,..,..,..,..,..,..,..,..,..,..,..,..,..,..,..,..,..,..,..,..,..,..,..,..,..,..,..,..,..,..,..,..,0.49,..,..,0.68,0.87,0.93,..,1.26,1.31,1.49,1.50
GB.XPD.RSDV.GD.ZS,United Kingdom,GBR,..,..,..,..,..,..,..,..,..,..,..,..,..,..,..,..,..,..,..,..,..,..,..,..,..,..,..,..,..,..,..,..,..,..,..,..,1.57,1.54,1.55,1.62,1.61,1.60,1.61,1.58,1.53,1.55,1.58,1.62,1.61,1.67,1.63,1.65,1.58,1.62,2.26,2.27,2.31,2.32,2.70,2.67,2.93,2.91
GB.XPD.RSDV.GD.ZS,United States,USA,..,..,..,..,..,..,..,..,..,..,..,..,..,..,..,..,..,..,..,..,..,..,..,..,..,..,..,..,..,..,..,..,..,..,..,..,2.45,2.48,2.50,2.54,2.62,2.64,2.55,2.55,2.49,2.50,2.55,2.62,2.74,2.79,2.71,2.74,2.67,2.70,2.72,2.79,2.85,2.90,3.01,3.17,3.47,3.46
GB.XPD.RSDV.GD.ZS,Uruguay,URY,..,..,..,..,..,..,..,..,..,..,..,..,..,..,..,..,..,..,..,..,..,..,..,..,..,..,..,..,..,..,..,..,..,..,..,..,0.27,0.35,0.19,0.22,0.21,..,0.24,..,..,0.46,0.36,0.42,0.37,0.40,0.33,0.33,0.31,0.29,0.32,0.35,0.37,0.44,0.51,0.43,0.45,0.42
GB.XPD.RSDV.GD.ZS,Uzbekistan,UZB,..,..,..,..,..,..,..,..,..,..,..,..,..,..,..,..,..,..,..,..,..,..,..,..,..,..,..,..,..,..,..,..,..,..,..,..,..,..,..,..,0.36,0.35,0.29,0.27,0.27,0.24,0.22,0.22,0.19,0.20,0.15,0.15,0.16,0.16,0.15,0.16,0.17,0.15,0.12,0.11,0.14,0.13
GB.XPD.RSDV.GD.ZS,Vanuatu,VUT,..,..,..,..,..,..,..,..,..,..,..,..,..,..,..,..,..,..,..,..,..,..,..,..,..,..,..,..,..,..,..,..,..,..,..,..,..,..,..,..,..,..,..,..,..,..,..,..,..,..,..,..,..,..,..,..,..,..,..,..,..,..
GB.XPD.RSDV.GD.ZS,"Venezuela, RB",VEN,..,..,..,..,..,..,..,..,..,..,..,..,..,..,..,..,..,..,..,..,..,..,..,..,..,..,..,..,..,..,..,..,..,..,..,..,..,..,..,..,..,..,..,..,..,0.19,0.32,0.20,0.24,0.24,0.19,0.15,0.25,0.32,0.34,0.44,0.69,..,..,..,..,..
GB.XPD.RSDV.GD.ZS,Viet Nam,VNM,..,..,..,..,..,..,..,..,..,..,..,..,..,..,..,..,..,..,..,..,..,..,..,..,..,..,..,..,..,..,..,..,..,..,..,..,..,..,..,..,..,..,0.19,..,..,..,..,..,..,..,..,0.15,..,0.30,..,0.36,..,0.42,..,0.42,..,0.43
GB.XPD.RSDV.GD.ZS,Virgin Islands (U.S.),VIR,..,..,..,..,..,..,..,..,..,..,..,..,..,..,..,..,..,..,..,..,..,..,..,..,..,..,..,..,..,..,..,..,..,..,..,..,..,..,..,..,..,..,0.07,0.04,0.03,0.03,0.03,0.03,..,..,..,..,..,..,..,..,..,..,..,..,..,..
GB.XPD.RSDV.GD.ZS,West Bank and Gaza,PSE,..,..,..,..,..,..,..,..,..,..,..,..,..,..,..,..,..,..,..,..,..,..,..,..,..,..,..,..,..,..,..,..,..,..,..,..,..,..,..,..,..,..,..,..,..,..,..,0.20,0.15,0.36,0.36,..,..,0.45,..,..,..,..,..,..,..,..
GB.XPD.RSDV.GD.ZS,"Yemen, Rep.",YEM,..,..,..,..,..,..,..,..,..,..,..,..,..,..,..,..,..,..,..,..,..,..,..,..,..,..,..,..,..,..,..,..,..,..,..,..,..,..,..,..,..,..,..,..,..,..,..,..,..,..,..,..,..,..,..,..,..,..,..,..,..,..
GB.XPD.RSDV.GD.ZS,Zambia,ZMB,..,..,..,..,..,..,..,..,..,..,..,..,..,..,..,..,..,..,..,..,..,..,..,..,..,..,..,..,..,..,..,..,..,..,..,..,0.01,0.01,..,..,..,..,0.01,0.01,0.02,0.02,..,..,0.28,..,..,..,..,..,..,..,..,..,..,..,..,..
GB.XPD.RSDV.GD.ZS,Zimbabwe,ZWE,..,..,..,..,..,..,..,..,..,..,..,..,..,..,..,..,..,..,..,..,..,..,..,..,..,..,..,..,..,..,..,..,..,..,..,..,..,..,..,..,..,..,..,..,..,..,..,..,..,..,..,..,..,..,..,..,..,..,..,..,..,..
NY.GDP.MKTP.CD,Afghanistan,AFG,..,..,..,..,..,..,..,..,..,..,..,..,..,..,..,..,..,..,..,..,..,..,..,..,..,..,..,..,..,..,..,..,..,..,..,..,..,..,..,..,3521418060.00,2813571754.00,3825701439.00,4520946819.00,5224896719.00,6203256539.00,6971758282.00,9747886187.00,10109297048.00,12416152732.00,15856668556.00,17805098206.00,19907329778.00,20146416758.00,20497128556.00,19134221645.00,18116572395.00,18753456498.00,18053222687.00,18799444490.00,19955929052.00,14259995441.00
NY.GDP.MKTP.CD,Albania,ALB,..,..,..,..,..,..,..,..,..,..,..,..,..,..,..,..,..,..,..,..,1578102105.00,1808177156.00,1861163170.00,1881412587.00,1857337995.00,1897050117.00,2097326250.00,2080796250.00,2051236250.00,2253090000.00,2028553750.00,1099559028.00,652174990.80,1185315468.00,1880950864.00,2392764853.00,3199640815.00,2258513974.00,2545964541.00,3212121651.00,3480355258.00,3922100794.00,4348068242.00,5611496257.00,7184685782.00,8052077248.00,8896075005.00,10677324853.00,12881352894.00,12044205550.00,11926926616.00,12890760315.00,12319834195.00,12776224497.00,13228147516.00,11386853113.00,11861199831.00,13019726212.00,15379509892.00,15585105131.00,15241458745.00,18032010564.00
NY.GDP.MKTP.CD,Algeria,DZA,2723615451.00,2434747056.00,2001444544.00,2702982018.00,2909316435.00,3136284307.00,3039859187.00,3370870376.00,3852147027.00,4257253264.00,4863526897.00,5077183094.00,6766743957.00,8707858912.00,13209871626.00,15557902754.00,17728240932.00,20972113685.00,26364491313.00,33243706860.00,42345829079.00,44348590461.00,45207167470.00,48801369800.00,53698548293.00,57937868670.00,63692007897.00,66745818375.00,59089396860.00,55634721573.00,62048507531.00,45715676428.00,48003133347.00,49945584453.00,42543176829.00,41764291672.00,46941554225.00,48177612042.00,48187781984.00,48640671735.00,54790398570.00,59413400924.00,61516103406.00,73482264191.00,91913680985.00,1.07047E+11,1.23084E+11,1.42483E+11,1.80384E+11,1.50317E+11,1.77785E+11,2.18332E+11,2.27144E+11,2.29701E+11,2.38943E+11,1.87494E+11,1.80764E+11,1.89881E+11,1.94554E+11,1.9346E+11,1.64873E+11,1.86231E+11
NY.GDP.MKTP.CD,American Samoa,ASM,..,..,..,..,..,..,..,..,..,..,..,..,..,..,..,..,..,..,..,..,..,..,..,..,..,..,..,..,..,..,..,..,..,..,..,..,..,..,..,..,..,..,512000000.00,524000000.00,509000000.00,500000000.00,493000000.00,518000000.00,560000000.00,675000000.00,573000000.00,570000000.00,640000000.00,638000000.00,643000000.00,673000000.00,671000000.00,612000000.00,639000000.00,647000000.00,721000000.00,750000000.00
NY.GDP.MKTP.CD,Andorra,AND,..,..,..,..,..,..,..,..,..,..,78617711.10,89406608.15,113414397.40,150841639.30,186557082.00,220112572.20,227283850.80,253997897.20,308020261.20,411548748.40,446377776.80,388983266.20,375914743.60,327850042.50,330073080.60,346742714.70,481996012.90,611299924.50,721425939.20,795489582.00,1028989692.00,1106891362.00,1209992020.00,1007090270.00,1017544069.00,1178745283.00,1224024139.00,1180645572.00,1211953994.00,1240295199.00,1432606189.00,1548265808.00,1764279824.00,2366941809.00,2900245324.00,3161084091.00,3459337987.00,3957625367.00,4102319399.00,3688976341.00,3449925739.00,3629133574.00,3188652765.00,3193512950.00,3271685597.00,2789881259.00,2896610480.00,3000162081.00,3218419897.00,3155149348.00,2891001149.00,3324647529.00
NY.GDP.MKTP.CD,Angola,AGO,..,..,..,..,..,..,..,..,..,..,..,..,..,..,..,..,..,..,..,..,5930503401.00,5550483036.00,5550483036.00,5784341596.00,6131475065.00,7554065410.00,7072536109.00,8084412414.00,8769836769.00,10201780977.00,11229515599.00,10603784541.00,8307810974.00,5768720422.00,4438321017.00,5538749260.00,7526446606.00,7648377413.00,6506229607.00,6152923310.00,9129594970.00,8936079118.00,15285592370.00,17812704586.00,23552057679.00,36970900884.00,52381025141.00,65266415494.00,88538665085.00,70307196182.00,83799474070.00,1.1179E+11,1.28053E+11,1.32339E+11,1.35967E+11,90496420507.00,52761617226.00,73690154991.00,79450688259.00,70897962732.00,48501561204.00,66505129988.00
NY.GDP.MKTP.CD,Antigua and Barbuda,ATG,..,..,..,..,..,..,..,..,..,..,..,..,..,..,..,..,..,77496296.30,88033333.33,109585185.20,132440740.70,149377777.80,166425925.90,184848148.10,212192592.60,246344444.40,297537037.00,346840740.70,411374074.10,455148148.10,478692592.60,504307407.40,525103703.70,565633333.30,625051851.90,616014814.80,679111111.10,734392592.60,789762963.00,835514814.80,900551851.90,877514814.80,897988888.90,947955555.60,1026181481.00,1143714815.00,1303548148.00,1487300000.00,1557540741.00,1386444444.00,1298255556.00,1281337037.00,1327107407.00,1325425926.00,1378829630.00,1437755556.00,1489692593.00,1531151852.00,1661529630.00,1725351852.00,1410796296.00,1601366667.00
NY.GDP.MKTP.CD,Argentina,ARG,..,..,24450604878.00,18272123664.00,25605249382.00,28344705967.00,28630474728.00,24256667553.00,26436857247.00,31256284544.00,31584210366.00,33293199095.00,34733000536.00,52544000117.00,72436777342.00,52438647922.00,51169499892.00,56781000101.00,89049453088.00,69252328952.00,76961923741.00,78676842367.00,84307486837.00,1.03979E+11,1.16915E+11,88150891728.00,1.05872E+11,1.08811E+11,1.2689E+11,76629728760.00,1.41353E+11,1.8972E+11,2.28779E+11,2.36742E+11,2.5744E+11,2.58032E+11,2.7215E+11,2.92859E+11,2.98948E+11,2.83523E+11,2.84204E+11,2.68697E+11,97724004252.00,1.27587E+11,1.64658E+11,1.98737E+11,2.32557E+11,2.87531E+11,3.61558E+11,3.32976E+11,4.23627E+11,5.30158E+11,5.45982E+11,5.52025E+11,5.2632E+11,5.94749E+11,5.57532E+11,6.43628E+11,5.2482E+11,4.47755E+11,3.85741E+11,4.86564E+11
NY.GDP.MKTP.CD,Armenia,ARM,..,..,..,..,..,..,..,..,..,..,..,..,..,..,..,..,..,..,..,..,..,..,..,..,..,..,..,..,..,..,2256863449.00,2069870130.00,1272835453.00,1201312829.00,1315158637.00,1468317435.00,1596968946.00,1639492445.00,1893726437.00,1845482173.00,1911563669.00,2118467913.00,2376335048.00,2807061009.00,3576615240.00,4900469511.00,6384452067.00,9206301270.00,11662040714.00,8647937081.00,9260285756.00,10142111825.00,10619320683.00,11121464437.00,11609513247.00,10553337518.00,10546136236.00,11527458709.00,12457940695.00,13619290539.00,12641698583.00,13878908629.00
NY.GDP.MKTP.CD,Aruba,ABW,..,..,..,..,..,..,..,..,..,..,..,..,..,..,..,..,..,..,..,..,..,..,..,..,..,..,405586592.20,487709497.20,596648044.70,695530726.30,764804469.30,872067039.10,958659217.90,1083240223.00,1245810056.00,1320670391.00,1379888268.00,1531843575.00,1665363128.00,1722905028.00,1873452514.00,1896456983.00,1961843575.00,2044111732.00,2254830726.00,2360017318.00,2469782682.00,2677641341.00,2843024581.00,2553793296.00,2453597207.00,2637859218.00,2615208380.00,2727849721.00,2790849721.00,2962907263.00,2983635196.00,3092429050.00,3276184358.00,3395798883.00,2481857123.00,2929446578.00
NY.GDP.MKTP.CD,Australia,AUS,18607682977.00,19684003149.00,19923683188.00,21540963447.00,23801123808.00,25977284156.00,27308964369.00,30442724871.00,32714085234.00,36684485870.00,41334726614.00,45217767235.00,52042056075.00,63833440102.00,88965364775.00,97304383449.00,1.05061E+11,1.10352E+11,1.18493E+11,1.34901E+11,1.49988E+11,1.76895E+11,1.94042E+11,1.77267E+11,1.93525E+11,1.80643E+11,1.82481E+11,1.89496E+11,2.36161E+11,2.99876E+11,3.11427E+11,3.25975E+11,3.25525E+11,3.12134E+11,3.22807E+11,3.68166E+11,4.01342E+11,4.35643E+11,3.99674E+11,3.89652E+11,4.16168E+11,3.79629E+11,3.95789E+11,4.67739E+11,6.1466E+11,6.95693E+11,7.48418E+11,8.55007E+11,1.05611E+12,9.28762E+11,1.14884E+12,1.39861E+12,1.54753E+12,1.57712E+12,1.46827E+12,1.3513E+12,1.20684E+12,1.32558E+12,1.42781E+12,1.39272E+12,1.32841E+12,1.55674E+12
NY.GDP.MKTP.CD,Austria,AUT,6624086313.00,7346566038.00,7793042529.00,8414050621.00,9213648656.00,10041659445.00,10939526219.00,11634569522.00,12499863917.00,13647475854.00,15312791744.00,17788536733.00,21973207929.00,29399860145.00,35051468640.00,39902300703.00,42791707448.00,51343861460.00,61809208756.00,73647694287.00,81737498405.00,70755997062.00,70996111963.00,71838528420.00,67719055773.00,69114996010.00,98648254169.00,1.23682E+11,1.32817E+11,1.32584E+11,1.65811E+11,1.73113E+11,1.94314E+11,1.89634E+11,2.02738E+11,2.40094E+11,2.35953E+11,2.11725E+11,2.17068E+11,2.16422E+11,1.96182E+11,1.96477E+11,2.12837E+11,2.6078E+11,2.9921E+11,3.13952E+11,3.33906E+11,3.8676E+11,4.29234E+11,3.9929E+11,3.89828E+11,4.28955E+11,4.0675E+11,4.26581E+11,4.38556E+11,3.79546E+11,3.93687E+11,4.14926E+11,4.52582E+11,4.42984E+11,4.34398E+11,4.80467E+11
NY.GDP.MKTP.CD,Azerbaijan,AZE,..,..,..,..,..,..,..,..,..,..,..,..,..,..,..,..,..,..,..,..,..,..,..,..,..,..,..,..,..,..,8884848485.00,5344000000.00,444658671.60,1570392598.00,1193141110.00,2417331193.00,3176507376.00,3962362387.00,4446368571.00,4581248567.00,5272615723.00,5707616204.00,6236087738.00,7276413079.00,8680405741.00,13245421881.00,20981929498.00,33049419431.00,48851293785.00,44292427185.00,52909294792.00,65952796428.00,69679944504.00,74160560124.00,75239785452.00,53076235355.00,37866996883.00,40866627352.00,47112470052.00,48174235294.00,42693000000.00,54825411765.00
NY.GDP.MKTP.CD,"Bahamas, The",BHS,169735993.90,190021993.20,212169992.40,237649991.40,266559990.40,300271989.20,346800000.00,398000000.00,453800000.00,538700000.00,539500000.00,573400000.00,590900000.00,670900000.00,632400000.00,596200000.00,642100000.00,713000000.00,832400000.00,1139800100.00,1335300000.00,1426500000.00,1578300000.00,1732800000.00,2041100000.00,2320699900.00,2472500000.00,2713999900.00,2817900000.00,3062000000.00,3166000000.00,3111160000.00,3109000000.00,3092000000.00,3259000000.00,3429000000.00,3609000000.00,6332360000.00,6833220000.00,7683870000.00,8076470000.00,8317830000.00,8881160000.00,8870090000.00,9055290000.00,9836200000.00,10167250000.00,10618340000.00,10526000000.00,9981960000.00,10095760000.00,10070450000.00,10720400000.00,10395800000.00,10974100000.00,11671900000.00,11745100000.00,12236700000.00,12615800000.00,13016200000.00,9958200000.00,11368900000.00
NY.GDP.MKTP.CD,Bahrain,BHR,..,..,..,..,..,..,..,..,..,..,391577364.10,422181562.20,534081183.70,761132545.10,1042176884.00,1099107601.00,1581709519.00,1989060283.00,2272042965.00,2710160739.00,3493834468.00,3943109532.00,4145421080.00,4247030468.00,4440874566.00,4152376484.00,3470746843.00,3856922694.00,4209834173.00,4393093963.00,4809511005.00,5248911170.00,5402232447.00,5913001064.00,6330627926.00,6651180851.00,6938166755.00,7219407713.00,7031309043.00,7528469149.00,9062898936.00,8976196809.00,9593510638.00,11074813830.00,13150159574.00,15968723404.00,18504760638.00,21730000000.00,25710904255.00,22938218085.00,26805984043.00,29914680851.00,31963404255.00,33823324468.00,34772526596.00,32523297872.00,33884680851.00,37204813830.00,39567978723.00,40446808511.00,35837632979.00,40840212766.00
NY.GDP.MKTP.CD,Bangladesh,BGD,4274894083.00,4817580375.00,5081413542.00,5319458563.00,5386054833.00,5906636792.00,6439687854.00,7253575688.00,7483685771.00,8471006438.00,8992722167.00,8751843188.00,6288245867.00,8086725729.00,12512460520.00,19448348073.00,10117113333.00,9651149302.00,13281767143.00,15565480322.00,18138049096.00,20249694002.00,18525399202.00,17609048822.00,18920840000.00,22278423077.00,21774033333.00,24298032258.00,26579005558.00,28781715189.00,31598340778.00,30957483950.00,31708874594.00,33166519418.00,33768660883.00,37939748769.00,46438484108.00,48244309133.00,49984559471.00,51270569884.00,53369787319.00,53991289844.00,54724081491.00,60158929188.00,65108544250.00,69476001239.00,71795736172.00,79611644975.00,91636997371.00,1.02475E+11,1.15276E+11,1.28607E+11,1.33311E+11,1.49999E+11,1.72887E+11,1.95147E+11,2.65225E+11,2.93732E+11,3.21363E+11,3.51232E+11,3.73979E+11,4.16272E+11
NY.GDP.MKTP.CD,Barbados,BRB,80021846.91,85363759.31,88782583.42,99893761.22,99252731.41,105021996.80,113195122.70,125553996.60,125733668.50,141393142.00,166210203.00,186826488.70,213725248.90,260767889.20,311804643.40,402178605.00,435911268.60,495097667.90,552883707.10,670362452.10,1012280615.00,1114204743.00,1163923830.00,1236016507.00,1346890071.00,1409536121.00,1547755183.00,1704370308.00,1812757918.00,2006165167.00,2012131457.00,2020583702.00,1957000000.00,2063342117.00,2151344901.00,2216974096.00,2363645403.00,2498384130.00,2817083478.00,2951822205.00,3059500000.00,3054500000.00,3106500000.00,3209500000.00,3444500000.00,3819500000.00,4217323400.00,4675767950.00,4790410400.00,4466809600.00,5191188500.00,5342183800.00,5271257500.00,5361158350.00,5365976700.00,5288057750.00,5330761500.00,5517340450.00,5629916200.00,5788288000.00,5168344450.00,5275242050.00
NY.GDP.MKTP.CD,Belarus,BLR,..,..,..,..,..,..,..,..,..,..,..,..,..,..,..,..,..,..,..,..,..,..,..,..,..,..,..,..,..,..,17389558233.00,18404907975.00,16939790094.00,16275073527.00,14931435232.00,13972683274.00,14756846154.00,14130585516.00,15221352699.00,12138243081.00,12736780455.00,12354820144.00,14594900945.00,17825444724.00,23141566293.00,30210091837.00,36961894281.00,45275711996.00,60752106347.00,50873167326.00,57231904543.00,61762382328.00,65685890439.00,75527558966.00,78812805039.00,56454889147.00,47723545321.00,54725302250.00,60031173808.00,64410122847.00,61371755326.00,69673747132.00
NY.GDP.MKTP.CD,Belgium,BEL,11810619368.00,12561701694.00,13436827167.00,14445805381.00,16168044450.00,17597783297.00,18894891312.00,20252508995.00,21654856965.00,24019653475.00,26706196047.00,29821661870.00,37209418019.00,47743801490.00,56033077879.00,65678189097.00,71113882968.00,82839905459.00,1.01247E+11,1.16315E+11,1.26829E+11,1.0473E+11,92095926188.00,87184239053.00,83349530159.00,86268264148.00,1.20019E+11,1.49394E+11,1.62299E+11,1.64221E+11,2.05332E+11,2.10511E+11,2.34782E+11,2.24722E+11,2.44884E+11,2.88026E+11,2.79201E+11,2.52708E+11,2.58528E+11,2.58246E+11,2.36792E+11,2.36746E+11,2.58384E+11,3.18083E+11,3.69215E+11,3.85715E+11,4.0826E+11,4.70922E+11,5.17328E+11,4.85015E+11,4.81557E+11,5.27197E+11,4.98414E+11,5.24097E+11,5.37987E+11,4.61045E+11,4.74272E+11,5.00909E+11,5.42639E+11,5.36726E+11,5.29694E+11,5.98494E+11
NY.GDP.MKTP.CD,Belize,BLZ,28072478.07,29964999.97,31857591.86,33750113.75,36194586.19,40110040.11,44450044.45,47431255.75,44999910.00,47399905.20,53339893.32,59074687.20,65998069.38,78214767.83,103160450.40,118194026.30,97094227.23,117650000.00,136300000.00,151800000.00,257400000.00,260750000.00,248550000.00,262150000.00,290350000.00,287300000.00,311500000.00,371100000.00,421450000.00,491100000.00,547150000.00,597100000.00,696250000.00,752850000.00,772300000.00,819050000.00,850850000.00,873400000.00,929500000.00,1000250000.00,1138900000.00,1172800000.00,1244650000.00,1308900000.00,1400850000.00,1474950000.00,1591150000.00,1707100000.00,1738900000.00,1688500000.00,1745700000.00,1827050000.00,1909400000.00,2032750000.00,2138250000.00,2193050000.00,2240200000.00,2266300000.00,2293250000.00,2388300000.00,2042850000.00,2420550000.00
NY.GDP.MKTP.CD,Benin,BEN,226195578.40,235668220.50,236434954.00,253927697.30,269819005.90,289908680.40,302925235.20,306221953.10,326323105.30,330748244.50,333627713.50,335073027.50,410331857.00,504376074.20,554654860.70,676870140.30,698408261.90,750049778.80,928843469.40,1186231020.00,1405251847.00,1291120188.00,1267778670.00,1095348199.00,1051134009.00,1045712789.00,1336102025.00,1562412228.00,1620246084.00,1502294416.00,1959965330.00,1986437797.00,1695315306.00,2274558083.00,1598075944.00,2169627138.00,2361116449.00,2268301646.00,2455092686.00,3677393999.00,3519991440.00,3666222635.00,4194342686.00,5349258094.00,6190270380.00,6567654954.00,7034111315.00,8169048383.00,9787734526.00,9738626517.00,9535345011.00,10693321370.00,11141358106.00,12517845128.00,13284527850.00,11388160997.00,11821065852.00,12701655846.00,14262408080.00,14391686309.00,15651545209.00,17690083520.00
NY.GDP.MKTP.CD,Bermuda,BMU,72400000.00,76500000.00,80700000.00,82600000.00,92200000.00,98000000.00,115000000.00,134800000.00,150000000.00,164900000.00,186300000.00,211100000.00,235400000.00,269500000.00,312600000.00,345000000.00,386300000.00,447000000.00,475800000.00,517200000.00,613299968.00,739100032.00,785500032.00,889400000.00,985699968.00,1039500032.00,1173500032.00,1296499968.00,1415100032.00,1501500032.00,1592400000.00,1634900000.00,1679900000.00,1820359900.00,1867160100.00,2030750000.00,2695390000.00,2932827000.00,3130748000.00,3324433000.00,3480219000.00,3680483000.00,3937228000.00,4186525000.00,4484703000.00,4868136000.00,6144000000.00,6767000000.00,6980000000.00,6656000000.00,6634526000.00,6312691000.00,6378188000.00,6465756000.00,6413988000.00,6654541000.00,6899911000.00,7142316000.00,7225977000.00,7423465000.00,6887147000.00,7286607000.00
NY.GDP.MKTP.CD,Bhutan,BTN,..,..,..,..,..,..,..,..,..,..,61812113.07,66289450.33,70139866.81,78900289.32,92901784.50,86820762.49,88461262.78,97884433.80,94086227.61,105377995.20,128669200.90,139174178.10,141439317.40,156704289.90,160423493.90,163288815.40,191218115.50,242742766.30,272298066.60,264798626.20,287765007.10,240294286.00,240233531.20,225973692.80,258954708.00,290490983.80,303408345.60,352229076.70,363458380.90,399311199.50,460733418.40,496110225.70,559345263.70,651935430.30,735348490.40,860391000.20,942879878.50,1255767964.00,1317517835.00,1331343798.00,1708880731.00,1977728659.00,1973387228.00,1943696952.00,2089079571.00,2187815804.00,2357504761.00,2591358010.00,2583335721.00,2735683570.00,2457604334.00,2768802960.00
NY.GDP.MKTP.CD,Bolivia,BOL,373250000.00,406000000.00,443916666.70,478000000.00,538583333.30,598333333.30,662500000.00,748250000.00,849333333.30,920333333.30,1006833333.00,1084666667.00,1286153846.00,1263600000.00,2101300000.00,2405900000.00,2733350000.00,3229050000.00,3760100000.00,4510500000.00,4450360000.00,5778480000.00,5600390625.00,5414008621.00,6169304528.00,5377276657.00,3959383520.00,4347956338.00,4597611710.00,4715973437.00,4867582598.00,5343262457.00,5643868749.00,5734699489.00,5981222859.00,6715161732.00,7396949126.00,7925736821.00,8497494652.00,8285064435.00,8397855485.00,8141516928.00,7905485146.00,8082399640.00,8773451752.00,9549122905.00,11451844902.00,13120108008.00,16674276286.00,17339992194.00,19649723722.00,23963164697.00,27084497482.00,30659338886.00,32996188013.00,33000198248.00,33941126200.00,37508642165.00,40287647930.00,40895322844.00,36629843805.00,40406111695.00
NY.GDP.MKTP.CD,Bosnia and Herzegovina,BIH,..,..,..,..,..,..,..,..,..,..,..,..,..,..,..,..,..,..,..,..,..,..,..,..,..,..,..,..,..,..,7753478261.00,6122959184.00,4735044707.00,3630668950.00,1255802469.00,1866572954.00,2786045322.00,3671909673.00,4116774301.00,4686256363.00,5567772769.00,5800615466.00,6728220887.00,8498894359.00,10156541538.00,11222796337.00,12864841906.00,15778734264.00,19112796623.00,17613949091.00,17176315804.00,18644233537.00,17226735996.00,18179108531.00,18558733564.00,16404348871.00,17116926328.00,18326373366.00,20484053869.00,20482608755.00,20226036564.00,23672712242.00
NY.GDP.MKTP.CD,Botswana,BWA,30411413.66,32902612.87,35644956.64,38091842.85,41616347.79,45788696.33,51465655.39,58642354.09,66248441.42,77361546.51,96243233.66,127448613.50,164460915.00,244124164.00,306044207.50,355168571.50,372025093.00,451624780.30,590407374.40,819870258.80,1060889704.00,1073812830.00,1014945696.00,1172230397.00,1240822167.00,1114783343.00,1392602164.00,1965226890.00,2644554159.00,3083822112.00,3790636324.00,3942876703.00,4146464587.00,4160129175.00,4259259604.00,4730599122.00,4847757218.00,5020265627.00,4790481509.00,5484263347.00,5788329609.00,5489608300.00,5438863983.00,7511582173.00,8957467707.00,9918907108.00,9919158482.00,10567270656.00,10730829116.00,10118459242.00,12637273429.00,15110643612.00,13907464500.00,14271738933.00,15470088501.00,13530748845.00,15082637184.00,16105155857.00,17031943186.00,16725908149.00,14960291106.00,18750946600.00
NY.GDP.MKTP.CD,Brazil,BRA,17030465539.00,17275940449.00,19231747852.00,23287712878.00,20963733695.00,22465522884.00,28283323733.00,31086389195.00,33930457425.00,37171640819.00,42327664794.00,48869830902.00,58434858375.00,83592275863.00,1.09795E+11,1.29204E+11,1.53169E+11,1.76344E+11,2.00279E+11,2.21338E+11,2.37393E+11,2.58015E+11,2.71314E+11,1.89657E+11,1.8834E+11,2.1088E+11,2.56481E+11,2.83057E+11,3.07882E+11,4.12991E+11,4.64989E+11,3.42534E+11,3.28192E+11,3.68292E+11,5.25369E+11,7.69333E+11,8.50426E+11,8.83206E+11,8.63711E+11,5.99642E+11,6.55448E+11,5.59984E+11,5.09795E+11,5.58234E+11,6.69289E+11,8.91634E+11,1.10763E+12,1.39711E+12,1.69586E+12,1.667E+12,2.20884E+12,2.61616E+12,2.46523E+12,2.47282E+12,2.45604E+12,1.80221E+12,1.79569E+12,2.06351E+12,1.91693E+12,1.87329E+12,1.47611E+12,1.67065E+12
NY.GDP.MKTP.CD,British Virgin Islands,VGB,..,..,..,..,..,..,..,..,..,..,..,..,..,..,..,..,..,..,..,..,..,..,..,..,..,..,..,..,..,..,..,..,..,..,..,..,..,..,..,..,..,..,..,..,..,..,..,..,..,..,..,..,..,..,..,..,..,..,..,..,..,..
NY.GDP.MKTP.CD,Brunei Darussalam,BRN,..,..,..,..,..,114039500.60,132757528.00,139029537.20,160818235.90,161210236.40,179078929.30,197525767.80,270822782.00,433095526.70,2319576214.00,2496420258.00,3054765590.00,3681242528.00,4100423674.00,6044367628.00,10795432294.00,9367218664.00,8932198186.00,7927590750.00,7632788075.00,6967623884.00,4190280003.00,4918010080.00,4535130305.00,4983622881.00,6039881087.00,6284497300.00,6327966445.00,6203339925.00,6467782521.00,7700144057.00,7663377277.00,7793034390.00,5550846025.00,6309070375.00,6570999060.00,6096155748.00,6333082879.00,7167725265.00,8619178799.00,10547202612.00,12644616446.00,13432029496.00,15926456492.00,11912904529.00,13707121031.00,18524791071.00,19048443340.00,18094148099.00,17097797372.00,12930296852.00,11400266055.00,12128168047.00,13566908401.00,13469235348.00,12005799664.00,14006496614.00
NY.GDP.MKTP.CD,Bulgaria,BGR,..,..,..,..,..,..,..,..,..,..,..,..,..,..,..,..,..,..,..,..,19839230769.00,19870000000.00,19342000000.00,16563666667.00,17594944444.00,17155421053.00,20249294118.00,28101000000.00,22555941176.00,21988444444.00,20632090909.00,10943548387.00,10350515464.00,10832064942.00,9697416974.00,18991484420.00,12294964838.00,11316127379.00,15031055047.00,13627325461.00,13245990274.00,14183446026.00,16403043850.00,21144957990.00,26157743369.00,29868657858.00,34380536496.00,44432811756.00,54480684188.00,52023801230.00,50760929303.00,57737040780.00,54288135059.00,55852123990.00,57157782910.00,50811995689.00,53964253212.00,59309748166.00,66289266349.00,68631726289.00,70716821235.00,84417951261.00
NY.GDP.MKTP.CD,Burkina Faso,BFA,330442815.80,350247234.30,379567099.20,394040667.10,410321645.00,422916789.70,433889766.20,450753923.50,460442689.40,478298645.40,458404268.80,482411179.10,578595522.00,674773569.90,751133430.40,939972703.50,976547188.10,1131224878.00,1475583645.00,1748480621.00,1928719888.00,1775842334.00,1754450096.00,1600278605.00,1459880132.00,1552493196.00,2036303358.00,2369834950.00,2616040479.00,2615587734.00,3101300779.00,3135045584.00,3356692505.00,3199536465.00,1895290637.00,2379517975.00,2586550595.00,2447669102.00,2804902367.00,3389566713.00,2968370088.00,3190371081.00,3622350063.00,4740768143.00,5451688538.00,6146353173.00,6547419820.00,7625722837.00,9451435490.00,9450696873.00,10109619741.00,12080295978.00,12561015157.00,13444300486.00,13943016077.00,11832159316.00,12833363045.00,14106955615.00,15890066221.00,16032813503.00,17725010533.00,19697516284.00
NY.GDP.MKTP.CD,Burundi,BDI,195999989.80,202999991.80,213500005.80,232749997.80,260750007.70,158994962.80,165444571.30,178297142.70,183199999.80,190205714.10,242732571.20,252842285.50,246804571.40,304339522.60,345263492.10,420986666.70,448412753.60,547535555.60,610225555.60,782496666.70,919726666.70,969046666.70,1013222222.00,1082926304.00,987143931.20,1149979286.00,1201725497.00,1131466494.00,1082403219.00,1113924130.00,1132101253.00,1167398478.00,1083037671.00,938632612.00,925030590.20,1000428394.00,869033856.30,972896267.90,893770740.20,808077223.40,870486065.90,876794723.10,825394519.40,784654423.60,915257323.40,1117113080.00,1273375078.00,1356199387.00,1611835857.00,1781455140.00,2032135192.00,2235820809.00,2333341334.00,2451606632.00,2705783330.00,3104003546.00,2644487777.00,2723586963.00,2667182200.00,2576518880.00,2649680261.00,2775798697.00
NY.GDP.MKTP.CD,Cabo Verde,CPV,..,..,..,..,..,..,..,..,..,..,..,..,..,..,..,..,..,..,..,..,142246815.30,139468209.10,140630679.00,138476175.60,132019038.60,137728204.80,190651167.60,235253064.70,264308140.30,267448571.40,306890962.60,319827058.60,357160985.30,490417389.70,406580652.30,487148993.50,501979269.80,490608657.90,521910560.50,592416703.10,539227277.60,563090490.40,620507387.50,813260468.90,924940011.80,972241676.90,1107571458.00,1649621739.00,1959620648.00,1852334575.00,1824751468.00,2046817987.00,1913081210.00,2028910915.00,2041930125.00,1749857620.00,1849789993.00,1996741545.00,2205099509.00,2252177134.00,1821565618.00,2051842610.00
NY.GDP.MKTP.CD,Cambodia,KHM,..,..,..,..,..,..,..,..,..,..,..,..,..,..,..,749129748.20,790357254.50,716261764.50,766642356.10,723738502.70,744384129.70,815153652.40,865516039.80,939291262.10,1021176059.00,1102669184.00,1167630318.00,1036974910.00,1662877859.00,1353137648.00,1402541177.00,2054974089.00,2491486594.00,2533727592.00,2791435272.00,3441205693.00,3506695720.00,3443413389.00,3120425503.00,3517242477.00,3694168979.00,4145665970.00,4501227627.00,5046693484.00,5883297160.00,7066296463.00,8350531017.00,10127916460.00,12174303999.00,12502901170.00,13808673288.00,16032622024.00,17826536700.00,19807135253.00,22041463968.00,24174170369.00,26556545153.00,29355665910.00,33145892169.00,36685356408.00,34818073901.00,36790163687.00
NY.GDP.MKTP.CD,Cameroon,CMR,614206068.50,652777608.30,694247864.40,718320845.00,776650176.90,814083265.50,851112534.60,936175260.00,1046191218.00,1100551489.00,1151216993.00,1236941394.00,1498251890.00,1901393361.00,2157415533.00,2857037371.00,2898090002.00,3394664024.00,4662852583.00,5919002983.00,6674569047.00,6610938617.00,6611255964.00,6870200010.00,7311938026.00,8544810498.00,11857056199.00,13049659981.00,12236057362.00,11012566195.00,12314482628.00,11840192296.00,12071775335.00,16181814713.00,8902446252.00,10864772471.00,11093538846.00,10789458433.00,11298144990.00,11565826465.00,10566579295.00,10953485349.00,12417251350.00,15970315035.00,18826214136.00,19509852207.00,20910512975.00,23928250433.00,27715142033.00,27932970317.00,27507501821.00,30630910495.00,30155062329.00,33728621180.00,36386544706.00,32210233020.00,33814337044.00,36098547033.00,39955552190.00,39667757528.00,40773241177.00,45011937347.00
NY.GDP.MKTP.CD,Canada,CAN,40563768947.00,41038192838.00,42336211556.00,45140337827.00,49503663836.00,54649410479.00,61252415405.00,65856924424.00,72048833006.00,79405011125.00,88192257632.00,99606454744.00,1.13464E+11,1.31764E+11,1.60949E+11,1.7442E+11,2.07272E+11,2.12325E+11,2.1937E+11,2.43891E+11,2.74777E+11,3.07247E+11,3.14648E+11,3.41866E+11,3.56718E+11,3.66186E+11,3.79007E+11,4.33134E+11,5.0938E+11,5.67212E+11,5.96076E+11,6.12528E+11,5.94387E+11,5.79054E+11,5.79944E+11,6.05961E+11,6.30608E+11,6.54987E+11,6.34E+11,6.78412E+11,7.44773E+11,7.38982E+11,7.60649E+11,8.95541E+11,1.02669E+12,1.17311E+12,1.31926E+12,1.46882E+12,1.55299E+12,1.37463E+12,1.61734E+12,1.79333E+12,1.82837E+12,1.8466E+12,1.80575E+12,1.55651E+12,1.52799E+12,1.64927E+12,1.72533E+12,1.74373E+12,1.65568E+12,2.00747E+12
NY.GDP.MKTP.CD,Cayman Islands,CYM,..,..,..,..,..,..,..,..,..,..,..,..,..,..,..,..,..,..,..,..,..,..,..,..,..,..,..,..,..,..,..,..,..,..,..,..,..,..,..,..,..,..,..,..,..,..,4200288241.00,4466278065.00,4585949024.00,4281714567.00,4156841107.00,4186073104.00,4291004524.00,4405796023.00,4562853611.00,4708167233.00,4909322237.00,5166281305.00,5530178441.00,5941896608.00,5655358021.00,6060026520.00
NY.GDP.MKTP.CD,Central African Republic,CAF,112155598.50,123134583.50,124482773.80,129379123.80,142025078.70,150574795.40,157930018.10,163820513.60,191767441.60,188039210.10,189106529.20,201450799.80,230317883.40,271183082.00,281398705.60,378660016.30,451152461.30,507298147.50,610578632.00,700764747.80,797048198.50,694803622.90,748312390.80,658679332.70,637820670.30,864849836.30,1122265013.00,1200991978.00,1264899288.00,1233930281.00,1440711459.00,1377374987.00,1411917553.00,1278781262.00,851174356.80,1115389674.00,1007791127.00,937741513.00,967338389.70,999477510.70,916777282.70,932648604.80,996068144.90,1142315523.00,1272360517.00,1337894379.00,1461859762.00,1699811295.00,1993407888.00,2067381665.00,2142591540.00,2437982705.00,2510126512.00,1691544110.00,1894813389.00,1695825714.00,1825018145.00,2072349973.00,2220979146.00,2221301351.00,2326720900.00,2516498412.00
NY.GDP.MKTP.CD,Chad,TCD,313582728.10,333975336.10,357635713.40,371767002.20,392247517.70,416926303.30,432794921.70,449826322.60,453980096.20,471635621.60,469266736.70,501866730.10,585427546.80,647199483.00,652532795.10,864602104.70,866044962.00,935360464.70,1113920124.00,1004316496.00,1033002404.00,876937558.30,834369859.70,832415806.00,919103734.90,1033069709.00,1067828246.00,1163426852.00,1482597298.00,1433686312.00,1738605558.00,1877137982.00,1881847670.00,1463251164.00,1179837963.00,1445919895.00,1607345356.00,1544689577.00,1744794531.00,1534673583.00,1388506772.00,1710843377.00,1997005709.00,2742815072.00,4422855661.00,6649307524.00,7428701454.00,8650137743.00,10393833765.00,9290728319.00,10668103554.00,12172308851.00,12367362757.00,12953534866.00,13940767219.00,10950392257.00,10097778098.00,10000394381.00,11239167898.00,11314951092.00,10715396042.00,11779981333.00
NY.GDP.MKTP.CD,Channel Islands,CHI,..,..,..,..,..,..,..,..,..,..,..,..,..,..,..,..,..,..,..,..,..,..,..,..,..,..,..,..,..,..,..,..,..,..,..,..,..,..,5945677377.00,6262740657.00,6439703435.00,6232906290.00,6663669065.00,7332244898.00,8553643354.00,8827272727.00,9676172953.00,11514605842.00,..,9100755660.00,8902070446.00,9649313947.00,9455340154.00,9594160920.00,10528493035.00,10109968847.00,9169278193.00,9170079926.00,10026153345.00,10032440928.00,9439810776.00,11157002973.00
NY.GDP.MKTP.CD,Chile,CHL,4110000000.00,4829238095.00,5631285444.00,5591307028.00,5964195925.00,6108679126.00,7162633082.00,7057478295.00,7192102967.00,8359596194.00,9144112431.00,10876091408.00,11833904488.00,16826390944.00,16209693232.00,7621570062.00,10338624019.00,13965595122.00,15992038535.00,21806136346.00,29036709872.00,34509878044.00,19529291465.00,20362016672.00,19671768024.00,17717662228.00,18897110626.00,22250729667.00,26042571616.00,29936735491.00,33137824762.00,37846188228.00,45949608552.00,49287378599.00,56998601184.00,73444831671.00,78584098983.00,85741415285.00,81990010704.00,75578685736.00,78339750722.00,71574739561.00,70264045939.00,76492579644.00,99075985773.00,1.22294E+11,1.53844E+11,1.72491E+11,1.79895E+11,1.71778E+11,2.17051E+11,2.51383E+11,2.67025E+11,2.77395E+11,2.59561E+11,2.4245E+11,2.49345E+11,2.76154E+11,2.95858E+11,2.78285E+11,2.54042E+11,3.15515E+11
NY.GDP.MKTP.CD,China,CHN,59716249311.00,50056685957.00,47209186415.00,50706614526.00,59708125204.00,70436008642.00,76720005492.00,72881364882.00,70846276051.00,79705614855.00,92602634892.00,99800593791.00,1.13689E+11,1.38543E+11,1.44189E+11,1.6343E+11,1.53939E+11,1.74936E+11,1.49541E+11,1.78281E+11,1.91149E+11,1.95866E+11,2.0509E+11,2.30687E+11,2.59947E+11,3.09488E+11,3.00758E+11,2.72973E+11,3.12354E+11,3.47768E+11,3.60858E+11,3.83373E+11,4.26916E+11,4.44731E+11,5.64322E+11,7.34485E+11,8.63749E+11,9.61602E+11,1.02906E+12,1.094E+12,1.21133E+12,1.3394E+12,1.47056E+12,1.66028E+12,1.95535E+12,2.28596E+12,2.75212E+12,3.55033E+12,4.59434E+12,5.10169E+12,6.08719E+12,7.55155E+12,8.53219E+12,9.57047E+12,1.04756E+13,1.10616E+13,1.12333E+13,1.23105E+13,1.38949E+13,1.428E+13,1.46877E+13,1.78205E+13
NY.GDP.MKTP.CD,Colombia,COL,4031152977.00,4540447761.00,4955538219.00,4836166667.00,5973366667.00,5760761905.00,5428518519.00,5825170438.00,5960212869.00,6450175214.00,7198360460.00,7820380971.00,8671358733.00,10315760000.00,12370029584.00,13098633902.00,15341403660.00,19470960619.00,23263511958.00,27940411250.00,33400735644.00,36388366869.00,38968039722.00,38729822782.00,38253120738.00,34894419443.00,34942489684.00,36373307085.00,39212550050.00,39540080200.00,47844090710.00,49637993949.00,58394443378.00,66474101301.00,81705497617.00,92495970511.00,97153389011.00,1.06656E+11,98486358581.00,86278947637.00,99875074951.00,98200641203.00,97945812803.00,94644969157.00,1.17092E+11,1.45601E+11,1.61793E+11,2.0623E+11,2.42504E+11,2.32469E+11,2.86499E+11,3.34966E+11,3.70691E+11,3.82094E+11,3.81241E+11,2.93492E+11,2.8272E+11,3.11867E+11,3.34198E+11,3.23032E+11,2.70348E+11,3.18525E+11
NY.GDP.MKTP.CD,Comoros,COM,..,..,..,..,..,..,..,..,..,..,..,..,..,..,..,..,..,..,..,..,212218261.60,196349931.50,184009013.60,191621954.90,184697225.60,196726096.30,279197721.80,337525852.60,356500032.70,341476768.30,429622177.70,424108769.50,457388651.50,452881475.10,319189184.30,398461797.00,396053805.90,364445600.50,370106745.90,382454989.90,351136579.60,378512024.10,425964681.00,546885222.70,633706110.80,653845169.20,698431793.90,795673152.90,915659108.00,905341172.70,907978730.90,1023086274.00,1015843491.00,1116224107.00,1149587661.00,966029600.90,1012835493.00,1077439757.00,1188797449.00,1195019532.00,1225039197.00,1296089480.00
NY.GDP.MKTP.CD,"Congo, Dem. Rep.",COD,3359404118.00,3086746857.00,3779841429.00,6213185743.00,2881545273.00,4043901818.00,4532660182.00,3384063372.00,3909780539.00,5032434970.00,4877684910.00,5594770359.00,6173712814.00,7870239461.00,9596960180.00,10237343174.00,9648583225.00,12344424764.00,15372608002.00,15068422236.00,14394927495.00,12537821038.00,13651667371.00,11006712650.00,7857729193.00,7195042616.00,8095367168.00,7661625473.00,8861299977.00,9021862775.00,9349764580.00,9087965282.00,8206227134.00,10707792340.00,5820383306.00,5643439376.00,5771454940.00,6090840548.00,6217806273.00,4711259427.00,19088046306.00,7438189100.00,8728038525.00,8937567060.00,10297483481.00,11964484466.00,14451901696.00,16737071816.00,19788515590.00,18648372553.00,21565721045.00,25839749199.00,29306235285.00,32679745048.00,35909040926.00,37917706497.00,37134801555.00,38019264795.00,47568210010.00,51775829877.00,48716961860.00,55328482784.00
NY.GDP.MKTP.CD,"Congo, Rep.",COG,131731862.80,151675738.90,166521239.70,172233430.70,185693724.90,198318064.00,220613582.00,237397428.10,251247457.80,265040036.40,274960699.90,322128019.00,410669263.70,541973362.60,585364634.50,767102680.20,754549601.40,765224029.30,878771772.20,1198749667.00,1705796853.00,1993512323.00,2160640565.00,2097274290.00,2193581365.00,2160872540.00,1849268212.00,2297753652.00,2212536312.00,2389593026.00,2798746050.00,2724853506.00,2933222703.00,2684323623.00,1769365438.00,2116003868.00,2540697539.00,2322719103.00,1949481379.00,2354772960.00,3227927698.00,2796704604.00,3034250924.00,3503723088.00,4656974940.00,6650001680.00,8072305029.00,8782703437.00,11649857673.00,9723299915.00,13148396212.00,15655383577.00,17692911296.00,17958720699.00,17919321078.00,12434793867.00,10931328151.00,11834473039.00,14773900289.00,13976637780.00,11468687464.00,14825690211.00
NY.GDP.MKTP.CD,Costa Rica,CRI,507513830.00,490325181.60,479180824.30,511902136.80,542578367.20,592981162.30,647305630.20,699456618.90,773841494.30,853630203.80,984830158.50,1077147538.00,1238251696.00,1528925846.00,1666544754.00,1960863466.00,2412555426.00,3072427013.00,3523208810.00,4035519323.00,4831447001.00,2623803096.00,2606623555.00,3146772631.00,3660477856.00,3919203960.00,4418983871.00,4532952047.00,4614629898.00,5251025767.00,5711687787.00,7215725487.00,8579754758.00,9564815975.00,10489903725.00,11578594260.00,11678424507.00,12614602382.00,13684255947.00,14254866285.00,15013629662.00,15976174337.00,16578820687.00,17271760507.00,18610594846.00,20040642477.00,22715540324.00,26884700709.00,30801745700.00,30745714313.00,37658616952.00,42762613699.00,47231655432.00,50949668842.00,52016408854.00,56441920821.00,58847019610.00,60516044657.00,62420164992.00,64417670521.00,62395610760.00,64960725734.00
NY.GDP.MKTP.CD,Cote d'Ivoire,CIV,546203559.30,618245634.20,645284473.70,761047198.00,921063326.60,919771228.80,1024102880.00,1082922725.00,1281281277.00,1361360293.00,1455482795.00,1584128509.00,1849400402.00,2508421426.00,3070152309.00,3893839190.00,4662053825.00,6265068189.00,7900526298.00,9142933967.00,10175617609.00,8432589942.00,7567110849.00,6838184773.00,6841639247.00,6977650644.00,9158302100.00,10087654465.00,10255169806.00,9757410645.00,10795850583.00,10492628581.00,11152971274.00,11045760288.00,8313557510.00,11000146267.00,18071152831.00,18047558038.00,19619654756.00,18870992456.00,16577533892.00,16810537044.00,18054383321.00,21251754340.00,23510575681.00,24036918703.00,25281413263.00,28760090953.00,34078240293.00,33886813250.00,34936307980.00,36693710801.00,36302302877.00,42760235485.00,48843005614.00,45815005169.00,48407761037.00,52512343997.00,58522477787.00,60382894697.00,63027852805.00,72794636654.00
NY.GDP.MKTP.CD,Croatia,HRV,..,..,..,..,..,..,..,..,..,..,..,..,..,..,..,..,..,..,..,..,..,..,..,..,..,..,..,..,..,..,25650213280.00,18760386775.00,10621169291.00,11259647874.00,15062911617.00,22772394547.00,24150978347.00,24175764812.00,25890228430.00,23777026779.00,22134411297.00,23066883850.00,26757722429.00,35245317002.00,41836292157.00,45013119282.00,49590197657.00,59298265770.00,68478776206.00,62321642125.00,58981738869.00,62903737380.00,57551963753.00,59852401272.00,59612144078.00,51005200670.00,52654855638.00,56186190438.00,61668130123.00,61467582194.00,57963370885.00,69006802299.00
NY.GDP.MKTP.CD,Cuba,CUB,..,..,..,..,..,..,..,..,..,..,5693005200.00,6914658400.00,8135150892.00,9987709650.00,11405957317.00,13027415244.00,13789579903.00,14206158675.00,17844705325.00,19584443288.00,19912889861.00,20150254096.00,20953510235.00,22204940512.00,24039383608.00,22920490774.00,24226574634.00,25213935012.00,27458999472.00,27023468666.00,28645436569.00,24316556026.00,22085858243.00,22367254865.00,28448326757.00,30429803651.00,25017368700.00,25365908100.00,25736331200.00,28364615200.00,30565400000.00,31682400000.00,33590500000.00,35901200000.00,38203000000.00,42643836100.00,48835925926.00,54262870370.00,56302129630.00,57481481481.00,59562962963.00,68990000000.00,73141000000.00,77148000000.00,80656100000.00,87132800000.00,91370407864.00,96850649692.00,1.0005E+11,1.03428E+11,1.07352E+11,..
NY.GDP.MKTP.CD,Curacao,CUW,..,..,..,..,..,..,..,..,..,..,..,..,..,..,..,..,..,..,..,..,..,..,..,..,..,..,..,..,..,..,..,..,..,..,..,..,..,..,..,..,2120511229.00,2143450726.00,2160784693.00,2202117374.00,2237160503.00,2344637263.00,2457581732.00,2593831508.00,2833476145.00,2869153184.00,2951342793.00,2930092235.00,3012836257.00,3033568603.00,3059406983.00,3058779218.00,3024690168.00,3033433240.00,3046364804.00,3026124134.00,2534327598.00,2739608156.00
NY.GDP.MKTP.CD,Cyprus,CYP,..,..,..,..,..,..,..,..,..,..,..,..,..,..,..,489912542.30,576090016.40,734876218.00,964024705.30,1288699035.00,2154311277.00,2087496374.00,2159242417.00,2160364071.00,2278248953.00,2430411900.00,3090734463.00,3704813886.00,4278792597.00,4563482604.00,5591130218.00,5770197348.00,6912150456.00,6590291048.00,7425703929.00,9933137128.00,10011914680.00,9547816420.00,10248618778.00,10497907228.00,9985847314.00,10397898907.00,11420228846.00,14547329558.00,17320551250.00,18433412511.00,20072754987.00,23968727074.00,27844646258.00,26048179949.00,25799940078.00,27641547910.00,25047436975.00,23959712861.00,23225918260.00,19909278417.00,21046462281.00,22946570629.00,25754001368.00,26196667100.00,25555093854.00,30372874320.00
NY.GDP.MKTP.CD,Czechia,CZE,..,..,..,..,..,..,..,..,..,..,..,..,..,..,..,..,..,..,..,..,..,..,..,..,..,..,..,..,..,..,41016881802.00,30071014282.00,35051065440.00,41155654032.00,48188478339.00,60572381311.00,67804105330.00,62539765163.00,67187217328.00,65586562605.00,62175642238.00,68135304464.00,82607869610.00,1.00436E+11,1.20148E+11,1.37264E+11,1.56236E+11,1.90041E+11,2.36506E+11,2.06972E+11,2.11169E+11,2.31429E+11,2.10363E+11,2.13024E+11,2.10911E+11,1.89108E+11,1.98161E+11,2.21564E+11,2.51992E+11,2.56794E+11,2.5111E+11,2.90973E+11
NY.GDP.MKTP.CD,Denmark,DNK,6361166545.00,7058361229.00,7953274741.00,8466044980.00,9677401337.00,10870670865.00,11931740293.00,13059064806.00,13505574133.00,15414902667.00,17075457733.00,19086192720.00,23230667549.00,30718181337.00,34125712481.00,40418967666.00,44503607444.00,49711709588.00,60320089218.00,70393030603.00,70811287816.00,61459941461.00,60084214872.00,60331158447.00,58868891335.00,62452421011.00,87748695217.00,1.09183E+11,1.1554E+11,1.12312E+11,1.38218E+11,1.39181E+11,1.52966E+11,1.43111E+11,1.56018E+11,1.84848E+11,1.87481E+11,1.73241E+11,1.76877E+11,1.77888E+11,1.64044E+11,1.64882E+11,1.78788E+11,2.18421E+11,2.51986E+11,2.6515E+11,2.83386E+11,3.20213E+11,3.54979E+11,3.22619E+11,3.22346E+11,3.44316E+11,3.26793E+11,3.44631E+11,3.52833E+11,3.01759E+11,3.12182E+11,3.31611E+11,3.55293E+11,3.45401E+11,3.55631E+11,4.08378E+11
NY.GDP.MKTP.CD,Djibouti,DJI,..,..,..,..,..,..,..,..,..,..,..,..,..,..,..,..,..,..,..,..,..,..,..,..,..,340989528.00,..,373371738.30,395794538.60,409220087.10,452328087.30,462421998.50,478058304.90,466048469.20,491689220.70,497723960.60,494004647.70,502675542.00,514267869.30,536080148.10,551230861.90,572417440.80,591122039.60,622044665.50,666072101.80,708633194.70,768873684.00,847918929.10,999105339.30,1049110685.00,1128611700.00,1239144502.00,1353632942.00,2042817163.00,2214679081.00,2424391785.00,2604955229.00,2762581334.00,2913466732.00,3088853639.00,3185150981.00,3385825229.00
NY.GDP.MKTP.CD,Dominica,DMA,..,..,..,..,..,..,..,..,..,..,..,..,..,..,..,..,..,45872947.41,57130215.56,55017758.89,72804653.33,82107391.11,89527576.67,98665191.48,109157070.70,119491933.00,135161958.50,151868754.40,171106184.10,185137243.00,201429629.60,219762963.00,234059259.30,245525925.90,264374074.10,274522222.20,292285185.20,302988888.90,322411111.10,331759259.30,333470370.40,340203703.70,333196296.30,343311111.10,367200000.00,364255555.60,390251851.90,421374074.10,458188888.90,489074074.10,493825925.90,501025925.90,485996296.30,498296296.30,520429629.60,540737037.00,576229629.60,521551851.90,554770370.40,611537037.00,504214814.80,555266666.70
NY.GDP.MKTP.CD,Dominican Republic,DOM,672399700.00,654100200.00,824100000.00,940799900.00,1025599900.00,888100000.00,983900000.00,1034800000.00,1079100000.00,1230500000.00,1485500000.00,1666500000.00,1987400000.00,2344800000.00,2925700000.00,3599200000.00,3951500000.00,4587100000.00,4734400000.00,5498800000.00,6761300000.00,7561300000.00,8267400000.00,9220600000.00,11594000000.00,5044579979.00,6122128558.00,5827050753.00,5374299981.00,6686593060.00,7073675545.00,9824483340.00,11605382504.00,13081042400.00,14644734599.00,16637370839.00,18241622548.00,20017450041.00,21672215547.00,22136579397.00,24305780629.00,25601823688.00,27137440786.00,21403167848.00,22322387382.00,35777560684.00,37879830084.00,43965458509.00,48122601530.00,48261078914.00,53860187258.00,58029773599.00,60681535653.00,62682159338.00,67179955677.00,71164826837.00,75704647878.00,79998046306.00,85555390139.00,88941372558.00,78844656298.00,94243425938.00
NY.GDP.MKTP.CD,Ecuador,ECU,2069464937.00,1753850955.00,1518207703.00,1824343871.00,2244146103.00,2387047396.00,2429308639.00,2553595172.00,2582179864.00,3112165727.00,2862503139.00,2754219271.00,3185986087.00,3891754150.00,6599257044.00,7731674472.00,9091921030.00,11026342618.00,11922497876.00,14175160902.00,17881508242.00,21810759354.00,19929846396.00,17152477037.00,16912509092.00,17149088413.00,15314138472.00,13945426859.00,13051881851.00,13890823705.00,15239272612.00,16988535268.00,18094238119.00,18938717359.00,22708673337.00,24432884442.00,25226393197.00,28162053027.00,27981896948.00,19645272636.00,17539454727.00,23127055000.00,27054197000.00,30965208000.00,35194947000.00,40278849000.00,45690762000.00,49848725000.00,61139438000.00,60094978000.00,68151329000.00,78986648000.00,87735048000.00,96570334000.00,1.02718E+11,97209558000.00,97671433000.00,1.04467E+11,1.07479E+11,1.07596E+11,95865472000.00,1.07435E+11
NY.GDP.MKTP.CD,"Egypt, Arab Rep.",EGY,4206270175.00,4494575422.00,4035461922.00,4187146119.00,4709245635.00,4948667540.00,5278005612.00,5605484299.00,5932242991.00,6524455206.00,8042200452.00,8609283346.00,9299638056.00,10098534613.00,9228963225.00,11632178869.00,13315988083.00,14400806876.00,14811704063.00,18020571429.00,21669908176.00,22136081081.00,27655172414.00,30966239814.00,33971188992.00,39053502251.00,41253507951.00,40455616654.00,34980124929.00,39756299050.00,42978914311.00,37387836491.00,41855986519.00,46578631453.00,51897983393.00,60159245060.00,67629716981.00,78436578171.00,84828807556.00,90710704807.00,99838543960.00,96684636119.00,85146067416.00,80288461538.00,78782467532.00,89600665557.00,1.07426E+11,1.30438E+11,1.62818E+11,1.89147E+11,2.18984E+11,2.3599E+11,2.79117E+11,2.88434E+11,3.05595E+11,3.29367E+11,3.32442E+11,2.48363E+11,2.62589E+11,3.18679E+11,3.83818E+11,4.24672E+11
NY.GDP.MKTP.CD,El Salvador,SLV,..,..,..,..,..,877720000.00,929520000.00,976200000.00,1009760100.00,1049400000.00,1132920000.00,1186120000.00,1263720000.00,1442320000.00,1665880000.00,1884120100.00,2328280100.00,2941640100.00,3127960000.00,3463639900.00,3573959900.00,3437200200.00,3399189100.00,3506347800.00,3661683400.00,3800368600.00,3771663200.00,3958045800.00,4189880000.00,4372215300.00,4817542204.00,5252342400.00,5813399300.00,6680269200.00,7679384000.00,8921947100.00,9586327800.00,10221705900.00,10936669900.00,11284197000.00,11784927700.00,12282533600.00,12664190300.00,13243892200.00,13724810900.00,14698000000.00,15999890000.00,17011750000.00,17986890000.00,17601620000.00,18447920000.00,20283780000.00,21386150000.00,21990960000.00,22593470000.00,23438240000.00,24191430000.00,24979190000.00,26020850000.00,26881140000.00,24921190000.00,29043140000.00
NY.GDP.MKTP.CD,Equatorial Guinea,GNQ,..,..,37253333.33,44266666.67,51915000.00,64748333.33,69110000.00,72317446.93,67514285.71,67225714.29,66331428.57,64946954.76,65429198.24,81203226.91,94159862.71,104295643.40,103653049.90,103987520.10,..,..,50642880.77,36731422.85,44294647.73,44442456.95,50320914.41,62118569.97,76407395.87,93345859.53,100534656.90,88265974.86,112119411.50,110906028.50,134707183.80,136047906.20,100807002.50,141853360.90,232463022.80,442337870.70,370687634.40,621117885.70,1045998496.00,1461139022.00,1806742742.00,2484745935.00,4410764339.00,8217369093.00,10086528699.00,13071718759.00,19749893536.00,15027795173.00,16314443436.00,21357343669.00,22388344144.00,21948834284.00,21765453082.00,13185496881.00,11240808848.00,12200913879.00,13097012134.00,11364133550.00,9893816008.00,12215878033.00
NY.GDP.MKTP.CD,Eritrea,ERI,..,..,..,..,..,..,..,..,..,..,..,..,..,..,..,..,..,..,..,..,..,..,..,..,..,..,..,..,..,..,..,..,477101651.60,467872714.80,531688311.70,578015625.00,693535954.20,686490090.10,745523116.90,688918537.10,706370815.60,752371688.70,729321680.20,870248267.60,1109054005.00,1098424686.00,1211161880.00,1317974491.00,1380188800.00,1856695551.00,1589515447.00,2065001626.00,..,..,..,..,..,..,..,..,..,..
NY.GDP.MKTP.CD,Estonia,EST,..,..,..,..,..,..,..,..,..,..,..,..,..,..,..,..,..,..,..,..,..,..,..,..,..,..,..,..,..,..,..,..,..,4013091682.00,4123011420.00,4502970889.00,4786018988.00,5154420649.00,5674080543.00,5756912266.00,5686579748.00,6250218423.00,7370119619.00,9876595528.00,12148595031.00,14109491357.00,17025671810.00,22450264166.00,24342935404.00,19633984440.00,19524355419.00,23303915795.00,23237406116.00,25451032781.00,27055689003.00,23311847751.00,24561027788.00,27469461919.00,31222632741.00,31873748770.00,31820771494.00,37204563051.00
NY.GDP.MKTP.CD,Ethiopia,ETH,1610511694.00,1680859514.00,1747566307.00,1825058828.00,1984129186.00,2159998591.00,2324466416.00,2461762003.00,2619948865.00,2768987372.00,3045354455.00,3224280835.00,3520252938.00,4070570550.00,4577209966.00,4577047854.00,4943806093.00,5651840585.00,6014961435.00,6586048398.00,7012585454.00,7507663567.00,7899988841.00,8781664427.00,8298309581.00,9717392687.00,10094328898.00,10790001558.00,11181119718.00,11762932007.00,12478943895.00,13799799324.00,10754799037.00,9051043870.00,7100806754.00,7855205207.00,8761215548.00,8803539988.00,8013274132.00,7892973532.00,8242349618.00,8231326016.00,7850809498.00,8623691300.00,10131187261.00,12401139454.00,15280861835.00,19707616773.00,27066912635.00,32437389116.00,29933790334.00,31952763089.00,43310721414.00,47648276605.00,55612228234.00,64589328551.00,74296745208.00,81770886826.00,84269196626.00,95912607722.00,1.07658E+11,1.11262E+11
NY.GDP.MKTP.CD,Faroe Islands,FRO,..,..,..,..,..,57954522.42,64397131.08,66225403.56,65186666.67,70106666.67,84933333.33,99219082.85,119335897.80,161236465.80,196771070.90,227404436.00,270470345.40,347798304.60,397833034.90,448568492.70,493014300.00,456244919.00,444047495.30,486605127.70,426008864.70,459307281.20,688914288.90,886508622.30,968576956.90,871935350.40,960805408.90,909253214.80,912670413.30,760957189.80,758739178.60,901404709.80,989536914.70,933763083.40,1104744235.00,1127684827.00,1067109531.00,1160268212.00,1275093689.00,1501941581.00,1724770771.00,1759739599.00,2017680835.00,2339015313.00,2489873250.00,2296065170.00,2331796784.00,2505740669.00,2427200389.00,2690110521.00,2914012679.00,2573905971.00,2813278869.00,2980057378.00,3188600927.00,3266432734.00,3271813312.00,3664686797.00
NY.GDP.MKTP.CD,Fiji,FJI,112328422.10,116987784.90,122906435.00,129454728.60,140032741.50,147084750.00,150603925.50,162625885.90,166952937.10,182182067.70,219878482.20,247749327.70,316656648.70,425950487.50,558587097.40,684282434.40,694540806.40,719501765.80,829267889.40,1019691460.00,1202618816.00,1235626771.00,1194059943.00,1123085190.00,1178000678.00,1141168944.00,1290267340.00,1177947965.00,1110009523.00,1182660266.00,1337017559.00,1383883250.00,1532411039.00,1636101247.00,1825732093.00,1970301486.00,2128696644.00,2090221137.00,1653146717.00,1936459986.00,1678219508.00,1652462023.00,1833279985.00,2300492465.00,2708078477.00,2980403845.00,3076305453.00,3378314600.00,3523185920.00,2870624636.00,3140166713.00,3779411899.00,3972028104.00,4189967999.00,4857104791.00,4682479912.00,4930213634.00,5353469171.00,5581425325.00,5444407214.00,4432466237.00,4305031631.00
NY.GDP.MKTP.CD,Finland,FIN,5279481824.00,5984433774.00,6407796043.00,6958916548.00,7848987793.00,8680393839.00,9306142172.00,9468272357.00,8916565041.00,10177524839.00,11358529162.00,12528522307.00,14744499570.00,19474098335.00,24851036710.00,29475251333.00,31852352670.00,33502784418.00,36259392058.00,44469218440.00,53649984061.00,52440066134.00,52784013815.00,50956447481.00,52870993273.00,55856676899.00,73511611541.00,91564993913.00,1.09039E+11,1.18991E+11,1.41446E+11,1.27794E+11,1.12538E+11,89112105756.00,1.03183E+11,1.3406E+11,1.31992E+11,1.26863E+11,1.33991E+11,1.35234E+11,1.25968E+11,1.2952E+11,1.40361E+11,1.71613E+11,1.97458E+11,2.04859E+11,2.17044E+11,2.5636E+11,2.85699E+11,2.53481E+11,2.4943E+11,2.75127E+11,2.57443E+11,2.70268E+11,2.73479E+11,2.33211E+11,2.38778E+11,2.53846E+11,2.73869E+11,2.67015E+11,2.7E+11,2.94223E+11
NY.GDP.MKTP.CD,France,FRA,61756878990.00,66806595975.00,74888595286.00,83957182115.00,93079224076.00,1.00523E+11,1.08928E+11,1.17751E+11,1.28428E+11,1.40362E+11,1.46927E+11,1.64239E+11,2.01622E+11,2.62344E+11,2.83102E+11,3.56781E+11,3.68488E+11,4.06736E+11,5.01724E+11,6.08219E+11,6.94529E+11,6.09185E+11,5.78152E+11,5.53356E+11,5.25033E+11,5.47221E+11,7.64947E+11,9.26321E+11,1.01083E+12,1.01674E+12,1.25765E+12,1.25896E+12,1.38966E+12,1.31438E+12,1.38582E+12,1.59522E+12,1.59889E+12,1.44939E+12,1.49691E+12,1.48692E+12,1.36096E+12,1.37038E+12,1.49243E+12,1.8351E+12,2.10979E+12,2.19215E+12,2.31786E+12,2.65582E+12,2.9268E+12,2.70008E+12,2.64623E+12,2.87041E+12,2.68301E+12,2.81608E+12,2.86124E+12,2.44248E+12,2.47041E+12,2.58887E+12,2.78158E+12,2.72279E+12,2.64793E+12,2.96643E+12
NY.GDP.MKTP.CD,French Polynesia,PYF,..,..,..,..,..,176534588.40,215659453.60,220984367.60,259590074.50,242943783.10,254036000.80,296865513.70,326433558.10,431252938.10,555340842.90,690323388.50,732288906.30,793196378.70,1005569835.00,1215032464.00,1320416025.00,1234743073.00,1235897958.00,1284180701.00,1325515445.00,1448281228.00,2212028300.00,2677977163.00,2723496362.00,2731683484.00,3320159522.00,3410078968.00,3713785765.00,3544608548.00,3676123788.00,4186994249.00,4166072830.00,3762859093.00,3903186593.00,3911602004.00,3599845480.00,3573808556.00,3965405553.00,4927780607.00,5564109982.00,5705052135.00,5877997980.00,6631156406.00,7136741422.00,6584557974.00,6086644799.00,6203940037.00,5692858099.00,6031827123.00,6151996561.00,5325846362.00,5497036477.00,5833352693.00,6135116253.00,6022276196.00,5792545871.00,6150640646.00
NY.GDP.MKTP.CD,Gabon,GAB,141468977.80,167637907.10,182796536.30,154480244.10,215679855.30,226474285.80,245849781.30,271543680.00,294468564.20,318124701.50,323802475.50,381687072.60,430508358.50,722780701.30,1544216002.00,2157592940.00,3009409974.00,2809349069.00,2389479272.00,3030251120.00,4279637942.00,3862269121.00,3618007841.00,3391275732.00,3561451561.00,3339914757.00,3403638189.00,3281797043.00,3834503376.00,4186411464.00,5952293765.00,5402919785.00,5592390827.00,4378645081.00,4190819344.00,4958845648.00,5694040003.00,5326817115.00,4483417310.00,4662992036.00,5080483629.00,5023265413.00,5335451100.00,6511903365.00,7770219008.00,9582783991.00,10327598306.00,12455409587.00,15571348344.00,12113699068.00,14372593020.00,18210307744.00,17170464016.00,17595744798.00,18203966896.00,14383107763.00,14023890265.00,14929487485.00,16867326402.00,16874405465.00,15342236164.00,19444935097.00
NY.GDP.MKTP.CD,"Gambia, The",GMB,..,..,..,..,..,..,44212081.35,46695006.96,41160065.86,45168072.27,52296083.67,55728663.22,59160569.48,75187749.10,95796021.69,115179719.10,112190829.50,138093099.10,171833086.00,207112627.70,241083090.30,218767743.50,216050552.30,213448584.90,177340880.10,225726358.90,185646986.80,220626484.20,266672211.90,284120329.40,317083695.50,690311080.50,714254256.10,755040974.10,746493951.90,785999864.80,848239446.20,803633342.50,840285264.60,814724032.10,782913871.80,687410645.10,578235309.30,487038685.00,961900651.40,1027701068.00,1054112488.00,1279703047.00,1561766956.00,1450142509.00,1543294927.00,1409693597.00,1415004738.00,1375609453.00,1229461721.00,1378176609.00,1484578886.00,1504909463.00,1670671328.00,1813609692.00,1812170891.00,2014158842.00
NY.GDP.MKTP.CD,Georgia,GEO,..,..,..,..,..,..,..,..,..,..,..,..,..,..,..,..,..,..,..,..,..,..,..,..,..,..,..,7321981334.00,8833588173.00,8902632715.00,7735927264.00,6339735099.00,3690328964.00,2701181331.00,2513870587.00,2693731866.00,3094935187.00,3510520231.00,3613497317.00,2800025883.00,3057475335.00,3219462262.00,3395766678.00,3991377904.00,5125365192.00,6410912050.00,7745250734.00,10172931089.00,12795145131.00,10766920066.00,12426907967.00,15475290469.00,16894392033.00,17517660144.00,17966015109.00,15223796149.00,15444548902.00,16473125375.00,17902544881.00,17638337117.00,16010869216.00,18853115589.00
NY.GDP.MKTP.CD,Germany,DEU,84619845881.00,96558204043.00,1.05895E+11,1.12233E+11,1.2333E+11,1.34775E+11,1.43304E+11,1.45101E+11,1.56527E+11,1.77733E+11,2.16629E+11,2.50901E+11,3.009E+11,3.99834E+11,4.46935E+11,4.92434E+11,5.21659E+11,6.02698E+11,7.43183E+11,8.84574E+11,9.53772E+11,8.03405E+11,7.79422E+11,7.73508E+11,7.27768E+11,7.35219E+11,1.05009E+12,1.30293E+12,1.40637E+12,1.40409E+12,1.77816E+12,1.87579E+12,2.14138E+12,2.07895E+12,2.21528E+12,2.59305E+12,2.50658E+12,2.21879E+12,2.24776E+12,2.21387E+12,1.96698E+12,1.96638E+12,2.10235E+12,2.53472E+12,2.85232E+12,2.89339E+12,3.04631E+12,3.48406E+12,3.80879E+12,3.4798E+12,3.46815E+12,3.82483E+12,3.5979E+12,3.80809E+12,3.9658E+12,3.42357E+12,3.53778E+12,3.76309E+12,4.05201E+12,3.95721E+12,3.94014E+12,4.3483E+12
NY.GDP.MKTP.CD,Ghana,GHA,1217230095.00,1302674325.00,1382515654.00,1540797589.00,1731296200.00,2053462968.00,2126300672.00,1747187645.00,1666909518.00,1962050556.00,2215028588.00,2417108578.00,2112293280.00,3006766758.00,2894409938.00,2810106383.00,2765254237.00,3189428571.00,3662478185.00,4020227920.00,4445228216.00,4222441860.00,4035994398.00,4057275132.00,4412279843.00,4504306723.00,5735677434.00,5074829932.00,5197765032.00,5251858440.00,5889106573.00,6603185268.00,6416103926.00,5968922939.00,5446383727.00,6464382808.00,6932991739.00,6891443192.00,7482069162.00,7718109982.00,4982850662.00,5314872854.00,6166197848.00,7632723556.00,8881417907.00,10744568381.00,20885037597.00,24827339138.00,28679383241.00,26048720006.00,32197655567.00,39336668081.00,41271701061.00,62824629066.00,54783319817.00,49406010054.00,56164929305.00,60405924079.00,67298914624.00,68337969248.00,70043099676.00,79524421861.00
NY.GDP.MKTP.CD,Gibraltar,GIB,..,..,..,..,..,..,..,..,..,..,..,..,..,..,..,..,..,..,..,..,..,..,..,..,..,..,..,..,..,..,..,..,..,..,..,..,..,..,..,..,..,..,..,..,..,..,..,..,..,..,..,..,..,..,..,..,..,..,..,..,..,..
NY.GDP.MKTP.CD,Greece,GRC,4274890307.00,4892397431.00,5140542929.00,5813285627.00,6576906345.00,7582209670.00,8472021467.00,9146592856.00,9950331206.00,11454106327.00,12957113636.00,14388806818.00,16650659091.00,22037019563.00,24998715909.00,28129128587.00,30719552239.00,35673080481.00,43654480519.00,53724121435.00,56039256595.00,51618456335.00,53858346939.00,48741397059.00,47352146312.00,47155741426.00,55595445472.00,64739630096.00,75200610137.00,78067933277.00,96529587274.00,1.03681E+11,1.14608E+11,1.07296E+11,1.1498E+11,1.34975E+11,1.42503E+11,1.38766E+11,1.39613E+11,1.37131E+11,1.2576E+11,1.3205E+11,1.50254E+11,1.96931E+11,2.3498E+11,2.42316E+11,2.69073E+11,3.14227E+11,3.51121E+11,3.26829E+11,2.96418E+11,2.83228E+11,2.38841E+11,2.36556E+11,2.33912E+11,1.94567E+11,1.93097E+11,2.00381E+11,2.13299E+11,2.07306E+11,1.91363E+11,2.18304E+11
NY.GDP.MKTP.CD,Greenland,GRL,..,..,..,..,..,..,..,..,..,..,69520026.67,88466738.25,106101297.80,140153748.20,169918948.60,211190630.30,240779417.80,282269749.20,355987433.40,420645821.50,476051740.80,435748993.40,402403041.00,416184071.00,379371901.50,412876382.80,603016292.70,787390409.00,898607670.60,929799902.20,1018977280.00,1016500069.00,1037916163.00,927214151.80,1005887539.00,1208953287.00,1197515569.00,1072154434.00,1149858070.00,1131555107.00,1068025016.00,1086170704.00,1169136716.00,1558759823.00,1822499769.00,1849802648.00,2013106930.00,2249811296.00,2499092314.00,2529963903.00,2503167187.00,2684461375.00,2609678486.00,2684946990.00,2842065708.00,2499113023.00,2707139544.00,2851613679.00,3055782146.00,2997309972.00,3082884653.00,3235809504.00
NY.GDP.MKTP.CD,Grenada,GRD,..,..,..,..,..,..,..,..,..,..,..,..,..,..,..,..,..,71494495.19,88322386.30,102244362.20,110900457.00,115651918.90,125435590.00,131803552.20,145533310.70,167728455.20,187589522.60,215009569.60,236357523.70,267327642.20,278098763.00,300757888.90,310160444.40,309812185.20,325111814.80,342172518.50,366911444.40,392190592.60,445903592.60,482009370.40,520044370.40,520444185.20,540336925.90,591018407.40,599118592.60,695555555.60,698700666.70,758683592.60,825976037.00,771275555.60,771014814.80,778655555.60,799881481.50,842618518.50,911496296.30,997007407.40,1061640741.00,1125685185.00,1166514815.00,1213485185.00,1043411111.00,1122800000.00
NY.GDP.MKTP.CD,Guam,GUM,..,..,..,..,..,..,..,..,..,..,..,..,..,..,..,..,..,..,..,..,..,..,..,..,..,..,..,..,..,..,..,..,..,..,..,..,..,..,..,..,..,..,3394000000.00,3569000000.00,3869000000.00,4213000000.00,4238000000.00,4397000000.00,4658000000.00,4828000000.00,4949000000.00,4984000000.00,5265000000.00,5399000000.00,5610000000.00,5799000000.00,5901000000.00,6013000000.00,6051000000.00,6355000000.00,5916000000.00,6234000000.00
NY.GDP.MKTP.CD,Guatemala,GTM,1043599900.00,1076699900.00,1143600000.00,1262800000.00,1299099900.00,1331399900.00,1390700000.00,1453500000.00,1610500000.00,1715399900.00,1904000000.00,1984800000.00,2101300000.00,2569200100.00,3161499900.00,3645900000.00,4365300200.00,5480500200.00,6070600200.00,6902600200.00,7878700000.00,8607500300.00,8716999700.00,9050000400.00,9470000100.00,9721652087.00,7231963516.00,7084399840.00,7841602824.00,8410724361.00,7650196845.00,9406135143.00,10440781588.00,11400017301.00,12983233311.00,14655404433.00,15674835615.00,17790026222.00,19395491993.00,18318412251.00,19288929030.00,18405220247.00,20444205991.00,21576351799.00,23577298095.00,26783389294.00,29744246827.00,33567850824.00,38503720224.00,37126148265.00,40676578423.00,46876006272.00,49593929487.00,52996446269.00,57852153059.00,62186064719.00,66053403469.00,71653754066.00,73328365862.00,77172317259.00,77719464221.00,86478835636.00
NY.GDP.MKTP.CD,Guinea,GIN,..,..,..,..,..,..,..,..,..,..,3220224608.00,3594302908.00,4203069035.00,5152080388.00,5691417541.00,6102769605.00,6762781871.00,6914381291.00,8087305999.00,8877094497.00,9746524915.00,9646440667.00,11926032493.00,15129893722.00,18421497251.00,22787644566.00,2909130355.00,2976714019.00,3476480303.00,3546079263.00,3888320666.00,4396178694.00,4789220417.00,4781166117.00,4932800407.00,5385704166.00,5641243100.00,5516916163.00,5232118046.00,5046806783.00,4367458867.00,4125527603.00,4301608753.00,5025167975.00,5300767961.00,4282468637.00,4220019845.00,6281918226.00,6964179983.00,6716905340.00,6853467146.00,6785137203.00,7638044557.00,8376613539.00,8778473373.00,8794201743.00,8595955222.00,10324668271.00,11857030367.00,13442861496.00,14088693743.00,17069115738.00
NY.GDP.MKTP.CD,Guinea-Bissau,GNB,..,..,..,..,..,..,..,..,..,..,204670550.80,204167296.90,227986203.30,232331281.40,256769730.30,283311996.80,292152321.50,298871674.90,318876550.40,308143183.30,287648258.30,402230865.20,430284021.90,425225176.80,359980490.70,373959151.10,338524232.60,451893375.00,427514321.50,554072302.80,634187269.20,668470890.80,588309271.30,615779518.80,612502084.80,660195402.00,702965147.60,698107222.40,591034143.40,579365780.10,391345597.50,412610871.50,466773711.20,553614800.10,582169841.30,639776040.70,634781901.30,753162998.00,952667544.00,890167833.40,940112538.90,1157074319.00,1049412177.00,1109682824.00,1135250721.00,1152384167.00,1245074264.00,1469978606.00,1554133594.00,1588638854.00,1646400350.00,1853796456.00
NY.GDP.MKTP.CD,Guyana,GUY,170216241.10,185849535.40,194949512.60,175757893.90,194774513.10,213235294.10,228705882.40,250176470.60,229750000.00,249300000.00,267800000.00,282050000.00,285380952.40,307047619.00,433954545.50,494791666.70,454440000.00,449880000.00,507080000.00,530440000.00,603200000.00,570357107.10,482000000.00,489333333.30,437631605.30,453488372.10,504651139.50,354591846.90,413799990.00,379779389.70,396582263.30,348533094.80,373573141.50,454101382.50,540874934.20,621626785.90,705406001.40,749138009.60,717530683.20,694754988.30,712667896.70,712167450.20,726131434.70,743063950.30,787814379.20,824880550.30,2379817991.00,2730971595.00,3025187433.00,3165663153.00,3432912517.00,3691384318.00,4063088536.00,4167800929.00,4127660152.00,4279840194.00,4482697337.00,4748174334.00,4787636998.00,5173760192.00,5471256595.00,8041363893.00
NY.GDP.MKTP.CD,Haiti,HTI,273187200.00,271066000.00,281896800.00,294883400.00,325281200.00,353251800.00,368948600.00,369124200.00,367968800.00,391820400.00,331200000.00,362800000.00,371998958.40,466798973.00,565399321.50,681400000.00,879000000.00,947000000.00,974200000.00,1080600000.00,1383800000.00,1479400000.00,1474200000.00,1623600000.00,1816200000.00,2009400000.00,2318000000.00,2047200000.00,2613926800.00,2736243800.00,3096289800.00,3473562628.00,2257129792.00,1878253767.00,2167569046.00,2813313279.00,2907517604.00,3338949152.00,3723903724.00,4153725884.00,6813566099.00,6331970324.00,6205847214.00,5071947798.00,6087360684.00,7030149730.00,7638739123.00,9228637768.00,10432962635.00,11597002835.00,11859312725.00,13008746039.00,13708925477.00,14902488604.00,15146883498.00,14849629309.00,14069277526.00,15093357161.00,16403864618.00,15016090930.00,14508222518.00,20877414953.00
NY.GDP.MKTP.CD,Honduras,HND,335650000.00,356200000.00,387750000.00,410200000.00,457000000.00,508650000.00,549950000.00,598100000.00,646800000.00,668000050.00,723000000.00,731000000.00,802996336.50,912499493.80,1034500000.00,1124000000.00,1347999950.00,1669499950.00,3097242093.00,3544281977.00,3968160046.00,4043894879.00,4266503526.00,4476697185.00,4915311847.00,5278120713.00,5677828959.00,6190521242.00,5902717091.00,5432344902.00,4923009552.00,4648668479.00,4943700431.00,4926728933.00,4642280682.00,5347445005.00,5215028986.00,5737099650.00,6366340266.00,6414520530.00,7186638029.00,7651162302.00,7858255413.00,8230391347.00,8869299234.00,9757012697.00,10917477066.00,12361257681.00,13881731876.00,14587496229.00,15839344592.00,17710275685.00,18528554398.00,18499729215.00,19756533972.00,20979791685.00,21717604952.00,23136247991.00,24067750760.00,24882225742.00,23352232484.00,28144331507.00
NY.GDP.MKTP.CD,"Hong Kong SAR, China",HKG,1320796652.00,1383681651.00,1612346412.00,1935298266.00,2206466461.00,2435078534.00,2489845017.00,2692474989.00,2716964388.00,3189740055.00,3800766536.00,4476001946.00,5710090213.00,8030117556.00,9388695367.00,10048089558.00,12876366009.00,15719433719.00,18315136409.00,22526184533.00,28861857811.00,31055226089.00,32291215844.00,29907227184.00,33511383986.00,35699772166.00,41075396885.00,50622896163.00,59707404561.00,68790219178.00,76928784621.00,88959997900.00,1.04273E+11,1.20354E+11,1.35812E+11,1.44652E+11,1.59718E+11,1.77353E+11,1.68885E+11,1.65768E+11,1.71669E+11,1.69404E+11,1.66349E+11,1.61386E+11,1.691E+11,1.81569E+11,1.93535E+11,2.11597E+11,2.19279E+11,2.14048E+11,2.28639E+11,2.48514E+11,2.62629E+11,2.75697E+11,2.9146E+11,3.09386E+11,3.2086E+11,3.41273E+11,3.61731E+11,3.63075E+11,3.44943E+11,3.68954E+11
NY.GDP.MKTP.CD,Hungary,HUN,..,..,..,..,..,..,..,..,4870283626.00,5412100260.00,5762071728.00,6271045034.00,7355242314.00,9108483161.00,9983664739.00,11383139029.00,13192437321.00,14735449497.00,17230354545.00,19894622393.00,23041569235.00,23628554957.00,24062916721.00,21838893331.00,21173432185.00,21440475720.00,24697337084.00,27143185297.00,29702631094.00,30323270274.00,34365891769.00,34753569693.00,38730585922.00,40124916941.00,43166678735.00,46425677734.00,46658755152.00,47296952929.00,48706787306.00,49073380174.00,47218405892.00,53749989092.00,67608919144.00,85285062818.00,1.04121E+11,1.13211E+11,1.15716E+11,1.40187E+11,1.58326E+11,1.31069E+11,1.32175E+11,1.41942E+11,1.28814E+11,1.35684E+11,1.41034E+11,1.25174E+11,1.2861E+11,1.43112E+11,1.60566E+11,1.6402E+11,1.57289E+11,1.8211E+11
NY.GDP.MKTP.CD,Iceland,ISL,252169712.00,257703244.60,289200704.40,345175036.10,440797869.30,531569563.90,638349755.20,630567115.80,481532847.60,420945147.60,526704545.50,670251136.40,839652164.10,1154440253.00,1515190595.00,1406875081.00,1669488390.00,2208509076.00,2511826196.00,2853435054.00,3381419251.00,3492997010.00,3206626645.00,2765950336.00,2864441387.00,2984052357.00,3989622739.00,5520318405.00,6106635816.00,5672569449.00,6468736356.00,6909730288.00,7080981738.00,6218581532.00,6389460343.00,7123633418.00,7426082271.00,7569672925.00,8503693099.00,8982047589.00,9025660362.00,8234846805.00,9318395055.00,11429333038.00,13825302536.00,16852963067.00,17465318552.00,21652505597.00,18074622987.00,13154414219.00,13751161918.00,15221622926.00,14751508134.00,16125060515.00,17867662178.00,17517210519.00,20793168031.00,24728285177.00,26260850582.00,24681343649.00,21629953194.00,25825287184.00
NY.GDP.MKTP.CD,India,IND,37029883876.00,39232435784.00,42161481858.00,48421923459.00,56480289941.00,59556105229.00,45581230504.00,50134942204.00,53085455871.00,58447995017.00,62422483055.00,67351404352.00,71464700667.00,85517673173.00,99526597934.00,98473832017.00,1.02716E+11,1.21487E+11,1.37302E+11,1.52995E+11,1.86329E+11,1.93491E+11,2.00716E+11,2.18262E+11,2.12158E+11,2.32512E+11,2.48986E+11,2.79034E+11,2.9659E+11,2.96042E+11,3.20979E+11,2.70105E+11,2.88208E+11,2.79296E+11,3.27275E+11,3.60282E+11,3.92897E+11,4.15868E+11,4.21351E+11,4.58821E+11,4.68396E+11,4.8544E+11,5.14939E+11,6.07701E+11,7.09153E+11,8.20384E+11,9.4026E+11,1.21674E+12,1.1989E+12,1.34189E+12,1.67562E+12,1.82305E+12,1.82764E+12,1.85672E+12,2.03913E+12,2.10359E+12,2.2948E+12,2.65147E+12,2.70293E+12,2.83561E+12,2.67485E+12,3.16727E+12
NY.GDP.MKTP.CD,Indonesia,IDN,..,..,..,..,..,..,..,5667756628.00,7076465300.00,8337423313.00,9150684932.00,9333536370.00,10997590361.00,16273253012.00,25802409639.00,30463855422.00,37269156627.00,45808915663.00,51455719076.00,51400186343.00,72482337397.00,85518233419.00,90158449295.00,81052283384.00,84853700028.00,85289488375.00,79954072545.00,75929617558.00,84300174486.00,94451427877.00,1.06141E+11,1.16622E+11,1.28027E+11,1.58007E+11,1.76892E+11,2.02132E+11,2.2737E+11,2.15749E+11,95445547873.00,1.40001E+11,1.65021E+11,1.60447E+11,1.95661E+11,2.34772E+11,2.56837E+11,2.85869E+11,3.64571E+11,4.32217E+11,5.10229E+11,5.3958E+11,7.55094E+11,8.92969E+11,9.1787E+11,9.12524E+11,8.90815E+11,8.60854E+11,9.31877E+11,1.01562E+12,1.04227E+12,1.1191E+12,1.05905E+12,1.18651E+12
NY.GDP.MKTP.CD,"Iran, Islamic Rep.",IRN,4199134390.00,4426949095.00,4693566416.00,4928628018.00,5379845648.00,6197319929.00,6789938672.00,7555383690.00,8623172960.00,9743089607.00,10976245154.00,13731802833.00,17153463263.00,27081698250.00,46209092072.00,51776222350.00,68055295081.00,80600122702.00,77994316621.00,90391877326.00,94362275580.00,1.00499E+11,1.25949E+11,1.56365E+11,1.62277E+11,1.80184E+11,2.09095E+11,1.3401E+11,1.23058E+11,1.20496E+11,1.24813E+11,1.31638E+11,1.19769E+11,63743623231.00,71841461172.00,96419225745.00,1.20404E+11,1.13919E+11,1.10277E+11,1.13848E+11,1.09592E+11,1.26879E+11,1.28627E+11,1.51911E+11,1.87755E+11,2.2497E+11,2.65602E+11,3.49737E+11,4.06071E+11,4.14059E+11,4.8707E+11,6.29082E+11,6.44019E+11,5.004E+11,4.62285E+11,4.09192E+11,4.59043E+11,4.89169E+11,3.9888E+11,3.33519E+11,2.62186E+11,3.83436E+11
NY.GDP.MKTP.CD,Iraq,IRQ,1537252193.00,1671960965.00,1784174541.00,1805901510.00,2136408198.00,2335785506.00,2530306096.00,2551522656.00,2896598841.00,3007758797.00,3281318687.00,3865346535.00,4113848002.00,5134367778.00,11516762614.00,13458516763.00,17754825601.00,19838130715.00,23762275652.00,37816457839.00,52569000000.00,37823000000.00,42382333333.00,40712903226.00,46938387097.00,48425161290.00,47264516129.00,56774193548.00,62684516129.00,65831935484.00,1.80408E+11,407796349.70,553671957.70,1031944881.00,3991349283.00,12894029888.00,10433698621.00,20764857056.00,20617405044.00,36881601584.00,48364250944.00,36176430129.00,32928454672.00,21921569479.00,36633669269.00,50065104668.00,65147051918.00,88837057320.00,1.31614E+11,1.11658E+11,1.38517E+11,1.8575E+11,2.18002E+11,2.34638E+11,2.28416E+11,1.66774E+11,1.66744E+11,1.87218E+11,2.27367E+11,2.33636E+11,1.80899E+11,2.09692E+11
NY.GDP.MKTP.CD,Ireland,IRL,1998550222.00,2151772980.00,2329372972.00,2505073358.00,2851091646.00,3035655794.00,3198820904.00,3445739915.00,3378701147.00,3902721632.00,4395995086.00,5098250287.00,6318060582.00,7481173066.00,7896860615.00,9483808362.00,9453756015.00,11248340431.00,14647996074.00,18319334300.00,21747855640.00,20670190138.00,21474754080.00,20766047764.00,20106648455.00,21270013326.00,28714571852.00,33920518493.00,37772897421.00,39238392678.00,49305632408.00,49787502852.00,55918538121.00,52417477614.00,57097656066.00,69139823232.00,75790785030.00,82856648758.00,90199410116.00,98893958263.00,1.00208E+11,1.09347E+11,1.28596E+11,1.64671E+11,1.94372E+11,2.11877E+11,2.32181E+11,2.70079E+11,2.75447E+11,2.36443E+11,2.21986E+11,2.41337E+11,2.27271E+11,2.43302E+11,2.66787E+11,3.02391E+11,3.05733E+11,3.48532E+11,3.95461E+11,4.07125E+11,4.36556E+11,5.31307E+11
NY.GDP.MKTP.CD,Isle of Man,IMN,..,..,..,..,..,..,..,..,..,..,..,..,..,..,..,..,..,..,..,..,..,..,..,..,251195796.80,256330852.20,356287012.60,459975486.20,584702952.70,617619437.20,761514559.70,821507936.50,854849069.80,765647870.40,833255280.10,922269212.60,1007205928.00,1178261297.00,1385124213.00,1573742113.00,1601050083.00,1668684324.00,1891002698.00,2252620408.00,2802206152.00,3032411027.00,3422733202.00,4466350656.00,5928791505.00,5486921247.00,5920369790.00,6565667053.00,6690228372.00,7001175623.00,7708454412.00,7084800892.00,6846377563.00,6979788334.00,7491649456.00,7314967866.00,6684225641.00,7931193222.00
NY.GDP.MKTP.CD,Israel,ISR,3064824614.00,3701628228.00,2960588778.00,3529314756.00,4016794166.00,4320961974.00,4694475521.00,4753451344.00,5448186540.00,6286036401.00,7392816015.00,7041133471.00,9206101184.00,11882380396.00,17142653330.00,16114210526.00,15927976744.00,18224638345.00,17668930043.00,22569139913.00,25349508550.00,26833679976.00,29202655837.00,32616995896.00,30590497936.00,28853757189.00,35769715530.00,42972129787.00,52556269374.00,52349172912.00,61905208273.00,70871081525.00,79314801236.00,79712276314.00,90576930829.00,1.05308E+11,1.14867E+11,1.19246E+11,1.20358E+11,1.21167E+11,1.36225E+11,1.34621E+11,1.25055E+11,1.31315E+11,1.39899E+11,1.47103E+11,1.58723E+11,1.84069E+11,2.20552E+11,2.12454E+11,2.38913E+11,2.67406E+11,2.62918E+11,2.97634E+11,3.1409E+11,3.02723E+11,3.20959E+11,3.57227E+11,3.7515E+11,3.99651E+11,4.11729E+11,4.89708E+11
NY.GDP.MKTP.CD,Italy,ITA,42012422612.00,46649487320.00,52413872628.00,60035924618.00,65720771779.00,70717012186.00,76622444787.00,84401995573.00,91485448148.00,1.00997E+11,1.13657E+11,1.2496E+11,1.45595E+11,1.75897E+11,2.00024E+11,2.28221E+11,2.25235E+11,2.5819E+11,3.15784E+11,3.94585E+11,4.78357E+11,4.31696E+11,4.28257E+11,4.44063E+11,4.38897E+11,4.5326E+11,6.41862E+11,8.0757E+11,8.93664E+11,9.30802E+11,1.18395E+12,1.24909E+12,1.3232E+12,1.06741E+12,1.10175E+12,1.17737E+12,1.31478E+12,1.24499E+12,1.27273E+12,1.255E+12,1.14966E+12,1.17204E+12,1.28175E+12,1.58293E+12,1.81281E+12,1.86498E+12,1.95856E+12,2.22252E+12,2.41751E+12,2.20948E+12,2.14494E+12,2.30697E+12,2.09793E+12,2.15323E+12,2.17326E+12,1.84543E+12,1.88711E+12,1.97072E+12,2.09944E+12,2.01961E+12,1.90748E+12,2.17921E+12
NY.GDP.MKTP.CD,Jamaica,JAM,699064380.40,748043500.80,777727688.90,826706669.30,897949000.80,972159611.10,1096759561.00,1148014311.00,1083839133.00,1191239047.00,1404720442.00,1539861816.00,1875146587.00,1905917553.00,2375122375.00,2860442750.00,2966042856.00,3249733140.00,2644527822.00,2425064229.00,2679379372.00,2979027966.00,3293496312.00,3619262277.00,2373564549.00,2100239019.00,2754549582.00,3287007322.00,3828342820.00,4404937853.00,4592208087.00,4106207649.00,3535460090.00,5440075676.00,5452558947.00,6577520643.00,7393891921.00,8400041724.00,8787195622.00,8887057997.00,9005064475.00,9194727831.00,9719009495.00,9430234811.00,10174664854.00,11243865778.00,11930179090.00,12799600047.00,13709401520.00,12120458115.00,13220549908.00,14444661522.00,14807086556.00,14264205153.00,13899217722.00,14188936958.00,14077096714.00,14808985171.00,15730792836.00,15830766571.00,13812421803.00,14657586127.00
NY.GDP.MKTP.CD,Japan,JPN,47419238274.00,57266758180.00,64987857542.00,74379284603.00,87490590818.00,97338107606.00,1.13047E+11,1.32476E+11,1.56897E+11,1.84299E+11,2.17224E+11,2.45364E+11,3.24934E+11,4.41461E+11,4.90036E+11,5.32861E+11,5.98884E+11,7.37069E+11,1.03561E+12,1.07791E+12,1.12938E+12,1.24522E+12,1.15873E+12,1.27086E+12,1.34582E+12,1.42702E+12,2.12008E+12,2.58075E+12,3.12572E+12,3.10946E+12,3.1859E+12,3.64807E+12,3.9807E+12,4.53694E+12,4.9988E+12,5.54556E+12,4.92339E+12,4.49245E+12,4.09836E+12,4.63598E+12,4.96836E+12,4.37471E+12,4.18285E+12,4.51956E+12,4.89312E+12,4.83147E+12,4.60166E+12,4.57975E+12,5.10668E+12,5.28949E+12,5.75907E+12,6.23315E+12,6.27236E+12,5.21233E+12,4.89699E+12,4.44493E+12,5.00368E+12,4.93084E+12,5.04088E+12,5.11799E+12,5.05559E+12,5.03462E+12
NY.GDP.MKTP.CD,Jordan,JOR,..,..,..,..,..,599759760.10,657999736.80,631679747.30,561119775.60,698879720.40,639519744.20,678159728.70,788479684.60,943783839.70,1197483949.00,1363073498.00,1708521219.00,2096778602.00,2602208589.00,3271368781.00,3910044474.00,4383944703.00,4681240993.00,4920692191.00,4967162160.00,4993601520.00,6402050485.00,6756209762.00,6277451829.00,4221373674.00,4160087508.00,4344467193.00,5310833194.00,5606400222.00,6236295978.00,6727597032.00,6927503526.00,7245839210.00,7912270804.00,8149929478.00,8460789845.00,8975814653.00,9582510578.00,10195627645.00,11411706629.00,12588998590.00,15056981664.00,17110437236.00,22658715989.00,24537876056.00,27133804225.00,29524149155.00,31634561690.00,34454440141.00,36847643521.00,38587017887.00,39892551127.00,41608435915.00,43370860704.00,44503006338.00,43700383099.00,46296100141.00
NY.GDP.MKTP.CD,Kazakhstan,KAZ,..,..,..,..,..,..,..,..,..,..,..,..,..,..,..,..,..,..,..,..,..,..,..,..,..,..,..,..,..,..,26932016270.00,24923076923.00,24917355372.00,23409260880.00,21250792886.00,20374302652.00,21035357937.00,22165932063.00,22135245507.00,16870817182.00,18291990662.00,22152689180.00,24636598527.00,30833692900.00,43151647003.00,57123671734.00,81003864630.00,1.0485E+11,1.33442E+11,1.15309E+11,1.48047E+11,1.92626E+11,2.07999E+11,2.36635E+11,2.21416E+11,1.84388E+11,1.37278E+11,1.66806E+11,1.7934E+11,1.81667E+11,1.71082E+11,1.97112E+11
NY.GDP.MKTP.CD,Kenya,KEN,791265459.50,792959472.80,868111400.80,926589349.40,998759334.50,997919320.80,1164519674.00,1232559507.00,1353295459.00,1458379417.00,1603447359.00,1778391289.00,2107279157.00,2509001324.00,2969958812.00,3259345083.00,3474542392.00,4494378764.00,5303735111.00,6234391113.00,7265315820.00,6854491706.00,6431579357.00,5979198314.00,6191437070.00,6135034214.00,7239126568.00,7970820369.00,8355380879.00,8283114514.00,8572359038.00,8151488783.00,8209120763.00,5751786643.00,7148148564.00,9046320255.00,12045865396.00,13115764358.00,14093998844.00,12896010459.00,12705350098.00,12986007426.00,13147736899.00,14904517650.00,16095337094.00,18737895513.00,25825512284.00,31958195182.00,35895153328.00,42347217913.00,45405615064.00,46869473151.00,56396704672.00,61671440408.00,68285796514.00,70120446897.00,74815144164.00,82036510877.00,92202979985.00,1.00378E+11,1.00658E+11,1.09704E+11
NY.GDP.MKTP.CD,Kiribati,KIR,..,..,..,..,..,..,..,..,..,..,11560877.28,12356134.38,15314346.49,25645040.47,69256488.52,44547453.60,33246816.50,31335458.70,36563964.55,34466197.03,33157723.11,35267489.24,32742712.65,31000545.77,34394167.04,26126615.23,25993008.79,29554412.53,38278810.32,37645319.20,36534294.80,41247772.37,61491394.21,58953627.94,67055363.32,68596369.28,81456842.38,80205788.23,74905725.15,77323948.45,74910555.25,64935847.47,74743892.16,96105634.75,104085862.40,113895467.70,112338362.50,138054961.90,147017897.70,140177363.70,165458478.20,195970104.40,207001557.80,201730847.80,200287275.60,191559398.20,206467834.00,222875724.70,233514703.70,216985362.30,223123620.60,289339292.20
NY.GDP.MKTP.CD,"Korea, Dem. People's Rep.",PRK,..,..,..,..,..,..,..,..,..,..,..,..,..,..,..,..,..,..,..,..,..,..,..,..,..,..,..,..,..,..,..,..,..,..,..,..,..,..,..,..,..,..,..,..,..,..,..,..,..,..,..,..,..,..,..,..,..,..,..,..,..,..
NY.GDP.MKTP.CD,"Korea, Rep.",KOR,3958811881.00,2417628737.00,2814615385.00,3988461538.00,3459019943.00,3120861499.00,3929055144.00,4855892446.00,6119394892.00,7678698838.00,9005144969.00,9903571249.00,10862211761.00,13876472208.00,19543973941.00,21784297521.00,29902479339.00,38446487603.00,51972107438.00,66946900826.00,65398377598.00,72933533012.00,78358416171.00,87760553262.00,97510744119.00,1.01296E+11,1.16836E+11,1.47949E+11,1.99591E+11,2.46929E+11,2.83366E+11,3.30647E+11,3.55525E+11,3.92666E+11,4.6362E+11,5.66581E+11,6.10167E+11,5.69755E+11,3.83332E+11,4.97514E+11,5.76179E+11,5.47656E+11,6.27247E+11,7.02715E+11,7.93176E+11,9.34901E+11,1.05322E+12,1.17261E+12,1.04734E+12,9.43942E+11,1.14367E+12,1.25329E+12,1.27805E+12,1.37063E+12,1.48449E+12,1.46604E+12,1.49968E+12,1.62307E+12,1.72537E+12,1.65142E+12,1.64431E+12,1.81843E+12
NY.GDP.MKTP.CD,Kosovo,XKX,..,..,..,..,..,..,..,..,..,..,..,..,..,..,..,..,..,..,..,..,..,..,..,..,..,..,..,..,..,..,..,..,..,..,..,..,..,..,..,..,..,..,..,..,..,..,..,..,5181776769.00,5015894693.00,5343950556.00,6341613610.00,6163484245.00,6735328610.00,7074394735.00,6295848423.00,6682677290.00,7180764703.00,7878759715.00,7899737577.00,7717145218.00,9413403724.00
NY.GDP.MKTP.CD,Kuwait,KWT,..,..,1828107503.00,1900895857.00,2071668533.00,2097199161.00,2391199044.00,2441599023.00,2662798935.00,2769198892.00,2873638851.00,3880392195.00,4450537925.00,5408804607.00,13006948296.00,12022811621.00,13132252802.00,14137406741.00,15503557496.00,24749063922.00,28638868356.00,25058020338.00,21577153356.00,20871081080.00,21700082753.00,21445970614.00,17903989745.00,22368704134.00,20690322153.00,24313855653.00,18427777778.00,11009993703.00,19858555215.00,23941391391.00,24848483838.00,27186980647.00,31492373309.00,30350190704.00,25943705784.00,30122365849.00,37718743480.00,34889559870.00,38135788414.00,47874582232.00,59439090601.00,80798630137.00,1.01557E+11,1.14634E+11,1.4738E+11,1.05969E+11,1.15416E+11,1.54039E+11,1.74048E+11,1.74168E+11,1.6265E+11,1.14586E+11,1.09407E+11,1.20688E+11,1.38646E+11,1.40856E+11,1.11045E+11,1.48459E+11
NY.GDP.MKTP.CD,Kyrgyz Republic,KGZ,..,..,..,..,..,..,..,..,..,..,..,..,..,..,..,..,..,..,..,..,..,..,..,..,..,..,..,..,..,..,2660202623.00,2542256424.00,2315346943.00,2026019253.00,1681780847.00,1661147035.00,1827570586.00,1767864036.00,1645963750.00,1249061487.00,1369688498.00,1525116370.00,1605643105.00,1919008090.00,2211534585.00,2460246766.00,2834168889.00,3802570553.00,5139958909.00,4690061381.00,4794361863.00,6197765984.00,6605142884.00,7335033801.00,7468102413.00,6678177512.00,6813095379.00,7702938379.00,8271106235.00,9371275264.00,8270468614.00,9249133946.00
NY.GDP.MKTP.CD,Lao PDR,LAO,..,..,..,..,..,..,..,..,..,..,..,..,..,..,..,..,..,..,..,..,..,..,..,..,1757142856.00,2366666616.00,1776842097.00,1087273104.00,598961269.30,714046821.10,865559879.40,1028087972.00,1127806945.00,1327748690.00,1543606345.00,1763536305.00,1873671550.00,1747011857.00,1280177839.00,1454430642.00,1731198022.00,1768619058.00,1758176653.00,2023324407.00,2366398120.00,2735558735.00,3455030061.00,4223152739.00,5446433157.00,5836137330.00,7131771015.00,8750104617.00,10192846339.00,11983252627.00,13279245886.00,14426380126.00,15912501723.00,17071155481.00,18141641090.00,18740561513.00,18981805250.00,18827148531.00
NY.GDP.MKTP.CD,Latvia,LVA,..,..,..,..,..,..,..,..,..,..,..,..,..,..,..,..,..,..,..,..,..,..,..,..,..,..,..,..,..,..,..,..,..,..,..,5608208785.00,5799465288.00,6349481007.00,6974112951.00,7324192890.00,7761252607.00,8190888740.00,9249030241.00,11244337720.00,13827070379.00,16306935905.00,20434922247.00,29420499248.00,34135200994.00,25691530442.00,23468324572.00,26575547901.00,27116149949.00,29152128168.00,30277203767.00,26344565877.00,27117105060.00,29391059767.00,33247935477.00,33099503951.00,33379927435.00,38185125733.00
NY.GDP.MKTP.CD,Lebanon,LBN,..,..,..,..,..,..,..,..,..,..,..,..,..,..,..,..,..,..,..,..,..,..,..,..,..,..,..,..,3313540068.00,2717998688.00,2838485354.00,4690415093.00,5843579161.00,7941744492.00,9599127050.00,11718795529.00,13690217334.00,15751867489.00,17247179006.00,17391056369.00,17260364842.00,17649751244.00,19152238806.00,20082918740.00,21159827992.00,21497336499.00,22022709851.00,24827355015.00,29118916105.00,35399582929.00,38443907042.00,39927125962.00,44016799516.00,46880103081.00,48095213747.00,49929337837.00,51147308774.00,53027680686.00,54901519156.00,51605959131.00,31712128254.00,23131941557.00
NY.GDP.MKTP.CD,Lesotho,LSO,34579986.17,35699985.72,41859983.26,47039981.18,51939979.22,54879978.05,56699977.32,59261976.30,61445975.42,65967973.61,68739972.50,76480285.00,80913200.43,121188715.80,150851316.50,149558895.90,147660036.90,193315048.30,266570066.60,290134592.50,431542536.70,434188034.20,348741683.70,386699308.90,333163670.30,268629925.90,318858423.00,402768324.50,470395800.60,495409232.60,596410263.70,704325366.70,831029861.70,835582062.50,878250945.30,1001894000.00,946112492.80,998004258.70,928460893.10,912773681.10,887291687.90,825706961.20,775777238.60,1157825435.00,1511236656.00,1682343527.00,1800092564.00,1682131785.00,1766902709.00,1740894965.00,2234754242.00,2579409620.00,2477702216.00,2367112932.00,2441063054.00,2359686725.00,2114426452.00,2306741672.00,2556247292.00,2390702296.00,2053699870.00,2412130057.00
NY.GDP.MKTP.CD,Liberia,LBR,190495600.00,183920900.00,191861800.00,200229600.00,218929100.00,229260800.00,244459500.00,261024300.00,276820700.00,306961800.00,323099700.00,341543100.00,368098000.00,386968300.00,486955000.00,577549300.00,596675700.00,673010600.00,717240400.00,814067900.00,854711500.00,846514500.00,863933200.00,823374900.00,848478300.00,851296100.00,840964400.00,972800000.00,1038300000.00,786300000.00,384400000.00,348000000.00,223500000.00,160400000.00,132200000.00,134800000.00,159400000.00,295900000.00,359600000.00,441800000.00,874000000.00,906000000.00,927000000.00,748000000.00,897000000.00,949000000.00,1119000000.00,1373000000.00,1726000000.00,1768000000.00,1998000000.00,2398000000.00,2791614000.00,3177198100.00,3225652000.00,3227075700.00,3398419600.00,3390703400.00,3422754800.00,3319596500.00,3176126300.00,3513049500.00
NY.GDP.MKTP.CD,Libya,LBY,401644248.90,443905612.00,619725784.90,892327910.70,1341395421.00,1804979680.00,2312438536.00,2726986913.00,3850623095.00,4380987481.00,4601649451.00,5260185125.00,6299395544.00,8625889430.00,15112543717.00,14710912458.00,19096943017.00,22428297108.00,22136422643.00,30536429497.00,40953924949.00,36374353880.00,33760146991.00,33200520140.00,29476109153.00,31530566324.00,24180400959.00,26697659335.00,24308959591.00,25156707899.00,28904183602.00,31991821265.00,33887047909.00,30660051911.00,28610549763.00,25541379187.00,27884615385.00,30700897875.00,27251301398.00,35975860857.00,38270954138.00,34112093927.00,20481889764.00,26265625000.00,33122307692.00,47334691241.00,60094231607.00,68032978391.00,86710767415.00,60808562033.00,75380825062.00,48169263294.00,92540938129.00,75351107029.00,57372355592.00,48717501321.00,49912073701.00,67157452182.00,76686029772.00,69254496472.00,46854285441.00,35217995647.00
NY.GDP.MKTP.CD,Liechtenstein,LIE,..,..,..,..,..,..,..,..,..,..,90099360.84,104889795.30,124940289.30,165928881.60,193980464.90,246389101.90,272489300.50,303493119.50,436912067.80,503173104.40,534699362.90,511647750.10,522096760.30,524023624.90,502620991.90,529073612.50,779357802.50,1052848996.00,1161757671.00,1119983801.00,1421509216.00,1484160302.00,1631177029.00,1673085245.00,1948129623.00,2428525061.00,2504012993.00,2298389803.00,2479699106.00,2664105901.00,2483889858.00,2491800559.00,2688618747.00,3070803051.00,3454373798.00,3659319117.00,4000102086.00,4601429897.00,5081479840.00,4504375348.00,5082337238.00,5739706005.00,5456102482.00,6391708311.00,6657526980.00,6268515276.00,6237302034.00,6474308718.00,6692620692.00,6436467007.00,6405870210.00,7710380086.00
NY.GDP.MKTP.CD,Lithuania,LTU,..,..,..,..,..,..,..,..,..,..,..,..,..,..,..,..,..,..,..,..,..,..,..,..,..,..,..,..,..,..,..,..,..,..,..,7921210340.00,8430207164.00,10168271903.00,11289161847.00,11022095814.00,11550695727.00,12260761329.00,14282292665.00,18809197970.00,22743164431.00,26105207115.00,30116192747.00,39729151615.00,47831254208.00,37494380039.00,36638128534.00,43186501863.00,42709372067.00,46303660422.00,48306546657.00,41540954817.00,42970749245.00,47756764508.00,54261795149.00,55122066226.00,57412038533.00,67037321009.00
NY.GDP.MKTP.CD,Luxembourg,LUX,709941874.00,710163719.40,747846862.20,797902154.20,910877686.30,929477284.80,976717015.50,983052314.90,1075561623.00,1245432991.00,1457768455.00,1518773421.00,1901697370.00,2609875802.00,3183637117.00,3123333333.00,3423586207.00,3789321328.00,4718539772.00,5516982664.00,6019805490.00,5053665797.00,4602316793.00,4524217751.00,4438435493.00,4577211767.00,6685595088.00,8320902215.00,9418167855.00,10037674038.00,12778792854.00,13834219728.00,15518702635.00,15925521222.00,17701798891.00,20853093870.00,20895314658.00,19563836265.00,20150053345.00,21899317599.00,21230182989.00,21387533703.00,23649833332.00,29667268248.00,35064843793.00,37672280120.00,42910146296.00,51587401416.00,58844277702.00,54467289898.00,56213985987.00,61696281326.00,59776383527.00,65203276467.00,68804811898.00,60071584216.00,62216885436.00,65712180343.00,71000359760.00,69890505324.00,73699366700.00,85584105994.00
NY.GDP.MKTP.CD,"Macao SAR, China",MAC,..,..,..,..,..,..,..,..,..,..,..,..,..,..,..,..,..,..,..,..,..,..,1142497719.00,1133013235.00,1304361353.00,1362072160.00,1532105070.00,1957724829.00,2288761823.00,2705665492.00,3246481233.00,3765249711.00,4914365189.00,5665606115.00,6311207780.00,7046147737.00,7176892950.00,7267570893.00,6797792190.00,6547670439.00,6774193548.00,6860272608.00,7371692774.00,8246479566.00,10643253553.00,12160056122.00,14874098692.00,18439981612.00,21027018333.00,21587786906.00,28241798492.00,36845888757.00,43189721377.00,51536595089.00,54902831794.00,45048190598.00,45070808689.00,50383871121.00,55190661340.00,55082293844.00,25343525936.00,30969334705.00
NY.GDP.MKTP.CD,North Macedonia,MKD,..,..,..,..,..,..,..,..,..,..,..,..,..,..,..,..,..,..,..,..,..,..,..,..,..,..,..,..,..,..,4699646643.00,4938775510.00,2436849342.00,2682456897.00,3559608640.00,4707041315.00,4642021256.00,3912986091.00,3765745023.00,3863619285.00,3772859034.00,3709636031.00,4018365747.00,4946296599.00,5682784472.00,6258602873.00,6861226972.00,8336474974.00,9909552435.00,9401736825.00,9407170321.00,10494626768.00,9745261301.00,10817702346.00,11362265253.00,10064519963.00,10672467073.00,11307067070.00,12683068114.00,12606338449.00,12361036914.00,14000283827.00
NY.GDP.MKTP.CD,Madagascar,MDG,673081724.80,699161944.60,739286907.60,759345863.70,802482183.70,833563473.00,900264584.60,956436932.10,1031669637.00,1056391056.00,1111859571.00,1199507631.00,1341590690.00,1653062335.00,1917508190.00,2283049215.00,2181844179.00,2358930406.00,2669755115.00,3463565854.00,5201818348.00,4759333998.00,4784977326.00,4686457031.00,3905938481.00,3802557895.00,4347989788.00,3212900556.00,3189456965.00,3175638333.00,3931334875.00,3254713056.00,3714966678.00,4063298919.00,3522227092.00,3838100904.00,4931861039.00,4262965420.00,4401967633.00,4277903780.00,4629247204.00,5438332602.00,5351701663.00,6372498890.00,5064732626.00,5859269753.00,6395712491.00,8524620890.00,10725137724.00,9616879409.00,9982711338.00,11551819618.00,11578975062.00,12423555455.00,12522957399.00,11323020701.00,11848613858.00,13176313594.00,13760033282.00,14104664679.00,13051441204.00,14554754117.00
NY.GDP.MKTP.CD,Malawi,MWI,..,..,..,..,..,..,..,..,..,..,..,..,..,..,..,..,..,..,..,..,1801156775.00,1801193910.00,1717379495.00,1780148049.00,1758028656.00,1646442273.00,1722586299.00,1721711808.00,2008189508.00,2314205130.00,2737087862.00,3206783830.00,2618837835.00,3013392658.00,1719864761.00,2033701498.00,3319573750.00,3875785863.00,2547609590.00,2584478924.00,2537307580.00,2498008665.00,5087328438.00,4669789300.00,5058726350.00,5320409651.00,5818279739.00,6451210219.00,7743617352.00,9009887947.00,10128323011.00,11648142958.00,8773203178.00,8031571928.00,8801326169.00,9219474379.00,7909868618.00,8943543794.00,9879231592.00,11051865580.00,11769313598.00,12378129751.00
NY.GDP.MKTP.CD,Malaysia,MYS,1916229477.00,1901856123.00,2001489602.00,2510110348.00,2674423922.00,2956337669.00,3143517944.00,3188924677.00,3330371551.00,3664552041.00,3864145667.00,4244395956.00,5043347250.00,7662902678.00,9496204302.00,9298800799.00,11050234599.00,13139488633.00,16358079862.00,21213264962.00,24488224677.00,25004285792.00,26804493635.00,30347442111.00,33942897422.00,31199633353.00,27734111400.00,32181210158.00,35272109220.00,38847965293.00,44024585240.00,49143148094.00,59167550163.00,66894966969.00,74478356958.00,88705342903.00,1.00855E+11,1.00005E+11,72167498981.00,79148421053.00,93789736842.00,92783947368.00,1.00846E+11,1.10202E+11,1.24749E+11,1.43534E+11,1.62692E+11,1.9355E+11,2.30812E+11,2.02257E+11,2.55018E+11,2.97952E+11,3.14443E+11,3.23276E+11,3.38066E+11,3.01355E+11,3.01256E+11,3.19109E+11,3.58789E+11,3.65178E+11,3.37456E+11,3.73785E+11
NY.GDP.MKTP.CD,Maldives,MDV,..,..,..,..,..,..,..,..,..,..,19328038.32,21566404.02,25177137.53,30862041.60,39120171.25,24540877.60,22399467.11,20853788.71,24369109.14,38523364.49,42463576.16,44781456.95,47911340.18,57829787.23,109503546.10,127190758.00,141882254.20,141223029.40,168514513.40,189514434.20,215043969.80,244396761.90,284875809.00,322417837.20,356014932.10,398988955.00,450382328.00,508223602.40,540096397.60,589239753.60,624337145.30,870031676.80,897031250.00,1052121055.00,1226829563.00,1163362438.00,1575200391.00,1868383461.00,2271646188.00,2345294875.00,2588176055.00,2774350240.00,2886163997.00,3295009238.00,3697353039.00,4129505319.00,4409942624.00,4816426257.00,5404344163.00,5726094799.00,3712604583.00,5252457370.00
NY.GDP.MKTP.CD,Mali,MLI,..,..,..,..,..,..,..,275494477.60,343771973.00,339913867.10,359772315.10,395218628.90,486617280.30,563683703.30,538747340.00,830710615.20,939228017.20,1049838548.00,1222702573.00,1595422956.00,1759691186.00,1538972424.00,1333754225.00,1297765326.00,1232932104.00,1392196048.00,1852163453.00,2090629987.00,2169040603.00,2181821909.00,2681912149.00,2724131458.00,2830673378.00,2818281085.00,2081846498.00,2706425157.00,2780422049.00,2697105823.00,2920358711.00,3440724710.00,2961484954.00,3468337942.00,3908121307.00,4714071980.00,5454249126.00,6247515888.00,6905934218.00,8156468826.00,9838403101.00,10231962390.00,10689168016.00,12995112690.00,12442035339.00,13242690786.00,14364937124.00,13104764378.00,14026048336.00,15365713048.00,17070867590.00,17280250810.00,17465392764.00,19309463508.00
NY.GDP.MKTP.CD,Malta,MLT,..,..,..,..,..,..,..,..,..,..,250728790.00,264578361.70,295106782.90,345616048.60,376081234.20,474618290.50,527936936.20,625563338.30,793673682.30,1001288271.00,1250199089.00,1243509902.00,1234474695.00,1165730190.00,1101807308.00,1117797259.00,1435038010.00,1751293248.00,2019503807.00,2118655261.00,2547330219.00,2750214991.00,3021944675.00,2709194744.00,2998504344.00,3709361629.00,3822488329.00,3787069759.00,4010090979.00,4111890473.00,4036810072.00,4070867702.00,4455128823.00,5418313424.00,6104139673.00,6393234994.00,6749840218.00,7908417717.00,9135423330.00,8734741332.00,9097044161.00,9789361704.00,9609532089.00,10796782638.00,11888032872.00,11340795042.00,12025782834.00,14161366724.00,16153779511.00,16337793531.00,16385919536.00,19718565605.00
NY.GDP.MKTP.CD,Marshall Islands,MHL,..,..,..,..,..,..,..,..,..,..,8408486.00,9116810.00,9973652.00,11607366.00,15217532.00,16691301.00,18153647.00,20210069.00,22209370.00,25545346.00,26710653.00,31020000.00,34918000.00,41749000.00,45144000.00,43879000.00,55989000.00,62983000.00,70688000.00,72798000.00,78476000.00,82507000.00,91063000.00,99461000.00,108071000.00,120230000.00,110858000.00,109884700.00,112070100.00,113352100.00,114838500.00,122406100.00,131960000.00,131128500.00,132900000.00,138000000.00,143200000.00,150500000.00,146600000.00,151200000.00,161100000.00,172300000.00,180700000.00,186400000.00,186000000.00,183700000.00,201800000.00,213700000.00,220000000.00,232900000.00,241800000.00,258900000.00
NY.GDP.MKTP.CD,Mauritania,MRT,..,159213430.20,164271557.50,168186297.30,224495743.90,255340475.00,266533605.20,282615310.20,311395937.30,295062308.50,309405316.00,335568907.10,391669449.30,493237876.30,613010552.50,703377837.50,775045516.80,799030017.10,804629876.80,951900945.30,1047925106.00,1105494682.00,1108776653.00,1165171263.00,1074373230.00,1009723326.00,1186628778.00,1344664725.00,1414951290.00,1450647019.00,1506914408.00,2133692697.00,2164298425.00,1847353211.00,1944876755.00,2091726101.00,2132087009.00,2071996564.00,2032347665.00,1985922776.00,1779520886.00,1746063558.00,1777057481.00,2051147607.00,2362501023.00,2936019526.00,3919577286.00,4346212355.00,5206437194.00,4714595548.00,5628878798.00,6764627746.00,6728208836.00,7223071097.00,6592537782.00,6166863897.00,6398747592.00,6800135898.00,7473550557.00,7894764886.00,8260752385.00,9222536364.00
NY.GDP.MKTP.CD,Mauritius,MUS,162089563.80,191757729.50,197738207.90,253839557.90,218914569.20,230024160.50,227534083.50,238439290.90,206576630.60,221553612.90,224125805.00,251437337.80,318664899.60,404285775.10,669894029.60,673311287.10,713510051.50,834722972.20,1029040323.00,1227446632.00,1147027924.00,1157769444.00,1092923636.00,1104956573.00,1054564759.00,1090611325.00,1482601552.00,1906174438.00,2163252449.00,2211312823.00,2689212760.00,2895354736.00,3267677814.00,3307302126.00,3606050873.00,4094741652.00,4481489762.00,4243755308.00,4225813976.00,4402193195.00,4726108622.00,4675755867.00,4906494249.00,5894873920.00,6667418752.00,6576108447.00,7028810681.00,8150150209.00,9990356674.00,9128843109.00,10003670690.00,11518413430.00,11668696397.00,12292974141.00,13074129952.00,12007291046.00,12594155464.00,13713506131.00,14735695931.00,14436346980.00,11408106446.00,11484348858.00
NY.GDP.MKTP.CD,Mexico,MEX,13040000000.00,14160000000.00,15200000000.00,16960000000.00,20080000000.00,21840000000.00,24320000000.00,26560000000.00,29360000000.00,32480000000.00,35520000000.00,39200000000.00,45200000000.00,55280000000.00,72000000000.00,88000000000.00,88875923765.00,81912018784.00,1.02649E+11,1.34532E+11,2.05577E+11,2.63798E+11,1.84603E+11,1.56167E+11,1.84231E+11,1.95241E+11,1.34556E+11,1.47543E+11,1.81611E+11,2.21403E+11,2.61254E+11,3.1314E+11,3.63158E+11,5.30161E+11,5.53618E+11,3.80157E+11,4.32158E+11,5.2345E+11,5.57461E+11,6.31249E+11,7.42061E+11,7.96065E+11,8.10666E+11,7.6555E+11,8.19459E+11,9.17572E+11,1.02027E+12,1.10236E+12,1.16155E+12,9.43437E+11,1.10542E+12,1.22901E+12,1.25511E+12,1.32744E+12,1.36451E+12,1.21329E+12,1.11223E+12,1.19072E+12,1.2563E+12,1.30411E+12,1.12106E+12,1.31657E+12
NY.GDP.MKTP.CD,"Micronesia, Fed. Sts.",FSM,..,..,..,..,..,..,..,..,..,..,19885926.00,21783158.00,25100928.00,34821467.00,46095175.00,46119184.00,46813193.00,47305560.00,53656834.00,60270778.00,64186644.00,76472529.00,80055706.00,84110353.00,84676118.00,101931941.00,112210000.00,116700000.00,124700000.00,135200000.00,147200000.00,166200000.00,178100000.00,198400000.00,202500000.00,221575300.00,218534700.00,206626300.00,218873100.00,220140500.00,233271800.00,240970900.00,242517200.00,245432900.00,240236000.00,250281900.00,253541900.00,256787200.00,263145100.00,280284600.00,296944100.00,311301600.00,327248700.00,317214400.00,319271200.00,316489900.00,325000000.00,359000000.00,392000000.00,394000000.00,372000000.00,390000000.00
NY.GDP.MKTP.CD,Moldova,MDA,..,..,..,..,..,..,..,..,..,..,..,..,..,..,..,..,..,..,..,..,..,..,..,..,..,..,..,..,..,..,3592857043.00,3094565871.00,2319243436.00,2371813015.00,1702314268.00,1752999370.00,1695122174.00,1930081169.00,1698717505.00,1170782957.00,1288429392.00,1480673594.00,1661818168.00,1980907435.00,2598249556.00,2988342907.00,3408255451.00,4401173152.00,6054824248.00,5439434272.00,6974982370.00,8414352020.00,8709138635.00,9496717876.00,9402090138.00,7797667197.00,7980917076.00,9514404016.00,11252353421.00,11736797055.00,11530746234.00,13691869264.00
NY.GDP.MKTP.CD,Monaco,MCO,..,..,..,..,..,..,..,..,..,..,293127333.20,327706210.40,402451900.80,523554039.20,563949254.10,711978961.90,735324244.70,811191392.20,1000555218.00,1209870147.00,1378175524.00,1205188648.00,1143216457.00,1092560365.00,1037329604.00,1082867507.00,1515234743.00,1839081463.00,2000704745.00,2010083833.00,2481307077.00,2480540845.00,2737049231.00,2574494356.00,2720332135.00,3130309995.00,3137886995.00,2840195190.00,2934593468.00,2907118641.00,2654462665.00,2673723034.00,2919647982.00,3597089751.00,4043551489.00,4204652899.00,4586826513.00,5875790766.00,6502942245.00,5474379252.00,5367561570.00,6088689808.00,5742749294.00,6555591710.00,7070017324.00,6264756528.00,6471290794.00,6430254653.00,7184333936.00,7383496254.00,6730736283.00,8623242743.00
NY.GDP.MKTP.CD,Mongolia,MNG,..,..,..,..,..,..,..,..,..,..,..,..,..,..,..,..,..,..,..,..,2101394100.00,2310099100.00,2552401933.00,2725736633.00,2098734600.00,2186505475.00,2896178867.00,3020611600.00,3204461567.00,3576966800.00,2560785660.00,2379018326.00,1317611864.00,768401634.20,925817092.20,1452165005.00,1345719472.00,1180934203.00,1124440205.00,1057408589.00,1136896124.00,1267997934.00,1396555720.00,1595297356.00,1992066808.00,2523471601.00,3414055662.00,4234999704.00,5623216608.00,4583850368.00,7189481999.00,10409797378.00,12292770632.00,12582122604.00,12226514668.00,11619892591.00,11181350649.00,11480847741.00,13178094720.00,14206359018.00,13312981429.00,15286441738.00
NY.GDP.MKTP.CD,Montenegro,MNE,..,..,..,..,..,..,..,..,..,..,..,..,..,..,..,..,..,..,..,..,..,..,..,..,..,..,..,..,..,..,..,..,..,..,..,..,..,838289118.80,854261160.70,828950327.40,984293043.80,1159869246.00,1284685051.00,1707710053.00,2073234418.00,2257174481.00,2721903149.00,3680711744.00,4545674528.00,4159330370.00,4142983843.00,4544428421.00,4087526242.00,4465772400.00,4593853291.00,4054730078.00,4376930578.00,4856599481.00,5506942238.00,5542054181.00,4769996866.00,5861427505.00
NY.GDP.MKTP.CD,Morocco,MAR,2037154742.00,2025693540.00,2379611125.00,2657252578.00,2798345299.00,2948331090.00,2876401297.00,3046345314.00,3271422333.00,3651622669.00,3956336244.00,4356669034.00,5074117545.00,6242145880.00,7675466449.00,8984853005.00,9584297284.00,11049783872.00,13236946234.00,15911994817.00,21728516153.00,17788185479.00,17692276734.00,16251408128.00,14824667954.00,14991283216.00,19462085540.00,21765195948.00,25705296184.00,26314313191.00,30179954775.00,32285573574.00,33711069431.00,31655473664.00,35604137423.00,39030285468.00,43161571528.00,39147844526.00,46497608725.00,46266428648.00,43017455402.00,43831480208.00,47077192188.00,58029363354.00,66114145451.00,68852658069.00,75883823301.00,86947913287.00,1.01823E+11,1.01155E+11,1.00865E+11,1.10081E+11,1.06937E+11,1.15739E+11,1.19131E+11,1.10414E+11,1.11573E+11,1.18541E+11,1.27341E+11,1.2892E+11,1.21354E+11,1.42022E+11
NY.GDP.MKTP.CD,Mozambique,MOZ,..,..,..,..,..,..,..,..,..,..,..,..,..,..,..,..,..,..,..,..,..,..,..,..,..,..,..,..,..,..,..,3854856435.00,2798696511.00,2883161897.00,2958108170.00,3061646174.00,4030146135.00,4873663775.00,5551118149.00,6285219691.00,5930685215.00,5650154067.00,5950769427.00,6583526861.00,7937255565.00,8868504900.00,9509835537.00,10811456006.00,12920340965.00,12263894790.00,11411894724.00,14619279989.00,16688114144.00,17198073057.00,17978246586.00,16208985770.00,12069051237.00,13264640646.00,15017358953.00,15512759047.00,14235420174.00,16168055475.00
NY.GDP.MKTP.CD,Myanmar,MMR,545098447.60,605581577.30,634528872.00,598998418.70,411419905.80,367053117.20,293103478.50,420359035.90,559956130.30,571854214.60,563555630.80,587448405.50,662213082.70,719754655.40,1225589878.00,1061107354.00,1204699849.00,873579931.90,935408775.00,952265043.40,1038225167.00,1111000765.00,1481165468.00,1381573615.00,1304063253.00,1478908173.00,1582873750.00,1562448077.00,1541088312.00,2013448229.00,2115193513.00,2069832687.00,2411552289.00,3163020035.00,4432257174.00,5289174943.00,6123556717.00,4722288496.00,6459461639.00,8486832801.00,8905066164.00,6477790688.00,6777632512.00,10467109978.00,10567354056.00,11986972419.00,14502553710.00,20182477481.00,31862554102.00,36906181381.00,49540813342.00,59977326086.00,59937796648.00,60269732855.00,65531374200.00,59607290408.00,63298361996.00,66053040483.00,67860515990.00,75065106228.00,79006113643.00,66345291160.00
NY.GDP.MKTP.CD,Namibia,NAM,..,..,..,..,..,..,..,..,..,..,..,..,..,..,..,..,..,..,..,..,2421990338.00,2249908578.00,2118710248.00,2297400688.00,1951260038.00,1608237350.00,1809048527.00,2300068217.00,2495094746.00,2535135798.00,2789921854.00,2996869281.00,3429521699.00,3251188833.00,3666503530.00,3978514206.00,3989163197.00,4154989950.00,3873109866.00,3868551730.00,3922232165.00,3557341215.00,3349169826.00,4926439384.00,6609205995.00,7248374838.00,8001779551.00,8839536476.00,8607431497.00,8938847189.00,11431412421.00,12523359441.00,13042053592.00,12043307277.00,12435430970.00,11335161084.00,10722018732.00,12895153371.00,13682019076.00,12541928303.00,10583748542.00,12402486184.00
NY.GDP.MKTP.CD,Nauru,NRU,..,..,..,..,..,..,..,..,..,..,17570366.22,19009433.31,21734268.69,26529816.78,35994511.42,40106775.91,40287427.20,40444701.77,41754147.30,44431330.23,46947124.23,51689636.60,52877742.47,48439093.12,47363231.30,41548740.51,39939390.74,40118409.87,45931133.59,53736786.09,55572375.53,52533788.56,51133123.13,43542088.25,39742511.24,39969705.97,37458801.21,37331507.28,29664450.93,27328612.61,26930980.34,22613287.54,21017423.61,24778159.58,30587565.80,30070666.07,29200359.39,22766972.19,37602264.73,44176245.55,47562844.61,65444173.78,100794924.70,94385014.94,98752257.05,84383388.64,97276023.08,108862278.50,130937589.80,124871111.40,124530027.30,175513984.50
NY.GDP.MKTP.CD,Nepal,NPL,508334414.00,531959561.60,574091101.20,496947904.40,496098775.30,735267082.30,906811943.80,841974025.50,772231386.90,788641965.40,865975308.60,882765471.60,1024098400.00,972101725.00,1217953547.00,1575789254.00,1452788985.00,1382400000.00,1604162497.00,1851250008.00,1945916583.00,2275583317.00,2395423742.00,2447174803.00,2581207388.00,2619913956.00,2850782044.00,2957255380.00,3487009748.00,3525225787.00,3627560239.00,3921476085.00,3401211581.00,3660041667.00,4066775510.00,4401104418.00,4521580381.00,4918691917.00,4856255044.00,5033642384.00,5494252208.00,6007055042.00,6050875807.00,6330473097.00,7273938315.00,8130258378.00,9043715356.00,10325618017.00,12545438605.00,12854985464.00,16002656434.00,21573872421.00,21703100877.00,22162204925.00,22731612922.00,24360801287.00,24524109484.00,28971588940.00,33111525237.00,34186180699.00,33433659301.00,36924841394.00
NY.GDP.MKTP.CD,Netherlands,NLD,13282979015.00,14599836396.00,15847582341.00,17193744109.00,20232048553.00,22721869808.00,24741480717.00,27143828099.00,30097635751.00,34086038090.00,38220884519.00,44644730576.00,54787070173.00,71946639603.00,87371810804.00,1.00397E+11,1.09329E+11,1.27204E+11,1.56089E+11,1.79934E+11,1.95439E+11,1.64376E+11,1.58713E+11,1.53671E+11,1.44124E+11,1.44058E+11,2.01158E+11,2.45407E+11,2.62296E+11,2.58717E+11,3.18799E+11,3.27982E+11,3.63497E+11,3.5407E+11,3.79688E+11,4.52967E+11,4.51373E+11,4.17506E+11,4.38613E+11,4.47779E+11,4.17649E+11,4.32536E+11,4.7553E+11,5.82436E+11,6.61225E+11,6.88134E+11,7.37594E+11,8.53499E+11,9.57902E+11,8.78954E+11,8.52465E+11,9.13141E+11,8.45689E+11,8.83952E+11,9.01557E+11,7.75744E+11,7.97164E+11,8.48234E+11,9.29734E+11,9.28903E+11,9.32561E+11,1.05447E+12
NY.GDP.MKTP.CD,New Caledonia,NCL,..,..,..,..,..,159594492.50,164206536.40,180036767.60,215507162.60,263108841.30,358815684.10,413985778.60,506808996.70,542293399.90,637403478.50,816652164.40,798313521.70,837620126.60,846004687.80,1047225724.00,1182463951.00,972564154.80,904599869.70,823857893.20,796066194.70,854820893.60,1201321514.00,1488093102.00,2072775508.00,2185082939.00,2529440424.00,2653780672.00,2923883281.00,2822243781.00,3038728385.00,3628440505.00,3606968436.00,3291131281.00,3556304833.00,3647802050.00,3420032041.00,3297734891.00,3740056748.00,4915353827.00,5895008978.00,6238629487.00,6979155388.00,8819917180.00,9067619760.00,8704438102.00,9364350077.00,10351448005.00,9659151917.00,10151382933.00,10635035595.00,8738203074.00,8724568955.00,9174048682.00,9896402284.00,9475655325.00,9454629468.00,10071349664.00
NY.GDP.MKTP.CD,New Zealand,NZL,5536098606.00,5721995118.00,6133158805.00,6699741943.00,7340766741.00,5706251654.00,5917437956.00,6016017494.00,5228045647.00,5814357967.00,6495605619.00,7911136757.00,9567331065.00,12802281898.00,13940981798.00,12861983284.00,13604832424.00,15446825318.00,18530518395.00,20731243113.00,23244547385.00,24417617184.00,24164603059.00,24309279706.00,21665975319.00,24679795396.00,30604668357.00,40376354070.00,45176811594.00,43920222525.00,45495129385.00,42745329732.00,41649829860.00,46775620817.00,55314732279.00,63918703507.00,70140835299.00,66075143415.00,56227169851.00,58762260626.00,52623281957.00,53872425917.00,66627729311.00,88250885550.00,1.03905E+11,1.1472E+11,1.11539E+11,1.37189E+11,1.33131E+11,1.21374E+11,1.46518E+11,1.68295E+11,1.76211E+11,1.9091E+11,2.01338E+11,1.78104E+11,1.88898E+11,2.06567E+11,2.11847E+11,2.12847E+11,2.12698E+11,2.53644E+11
NY.GDP.MKTP.CD,Nicaragua,NIC,227223322.10,244144236.70,269283803.70,297324163.10,347119918.20,564290020.40,607140010.50,657140010.70,692859984.60,750000002.90,778569938.80,828569953.50,878570045.50,1092900015.00,1521400012.00,1581599959.00,1836899999.00,2226999874.00,2127699979.00,1567599982.00,2144300006.00,2474700227.00,2454499872.00,2753100058.00,3117599872.00,2683699935.00,2885799994.00,3851200118.00,2630900096.00,1013184756.00,1009455476.00,1488804124.00,1792800000.00,1756454248.00,3863185119.00,4140470000.00,4308351903.00,4389973335.00,4635347386.00,4856026259.00,5109587050.00,5351752034.00,5223727303.00,5322228351.00,5792932838.00,6321324455.00,6763688875.00,7423419480.00,8496948184.00,8298687306.00,8758572306.00,9774320144.00,10531980451.00,10982954744.00,11880433903.00,12756685550.00,13286101094.00,13785924216.00,13025234821.00,12699028890.00,12681569254.00,14144060853.00
NY.GDP.MKTP.CD,Niger,NER,449526873.30,485785231.00,531736599.30,586294878.70,582816396.40,673383510.80,702296078.60,665586872.30,641214226.20,625867985.30,649916621.20,693573703.60,742779660.80,946385105.20,1026137111.00,1048690933.00,1064517601.00,1291458041.00,1774365590.00,2109277666.00,2508524721.00,2170893414.00,2017612216.00,1803099561.00,1461243326.00,1440581652.00,1904096998.00,2233006105.00,2280356193.00,2179567114.00,3512356508.00,3285796875.00,3386232579.00,3052673849.00,1938058175.00,2302537562.00,2405686940.00,2290318910.00,2643363519.00,2537789821.00,2241753193.00,2448714704.00,2782192879.00,3394084732.00,3760443738.00,4383315965.00,4756361252.00,5731485052.00,7297600226.00,7352131310.00,7851192502.00,8772950778.00,9426912648.00,10224897438.00,10862943544.00,9683867926.00,10398861982.00,11185104252.00,12837307497.00,12889555561.00,13744653103.00,14915002436.00
NY.GDP.MKTP.CD,Nigeria,NGA,4196174502.00,4467287893.00,4909399176.00,5165590254.00,5552931319.00,5874537650.00,6366917453.00,5203237919.00,5200997920.00,6634317346.00,12546094982.00,9181769912.00,12274416018.00,15162871287.00,24846641318.00,27778934625.00,36308883249.00,36035407725.00,36527862209.00,47259911894.00,64201788123.00,1.64475E+11,1.42769E+11,97094911792.00,73484359521.00,73745821158.00,54805852581.00,52676041931.00,49648470440.00,44003061108.00,54035795388.00,59526833412.00,52058181854.00,56721051402.00,80399613064.00,1.4092E+11,1.8573E+11,2.0085E+11,2.18416E+11,59145077039.00,69171451627.00,73557840064.00,95054059303.00,1.04739E+11,1.35765E+11,1.75671E+11,2.38455E+11,2.78261E+11,3.39476E+11,2.95009E+11,3.6699E+11,4.14467E+11,4.63971E+11,5.20117E+11,5.74184E+11,4.93027E+11,4.04649E+11,3.75746E+11,4.21739E+11,4.74517E+11,4.32199E+11,4.40834E+11
NY.GDP.MKTP.CD,Northern Mariana Islands,MNP,..,..,..,..,..,..,..,..,..,..,..,..,..,..,..,..,..,..,..,..,..,..,..,..,..,..,..,..,..,..,..,..,..,..,..,..,..,..,..,..,..,..,1284000000.00,1239000000.00,1210000000.00,1061000000.00,990000000.00,938000000.00,939000000.00,795000000.00,799000000.00,729000000.00,746000000.00,772000000.00,832000000.00,910000000.00,1230000000.00,1560000000.00,1301000000.00,1179000000.00,866000000.00,914000000.00
NY.GDP.MKTP.CD,Norway,NOR,5197398721.00,5669689210.00,6107076929.00,6553269536.00,7206522122.00,8111945661.00,8753940267.00,9577383653.00,10227087165.00,11136187440.00,12814123115.00,14583114840.00,17358610850.00,22534253703.00,27145693810.00,32877805200.00,35942270686.00,41508030431.00,46522900254.00,53132244624.00,64439382896.00,63596654761.00,62647195538.00,61627240831.00,62057955033.00,65416879914.00,78693118044.00,94229907236.00,1.019E+11,1.02634E+11,1.19792E+11,1.21872E+11,1.30838E+11,1.20579E+11,1.27131E+11,1.5203E+11,1.6352E+11,1.61357E+11,1.5423E+11,1.62384E+11,1.71457E+11,1.74239E+11,1.95915E+11,2.29385E+11,2.65269E+11,3.09979E+11,3.46915E+11,4.02643E+11,4.64918E+11,3.87976E+11,4.31052E+11,5.01361E+11,5.12777E+11,5.26014E+11,5.01736E+11,3.8816E+11,3.70957E+11,4.01745E+11,4.39789E+11,4.08743E+11,3.67633E+11,5.03368E+11
NY.GDP.MKTP.CD,Oman,OMN,44234653.98,45634484.80,56273199.05,59912759.18,61872522.33,63279974.69,67759972.90,107151832.50,188879848.90,239999808.00,256319794.90,301010587.10,366883548.30,483066990.60,1645917776.00,2096699189.00,2560220035.00,2741169948.00,2740301390.00,3733352635.00,5981760278.00,7259120151.00,7554719456.00,7932541691.00,8821443151.00,10005645420.00,7324167369.00,7811183095.00,8386215865.00,9372171651.00,13310273082.00,12918335501.00,14183615085.00,14230429129.00,14715214564.00,15722236671.00,17402080624.00,18039791938.00,16044213264.00,17832769831.00,22259557867.00,22205721717.00,23065539662.00,24733680104.00,28378933680.00,35506892068.00,42577633290.00,48300390117.00,69804681404.00,55454096229.00,64993498049.00,77497529259.00,87408842653.00,89936020806.00,92699089727.00,78710793238.00,75128738622.00,80856697009.00,91505851756.00,88060858257.00,75909492848.00,87323797139.00
NY.GDP.MKTP.CD,Pakistan,PAK,3749265015.00,4118647627.00,4310163797.00,4630827383.00,5204955901.00,5929231415.00,6561108778.00,7464510710.00,8041999160.00,8683116338.00,10027509450.00,10665896682.00,9415016360.00,6383429490.00,8899191919.00,11230606061.00,13168080808.00,15126060606.00,17811515152.00,19688383838.00,23654444444.00,28100606061.00,30725971564.00,28691889764.00,31151825467.00,31144920844.00,31899070056.00,33351529275.00,38472742808.00,40171106279.00,40010423970.00,45625336680.00,48884671947.00,51809999353.00,52293470813.00,60636071684.00,63320170084.00,62433340468.00,62191955814.00,62973857069.00,99484802345.00,97145618480.00,97923302809.00,1.12372E+11,1.32216E+11,1.45209E+11,1.61871E+11,1.84141E+11,2.02204E+11,1.87338E+11,1.9671E+11,2.30587E+11,2.50107E+11,2.58657E+11,2.7139E+11,2.99964E+11,3.1363E+11,3.39206E+11,3.56128E+11,3.20909E+11,3.00426E+11,3.48517E+11
NY.GDP.MKTP.CD,Palau,PLW,..,..,..,..,..,..,..,..,..,..,11563041.00,12706874.00,13956474.00,15331889.00,16848759.00,18521112.00,20364420.00,22308104.00,24530015.00,27004251.00,29728054.00,32726594.00,36027583.00,39661530.00,44814259.00,51030637.00,58109314.00,66169905.00,75348615.00,85800543.00,97702303.00,106555300.00,104771300.00,96455700.00,106138500.00,121018500.00,137494600.00,143860800.00,149079600.00,144206500.00,149535800.00,159453500.00,162665500.00,154559900.00,166391600.00,191048400.00,193679700.00,200903600.00,201167300.00,189998000.00,188174300.00,198873900.00,215762400.00,225345718.80,243156484.40,278824781.30,298323500.00,285600000.00,288546281.30,281941562.50,258990843.80,235752906.30
NY.GDP.MKTP.CD,Panama,PAN,537147100.00,599026300.00,652120900.00,722784500.00,776137500.00,852485300.00,928833000.00,1034376400.00,1112791100.00,1221305700.00,1351006400.00,1523917200.00,1673411700.00,1913793400.00,2188307600.00,2435304100.00,2588106000.00,2738261900.00,3244558600.00,3704551600.00,4614086400.00,5222421500.00,5769767900.00,5923755900.00,6183387100.00,6541517100.00,6797834200.00,6827665300.00,5902783400.00,5918469800.00,6433967000.00,7074675500.00,8042337700.00,8782585400.00,9365289800.00,9573813700.00,9197503300.00,10058854400.00,11019557700.00,11660704800.00,11966497000.00,12252906300.00,12800851300.00,13603456000.00,15100203400.00,16623906700.00,18659721500.00,21717433800.00,25721328000.00,27791215500.00,30231009500.00,35687738300.00,41595439700.00,46949496500.00,51427104900.00,55767806100.00,59760858700.00,64327688800.00,67316471200.00,69778991200.00,57059846500.00,67396392500.00
NY.GDP.MKTP.CD,Papua New Guinea,PNG,230496036.90,244832039.20,261184041.80,275968044.20,305312048.80,344176055.10,390992062.60,441728182.70,485184189.60,551263864.20,645568215.30,717750278.10,858761926.10,1299079410.00,1467417672.00,1356603608.00,1511843235.00,1640746619.00,1947878831.00,2293760511.00,2545808456.00,2498190847.00,2368719683.00,2562351551.00,2552662617.00,2423339172.00,2647995602.00,3143851794.00,3656177881.00,3546472566.00,3219729083.00,3787394958.00,4377980510.00,4974550286.00,5502786070.00,4636057476.00,5155311077.00,4936615299.00,3789443015.00,3477038204.00,3521339699.00,3081024212.00,2999511040.00,3536411824.00,3927157867.00,4865892972.00,8354911041.00,9545028944.00,11670892801.00,11619456449.00,14250786675.00,17985138066.00,21295168666.00,21261338065.00,23210823987.00,21723437010.00,20758876953.00,22742699138.00,24109780708.00,24750626041.00,23848447850.00,26109413522.00
NY.GDP.MKTP.CD,Paraguay,PRY,288884368.00,322053713.20,360698412.70,383904761.90,408349206.30,443587301.60,465888888.90,492674603.20,517650793.70,556293650.80,594611111.10,664571428.60,769039682.50,995531746.00,1333475397.00,1511420635.00,1698960317.00,2092158730.00,2559857143.00,3416777778.00,4448087302.00,5624515873.00,5419411765.00,5673248726.00,4502462807.00,3282449236.00,3723993943.00,3971044724.00,4255683528.00,4757732200.00,5812114523.00,6984367763.00,7157424031.00,7249533620.00,7870982005.00,9062131475.00,9788391781.00,9965225678.00,9260481572.00,8837070236.00,8855705140.00,8495806432.00,7196260657.00,7691367471.00,9624440836.00,10737500188.00,13429430050.00,17856393235.00,24615267664.00,22355151162.00,27260886405.00,33756238767.00,33271921136.00,38501122141.00,40377929296.00,36211447840.00,36089700223.00,38997129474.00,40225448341.00,37925338329.00,35432178068.00,39950899939.00
NY.GDP.MKTP.CD,Peru,PER,2571986572.00,2897852693.00,3284322201.00,3598272493.00,4353664867.00,5163008077.00,6109048737.00,6194340080.00,5736083835.00,6420909790.00,7432223177.00,8289582884.00,9189413409.00,10994381895.00,13858441211.00,16931162355.00,16131958851.00,14544913961.00,12491876743.00,15954012439.00,18136838538.00,21648214893.00,21794535621.00,17345260564.00,17600400385.00,15078736875.00,21859448586.00,36889706593.00,15439408447.00,22499558526.00,26410386963.00,34341465998.00,35966302303.00,34832077221.00,44882079767.00,53312793687.00,55252414130.00,58147522523.00,55501467877.00,50187324568.00,51744749133.00,52030158775.00,54777553515.00,58731030122.00,66768703498.00,76060606061.00,88643193062.00,1.02171E+11,1.20551E+11,1.20823E+11,1.47528E+11,1.71762E+11,1.9265E+11,2.01176E+11,2.00786E+11,1.89803E+11,1.91898E+11,2.11008E+11,2.22597E+11,2.28346E+11,2.0141E+11,2.26354E+11
NY.GDP.MKTP.CD,Philippines,PHL,7515894111.00,8171194425.00,4954593072.00,5505023238.00,5953756195.00,6517349772.00,7189017888.00,7724873935.00,8632749269.00,9571800653.00,7559115517.00,8375075630.00,9067815521.00,11412449735.00,15607882555.00,16875240684.00,19381055197.00,22283109803.00,25762224563.00,31218296292.00,36848080899.00,40499388869.00,42206011275.00,37759179895.00,35730185634.00,34961486348.00,33987207295.00,37791488666.00,43152128959.00,48513773721.00,50508286642.00,51784144943.00,60422328242.00,62036529147.00,73159336915.00,84644328727.00,94648084429.00,94106317565.00,74492416330.00,85640171045.00,83669788255.00,78921234458.00,84307345888.00,87039092974.00,95001999685.00,1.0742E+11,1.27653E+11,1.5598E+11,1.81625E+11,1.75975E+11,2.08369E+11,2.34217E+11,2.61921E+11,2.83903E+11,2.97484E+11,3.06446E+11,3.18627E+11,3.28481E+11,3.46842E+11,3.76823E+11,3.61751E+11,3.94087E+11
NY.GDP.MKTP.CD,Poland,POL,..,..,..,..,..,..,..,..,..,..,..,..,..,..,..,..,..,..,..,..,..,..,..,..,..,..,..,..,..,..,65977748211.00,85500935935.00,94337050693.00,96043157273.00,1.10804E+11,1.42839E+11,1.60813E+11,1.59894E+11,1.75282E+11,1.70704E+11,1.72954E+11,1.91823E+11,1.99694E+11,2.18561E+11,2.56269E+11,3.07E+11,3.45898E+11,4.29715E+11,5.35612E+11,4.40891E+11,4.78112E+11,5.27849E+11,4.98149E+11,5.1818E+11,5.42134E+11,4.80054E+11,4.7326E+11,5.28357E+11,5.94617E+11,6.02684E+11,6.05914E+11,6.8917E+11
NY.GDP.MKTP.CD,Portugal,PRT,3339150158.00,3573719085.00,3835883663.00,4084251593.00,4429202657.00,4901711248.00,5370108031.00,6002607030.00,6644693214.00,7287555035.00,8108235704.00,9201604240.00,11239117865.00,15090564186.00,17512391476.00,19347607843.00,20332831565.00,21439523311.00,23487614051.00,26622819672.00,32896519824.00,31977276873.00,30527754793.00,27239650742.00,25217969050.00,27115807742.00,38745901354.00,48182925857.00,56347250696.00,60594092182.00,78713860217.00,89233599278.00,1.07592E+11,95009751901.00,99688641304.00,1.18122E+11,1.2263E+11,1.17017E+11,1.23946E+11,1.2747E+11,1.18605E+11,1.21604E+11,1.34796E+11,1.65226E+11,1.89382E+11,1.97254E+11,2.08756E+11,2.40496E+11,2.63416E+11,2.44668E+11,2.38444E+11,2.45427E+11,2.16537E+11,2.26677E+11,2.30079E+11,1.99039E+11,2.06305E+11,2.20863E+11,2.42093E+11,2.40116E+11,2.29619E+11,2.56056E+11
NY.GDP.MKTP.CD,Puerto Rico,PRI,1691900000.00,1865100000.00,2094400000.00,2333600000.00,2570500000.00,2881500000.00,3170500000.00,3532700000.00,3941700000.00,4460700000.00,5034700000.00,5646800000.00,6328900000.00,7002400000.00,7684800000.00,8198300000.00,8968600000.00,9910900000.00,11165000000.00,12750000000.00,14436100000.00,15955700000.00,16764200000.00,17276600000.00,19162600000.00,20289200000.00,22009300000.00,24025800000.00,26385800000.00,28161200000.00,30603919000.00,32287031000.00,34630430000.00,36922456000.00,39690630000.00,42647331000.00,45340835000.00,48187039000.00,54086400000.00,57841000000.00,61701800000.00,69208400000.00,71623500000.00,74827400000.00,80322313000.00,83914521300.00,87276164400.00,89524131600.00,93639300000.00,96385600000.00,98381300000.00,1.00352E+11,1.01565E+11,1.0245E+11,1.02446E+11,1.03376E+11,1.04337E+11,1.03446E+11,1.00958E+11,1.05126E+11,1.03131E+11,1.06427E+11
NY.GDP.MKTP.CD,Qatar,QAT,..,..,..,..,..,..,..,..,..,..,301791301.80,387703105.50,510262500.20,793885560.00,2401403227.00,2512773166.00,3284273987.00,3617564638.00,4052000413.00,5632962997.00,7829165262.00,8661263764.00,7596703214.00,6467582308.00,6704395824.00,6153296456.00,5053021951.00,5446428681.00,6038187033.00,6487912088.00,7360439423.00,6883516484.00,7646153984.00,7156593654.00,7374450769.00,8137911978.00,9059340385.00,11297802115.00,10255495027.00,12393131868.00,17759890110.00,17538461538.00,19363736264.00,23533791209.00,31734065934.00,44530494505.00,60882142857.00,79712087912.00,1.1527E+11,97798351648.00,1.25122E+11,1.67775E+11,1.86834E+11,1.98728E+11,2.06225E+11,1.6174E+11,1.51732E+11,1.61099E+11,1.83335E+11,1.76371E+11,1.44411E+11,1.79732E+11
NY.GDP.MKTP.CD,Romania,ROU,..,..,..,..,..,..,..,..,..,..,..,..,..,..,..,..,..,..,..,..,..,..,..,..,..,..,..,38067567568.00,40424528302.00,41450777202.00,38247882300.00,28850634900.00,25121666667.00,26361160450.00,30072805104.00,37430162103.00,36937074278.00,35575214078.00,41696091974.00,35953156754.00,37253739511.00,40395116581.00,46065502703.00,57806384143.00,74973656852.00,98454380120.00,1.22024E+11,1.74589E+11,2.14316E+11,1.74111E+11,1.70064E+11,1.92624E+11,1.79117E+11,1.89799E+11,1.99722E+11,1.77885E+11,1.85291E+11,2.10147E+11,2.43469E+11,2.51677E+11,2.52034E+11,2.86578E+11
NY.GDP.MKTP.CD,Russian Federation,RUS,..,..,..,..,..,..,..,..,..,..,..,..,..,..,..,..,..,..,..,..,..,..,..,..,..,..,..,..,5.54829E+11,5.06631E+11,5.17014E+11,5.17963E+11,4.60291E+11,4.35084E+11,3.95077E+11,3.95537E+11,3.91725E+11,4.04929E+11,2.70955E+11,1.95907E+11,2.5971E+11,3.06602E+11,3.4547E+11,4.30347E+11,5.91017E+11,7.64016E+11,9.89932E+11,1.2997E+12,1.66085E+12,1.22265E+12,1.52492E+12,2.04592E+12,2.20829E+12,2.29247E+12,2.05924E+12,1.36348E+12,1.27679E+12,1.5742E+12,1.65733E+12,1.69312E+12,1.49308E+12,1.84339E+12
NY.GDP.MKTP.CD,Rwanda,RWA,119000024.00,122000016.00,125000008.00,128000000.00,129999994.00,148799980.00,124525702.90,159560018.00,172200018.00,188700037.00,219900006.00,222952504.40,246457838.30,290746157.10,308458423.20,571863500.20,637753853.10,746650613.00,905709076.40,1109346131.00,1254765642.00,1407062527.00,1407243139.00,1479687587.00,1587413084.00,1715626331.00,1944710684.00,2157432668.00,2395492687.00,2405022593.00,2550185679.00,1911600237.00,2029026962.00,1971525712.00,753636370.50,1293535193.00,1382334879.00,1851558197.00,1989343546.00,2157108263.00,2068836754.00,1966600715.00,1966003468.00,2138237279.00,2376496067.00,2933819766.00,3319784539.00,4070507895.00,5179854065.00,5674476969.00,6124756654.00,6884913658.00,7654761574.00,7819963716.00,8238966064.00,8543759678.00,8695272301.00,9252834336.00,9637904655.00,10349300380.00,10174387374.00,11069280650.00
NY.GDP.MKTP.CD,Samoa,WSM,..,..,..,..,..,..,..,..,..,..,45208337.61,53719568.97,62566116.38,82452985.37,93549610.93,93489282.55,85003077.70,98295671.03,108223444.20,122257392.90,125747038.00,118190654.70,121221651.60,111862823.60,109200934.30,95572172.98,100947848.60,111713922.10,133016065.40,122888609.70,125766269.80,125597205.40,132303041.40,133122897.20,221098106.50,224865731.40,249907868.80,285475591.90,269485244.20,255408060.30,258856139.80,266299591.50,281790134.20,333426188.40,407747565.10,476801793.20,499923757.80,573548459.80,641346191.70,628006115.40,680260907.20,744097050.20,773141661.20,797736334.30,796683519.60,824150498.70,843924796.70,884844384.50,878448433.40,912950466.10,868898358.30,843923638.70
NY.GDP.MKTP.CD,San Marino,SMR,..,..,..,..,..,..,..,..,..,..,..,..,..,..,..,..,..,..,..,..,..,..,..,..,..,..,..,..,..,..,..,..,..,..,..,..,..,976606693.60,1048316128.00,1109473368.00,1007661367.00,1059529812.00,1148872072.00,1462590267.00,1715340543.00,1786514058.00,1909765165.00,2188654628.00,2403213305.00,2064277126.00,1881191925.00,1813717439.00,1604701299.00,1678741475.00,1673911426.00,1419401071.00,1468343140.00,1528620346.00,1655353653.00,1616232125.00,1544714493.00,1855396000.00
NY.GDP.MKTP.CD,Sao Tome and Principe,STP,..,..,..,..,..,..,..,..,..,..,37211826.09,37288845.21,41430256.81,56011244.74,57817591.46,60101709.85,52039421.20,49207692.32,55044562.80,65755928.14,81662231.03,83499263.50,80307762.62,75110289.18,78213795.93,82733069.44,115928906.70,115952925.50,99000764.39,98545169.43,119298002.10,107484142.70,94861756.02,125742180.00,131338384.70,103695236.80,135188165.70,91920274.24,72285403.84,77302211.92,76198394.82,75951133.38,85171073.88,102085769.10,114582283.90,136450662.40,142775104.10,149146918.90,188021165.00,200668065.00,190021192.50,226455001.20,229371348.20,267041747.60,293119143.20,259999643.00,292267272.20,322002845.20,383717327.80,412976082.60,471229484.60,524402455.50
NY.GDP.MKTP.CD,Saudi Arabia,SAU,1748124064.00,1920811284.00,2130606532.00,2207393172.00,2371808713.00,2647955558.00,2920555557.00,3257022223.00,4187777711.00,4485777644.00,5377333333.00,7184806909.00,9664267087.00,14947435499.00,45412957746.00,46773208643.00,64005665722.00,74188986586.00,80266516687.00,1.11858E+11,1.6454E+11,1.84291E+11,1.5324E+11,1.29172E+11,1.19625E+11,1.03898E+11,86961922765.00,85695861148.00,88256074766.00,95344459279.00,1.1763E+11,1.32223E+11,1.37088E+11,1.32968E+11,1.35175E+11,1.43343E+11,1.58662E+11,1.65964E+11,1.46775E+11,1.61717E+11,1.89515E+11,1.84138E+11,1.89606E+11,2.15808E+11,2.58742E+11,3.2846E+11,3.769E+11,4.15965E+11,5.19797E+11,4.29098E+11,5.28207E+11,6.76635E+11,7.4185E+11,7.53865E+11,7.66606E+11,6.69484E+11,6.66E+11,7.14995E+11,8.46584E+11,8.38565E+11,7.34271E+11,8.74156E+11
NY.GDP.MKTP.CD,Senegal,SEN,1003692370.00,1058975257.00,1085475791.00,1122139862.00,1188930645.00,1210058228.00,1246908186.00,1246480766.00,1309384862.00,1245234931.00,1297407655.00,1339549033.00,1620857104.00,1863398590.00,2099325229.00,2830388405.00,2869777884.00,2938046463.00,3280354921.00,4084877823.00,4510108291.00,4095892781.00,4013951443.00,3569356125.00,3485165432.00,3818944918.00,5392093446.00,6487353103.00,6418419389.00,6366039373.00,7390967360.00,7255210470.00,7769817840.00,7367986241.00,5034588196.00,6326342633.00,6559712166.00,6041478726.00,6505607909.00,6592834933.00,6013185004.00,6507824829.00,7006402320.00,8768721563.00,10076816667.00,11009033438.00,11697918243.00,13994218413.00,16853989628.00,16145867495.00,16121315909.00,17814283639.00,17660870412.00,18918667725.00,19797253440.00,17774766696.00,19040312333.00,20996562944.00,23116701556.00,23403995992.00,24530513038.00,27520784130.00
NY.GDP.MKTP.CD,Serbia,SRB,..,..,..,..,..,..,..,..,..,..,..,..,..,..,..,..,..,..,..,..,..,..,..,..,..,..,..,..,..,..,..,..,..,..,..,17921892655.00,23277430168.00,27153408995.00,21004077441.00,20878694851.00,7326373882.00,13599378662.00,17930583571.00,23593044418.00,26845632342.00,28334256181.00,33298057362.00,44888028946.00,54220641202.00,46955984410.00,43536629233.00,51251098408.00,45103269969.00,50455529604.00,49114321280.00,41297410635.00,42225495910.00,45972834714.00,52787520249.00,53864693665.00,55874017669.00,66159884073.00
NY.GDP.MKTP.CD,Seychelles,SYC,12012024.62,11592023.76,12642025.92,13923028.54,15393031.56,15603031.99,16443033.71,16632032.13,16074027.65,16452028.30,18432031.70,21965950.77,30645122.92,36896280.48,43134496.16,47803145.95,49278981.76,64526401.46,85552365.80,127261099.20,156783829.50,163750728.20,157211789.70,156098237.00,160992921.00,179691482.70,221147061.30,265212956.80,301985618.10,324333366.50,392163560.90,398307169.90,461409398.90,504230620.60,517570058.20,540733047.70,535250347.10,598966982.40,647287375.80,662838614.90,654212394.30,662064155.90,742134837.50,750847230.10,893012218.20,977899381.80,1081441283.00,1077308814.00,979597394.30,850901620.40,981616542.30,1058918707.00,1089407839.00,1333160407.00,1387577870.00,1432403352.00,1568513348.00,1675370641.00,1784313927.00,1868690097.00,1382551752.00,1487173795.00
NY.GDP.MKTP.CD,Sierra Leone,SLE,322009961.50,327834190.60,342721416.50,348547278.80,371847461.40,359379856.20,375479849.80,348795303.00,329859731.90,408690163.50,434410973.80,419549304.70,465381339.70,575230724.40,648590642.90,679336343.60,594895941.90,691777584.00,960728338.90,1109374911.00,1100685845.00,1114830472.00,1295361886.00,995104305.30,1087471862.00,856890459.40,490181456.60,660106336.10,1055083933.00,932974420.30,649644826.80,779981458.90,679941041.30,768868448.00,911854256.20,870740484.10,941708911.10,850233193.20,672368187.10,669386624.00,635866403.80,1681473752.00,1933864034.00,2142618350.00,2237350963.00,2545275313.00,2912986118.00,3326853436.00,3835603779.00,3784165906.00,4033122830.00,4587078913.00,5927684219.00,7697098118.00,7845456215.00,6651626734.00,6042615860.00,5818480352.00,6390514689.00,6523577590.00,6688594758.00,7165214368.00
NY.GDP.MKTP.CD,Singapore,SGP,704751700.30,764629788.10,826239211.80,917608012.50,894153311.40,974644096.10,1096425608.00,1238035816.00,1425706091.00,1659893768.00,1920574150.00,2263785444.00,2721440981.00,3696213333.00,5221534956.00,5633673930.00,6327077974.00,6618585074.00,7517176355.00,9296921724.00,11896256783.00,14175228844.00,16084252378.00,17784112150.00,19749361098.00,19156532746.00,18586746057.00,20919215578.00,25371462488.00,30465364739.00,36144336769.00,45466164978.00,52131320033.00,60603815716.00,73688724431.00,87812540788.00,96293086513.00,1.00124E+11,85728207782.00,86286849755.00,96076539926.00,89793790670.00,92538372870.00,97646401096.00,1.15034E+11,1.27808E+11,1.48627E+11,1.80942E+11,1.93617E+11,1.9415E+11,2.39808E+11,2.79356E+11,2.95093E+11,3.07576E+11,3.14864E+11,3.07999E+11,3.19054E+11,3.43257E+11,3.76893E+11,3.76902E+11,3.49488E+11,4.34112E+11
NY.GDP.MKTP.CD,Sint Maarten (Dutch part),SXM,..,..,..,..,..,..,..,..,..,..,..,..,..,..,..,..,..,..,..,..,..,..,..,..,..,..,..,..,..,..,..,..,..,..,..,..,..,..,..,..,..,..,..,..,..,..,..,..,..,854972067.00,892290502.80,936089385.50,985865921.80,1022905028.00,1361811508.00,1417888715.00,1427017207.00,1353212123.00,1259200447.00,1407880447.00,1236428101.00,1353071061.00
NY.GDP.MKTP.CD,Slovak Republic,SVK,..,..,..,..,..,..,..,..,..,..,..,..,..,..,..,..,..,..,..,..,..,..,..,..,..,..,..,..,..,..,12915046978.00,14459924589.00,15699327209.00,16737973764.00,20428139756.00,26180022222.00,28197790875.00,27844628979.00,29976207629.00,30496272225.00,29215726005.00,30726659551.00,35243658399.00,46616149117.00,57215475076.00,62547753148.00,70751813443.00,86587749518.00,1.0083E+11,89342984698.00,91112160801.00,99705104723.00,94724394278.00,99134277850.00,1.01713E+11,89178548717.00,90347173229.00,95978130735.00,1.06612E+11,1.05843E+11,1.07733E+11,1.20592E+11
NY.GDP.MKTP.CD,Slovenia,SVN,..,..,..,..,..,..,..,..,..,..,..,..,..,..,..,..,..,..,..,..,..,..,..,..,..,..,..,..,..,..,19832029087.00,14454495059.00,14277261541.00,14449298372.00,16400767070.00,21367422159.00,21470699363.00,20726878752.00,22058635314.00,22609669084.00,20159190702.00,20668868707.00,23214593516.00,29360575032.00,34156553313.00,35947936824.00,39260368837.00,47880266543.00,55509332322.00,49975540955.00,47793117241.00,51199194599.00,46167053954.00,47867056859.00,49514466380.00,42709468275.00,44290685824.00,48153200135.00,53689067640.00,53909922736.00,53384760135.00,61529280461.00
NY.GDP.MKTP.CD,Solomon Islands,SLB,..,..,..,..,..,..,..,25203524.03,28084252.76,28606411.40,..,50056882.82,40606712.05,55272108.84,84539332.28,74620320.03,83100834.31,93145283.36,111027427.20,151276496.50,182852106.50,193750540.70,192902018.70,181220399.00,181570473.80,165524943.50,147620047.70,155128542.40,176494394.00,172882410.60,214877666.80,227540473.30,269034595.80,300746361.10,402837005.30,469443201.50,510586430.20,526554006.00,457579840.20,488024514.40,419842674.20,409508553.00,346406738.90,417668983.40,468005318.60,552864570.20,617258154.30,695295347.60,776337691.80,805557562.60,898133684.90,1063895361.00,1185215418.00,1285911586.00,1335571421.00,1307909888.00,1379490304.00,1469789119.00,1615478393.00,1619155017.00,1536145814.00,1522794913.00
NY.GDP.MKTP.CD,Somalia,SOM,180459936.80,191659914.40,203531927.50,216145935.90,229529912.70,243725898.00,257375897.00,271781886.80,286719885.30,306357284.60,347985394.30,347039445.70,447883941.20,483699610.60,572504035.90,757015878.80,871344245.10,498550724.60,564571823.20,589566929.10,602515548.50,699302473.10,774578932.00,735408641.80,787434541.70,875702247.20,916590786.30,1018972664.00,1051596967.00,1181360844.00,1031282081.00,717974929.80,709297578.50,1260132956.00,1481205098.00,1534756135.00,1792234297.00,2191749014.00,2962047564.00,3045751528.00,3412797450.00,2252847465.00,2192684135.00,2836724352.00,3859592813.00,4683246454.00,5026743282.00,5430713729.00,5913620293.00,2948594552.00,2687807004.00,2906000097.00,4364670160.00,5062881613.00,5728399711.00,6152149080.00,6613743090.00,7621501720.00,7873440838.00,8655023960.00,8628393720.00,9483997404.00
NY.GDP.MKTP.CD,South Africa,ZAF,8748596501.00,9225996310.00,9813996074.00,10854195658.00,11955995218.00,13068994772.00,14211394315.00,15821393671.00,17124793150.00,19256992297.00,21218391513.00,23411076638.00,24515919217.00,33262772008.00,41389186095.00,42906905672.00,41150460288.00,45328411332.00,51607412902.00,63038658089.00,89411864402.00,93141472164.00,85904057409.00,96204110942.00,84870163366.00,64459376087.00,73354771399.00,96535763418.00,1.03977E+11,1.08056E+11,1.26048E+11,1.35204E+11,1.46956E+11,1.47195E+11,1.53513E+11,1.71736E+11,1.63235E+11,1.68978E+11,1.52983E+11,1.51517E+11,1.51753E+11,1.3543E+11,1.29088E+11,1.97019E+11,2.55807E+11,2.88867E+11,3.03859E+11,3.33077E+11,3.16131E+11,3.29754E+11,4.17364E+11,4.58199E+11,4.34401E+11,4.00886E+11,3.81199E+11,3.4671E+11,3.23586E+11,3.81449E+11,4.05261E+11,3.8933E+11,3.37975E+11,4.20887E+11
NY.GDP.MKTP.CD,South Sudan,SSD,..,..,..,..,..,..,..,..,..,..,..,..,..,..,..,..,..,..,..,..,..,..,..,..,..,..,..,..,..,..,..,..,..,..,..,..,..,..,..,..,..,..,..,..,..,..,..,..,14586253383.00,12231264525.00,14602072411.00,14907308933.00,11931472169.00,18426469017.00,13962212847.00,11997800760.00,..,..,..,..,..,..
NY.GDP.MKTP.CD,Spain,ESP,12424514014.00,14238126760.00,16609632791.00,19631714760.00,21966876027.00,25479619607.00,29559436183.00,32570905397.00,32394326464.00,37090689288.00,40963715237.00,46586119760.00,59090176029.00,78583355226.00,97204522642.00,1.14695E+11,1.18423E+11,1.32355E+11,1.60485E+11,2.14449E+11,2.32601E+11,2.02663E+11,1.95857E+11,1.70829E+11,1.7198E+11,1.80664E+11,2.51142E+11,3.1852E+11,3.75892E+11,4.14461E+11,5.36175E+11,5.76754E+11,6.30465E+11,5.24701E+11,5.30184E+11,6.1417E+11,6.42251E+11,5.8974E+11,6.18731E+11,6.34395E+11,5.98103E+11,6.27799E+11,7.08938E+11,9.07963E+11,1.06983E+12,1.15467E+12,1.26185E+12,1.47675E+12,1.63612E+12,1.49659E+12,1.42799E+12,1.48757E+12,1.33099E+12,1.36219E+12,1.38024E+12,1.20616E+12,1.24302E+12,1.32175E+12,1.43164E+12,1.4035E+12,1.28978E+12,1.46124E+12
NY.GDP.MKTP.CD,Sri Lanka,LKA,1409873950.00,1444327731.00,1434156379.00,1240672269.00,1309747899.00,1698319328.00,1751470588.00,1859465021.00,1801344538.00,1965546218.00,2296470588.00,2369308600.00,2553936348.00,2875625000.00,3574586466.00,3791298146.00,3591319857.00,4104509583.00,2733183857.00,3364611432.00,4024621900.00,4415844156.00,4768765017.00,5167913302.00,6043474843.00,5978460972.00,6405210564.00,6682167120.00,6978371581.00,6987267684.00,8032551173.00,9000362582.00,9703011636.00,10338679636.00,11717604209.00,13029697561.00,13897738375.00,15091913884.00,15794972847.00,15656327860.00,16330814180.00,15749753805.00,16536535647.00,18881765437.00,20662525941.00,24405791045.00,28279802406.00,32350238760.00,40713826215.00,42066224093.00,58636161082.00,67753284044.00,70447216891.00,77000578167.00,82528535714.00,85140955389.00,88012282206.00,94376237797.00,94493871201.00,89014978344.00,84304298771.00,88609324902.00
NY.GDP.MKTP.CD,St. Kitts and Nevis,KNA,12366635.75,12483302.13,12541635.31,12833301.25,13416633.13,13593932.32,14469078.18,16742338.25,14600000.00,15850000.00,16300000.00,19624746.45,22944849.12,24196018.38,31514856.31,33364055.30,30095602.29,44496296.30,49433333.33,58840740.74,68459259.26,80888888.89,86022222.22,86874074.07,98603703.70,111007407.40,130685185.20,147748148.10,172692592.60,192518518.50,217259259.30,220540740.70,242137037.00,263755555.60,295159259.30,313485185.20,333944444.40,374641308.00,383257331.40,406595484.40,421695769.80,458643829.00,481077373.70,469869869.90,506900000.00,547203703.70,644414814.80,689285185.20,777692592.60,774274074.10,778718518.50,836092592.60,824585185.20,874548148.10,952111111.10,957222222.20,1006818519.00,1056977778.00,1076548148.00,1107855556.00,883922222.20,858622222.20
NY.GDP.MKTP.CD,St. Lucia,LCA,..,..,..,..,..,..,..,..,..,..,..,..,..,..,..,..,..,..,..,..,170370370.40,194444444.40,183333333.30,197037037.00,251481481.50,284444444.40,340000000.00,375555555.60,429629629.60,486666666.70,579629629.60,613703703.70,674074074.10,684814814.80,713703703.70,762962963.00,788888888.90,805925925.90,877407407.40,921851851.90,932592592.60,892592592.60,900000000.00,987407407.40,1066666667.00,1135555556.00,1268319185.00,1336088815.00,1437731111.00,1401507889.00,1482385185.00,1568370370.00,1598207407.00,1660222222.00,1749185185.00,1807629630.00,1868555556.00,1998518519.00,2060962963.00,2095370370.00,1499296296.00,1867185185.00
NY.GDP.MKTP.CD,St. Martin (French part),MAF,..,..,..,..,..,..,..,..,..,..,..,..,..,..,..,..,..,..,..,..,..,..,..,..,..,..,..,..,..,..,..,..,..,..,..,..,..,..,..,..,..,..,..,..,..,..,..,..,..,..,..,775875748.50,..,..,772921958.50,..,..,..,..,652206037.10,..,649206262.80
NY.GDP.MKTP.CD,St. Vincent and the Grenadines,VCT,13066634.00,13999965.00,14524963.69,13708299.06,14758296.44,15108295.56,16099959.75,15835106.03,15350000.00,16650000.00,18450000.00,20051922.33,27585804.87,30165081.09,32923702.73,33237225.99,32792844.68,49353161.85,60844771.48,71096359.63,82340339.63,102086539.30,113759203.30,122255349.60,135024987.80,145641705.20,160846656.70,175580647.40,200726712.60,214745002.20,240366666.70,254829629.60,277955555.60,286307407.40,289437037.00,316007407.40,331488888.90,347770370.40,373618518.50,390718518.50,427946037.00,462072333.30,487763851.90,509090888.90,549900185.20,579948925.90,643501148.10,713596666.70,732663259.30,714300259.30,720447888.90,713796370.40,730032592.60,764781259.30,770900000.00,786555555.60,814303703.70,844040740.70,884329629.60,910766666.70,869111111.10,872225925.90
NY.GDP.MKTP.CD,Sudan,SDN,1126364162.00,1222860429.00,1328259625.00,1351234926.00,1388282600.00,1446869619.00,1484491676.00,1607409539.00,1677771401.00,1847501441.00,2100229759.00,2288340041.00,2483055722.00,3077254460.00,3958931660.00,4823090192.00,6013210816.00,7499005639.00,8128719315.00,8418407787.00,8951800000.00,10753888154.00,8732542274.00,8230153846.00,10447615385.00,8075259600.00,10092200000.00,12093333333.00,14372555556.00,21408111111.00,33641222222.00,44171194366.00,7031933492.00,8881010081.00,12793798418.00,13830369852.00,9018300725.00,11681175864.00,11250221537.00,10682028340.00,12257299147.00,15716361792.00,18137128388.00,21355298460.00,26646007251.00,35182711988.00,45263831634.00,59440139775.00,64833083257.00,51621044077.00,58962978034.00,55018567211.00,37632919967.00,43024018082.00,49516748618.00,51726758677.00,42630376000.00,41283617976.00,32333780383.00,32338079165.00,27034593750.00,34229513775.00
NY.GDP.MKTP.CD,Suriname,SUR,99650000.00,107700000.00,116150000.00,125950000.00,134400000.00,154150000.00,190350000.00,220700000.00,241350000.00,259650000.00,274900000.00,301000000.00,311950000.00,339450000.00,409850000.00,465500000.00,505500000.00,641500000.00,735500000.00,782500000.00,795000000.00,889000000.00,915000000.00,883500000.00,864000000.00,873000000.00,891000000.00,980000000.00,1161000000.00,542600000.00,388400000.00,448100000.00,404600000.00,428764705.90,605492537.30,691590497.70,861372806.20,926422500.00,1110850000.00,886290697.70,947671969.70,834279357.80,1093574468.00,1274190311.00,1484092538.00,1793410397.00,2626380435.00,2936612022.00,3532969035.00,3875409836.00,4368370998.00,4422276622.00,4980000000.00,5145757576.00,5240606061.00,5126237646.00,3317421648.00,3591679431.00,3996198867.00,4016040575.00,2911807496.00,3107923198.00
NY.GDP.MKTP.CD,Eswatini,SWZ,35076845.97,43026042.79,45927961.63,54129438.35,64980554.01,70279971.89,76859969.26,74759970.10,79799968.08,105419957.80,112139955.10,136462080.70,146736479.20,221915127.60,264320941.00,288299788.50,272550068.10,304060076.00,340630085.20,412093133.80,541976852.60,570774824.80,537568059.40,555336145.80,494483408.90,360079419.40,449140318.40,584126092.30,692026454.70,696921542.40,1114694041.00,1156135718.00,1284759928.00,1357189552.00,1419294254.00,1698989464.00,1602741834.00,1716714070.00,1576908856.00,1547888496.00,1738093840.00,1542477309.00,1432221739.00,2197598466.00,2770082792.00,3178112499.00,3291330019.00,3469381231.00,3294084314.00,3580428053.00,4438765086.00,4820478680.00,4886551484.00,4418333192.00,4250545461.00,3878174404.00,3705918654.00,4437538381.00,4659474400.00,4594818143.00,4105756863.00,4737671576.00
NY.GDP.MKTP.CD,Sweden,SWE,15930258332.00,17329819494.00,18794282717.00,20342365392.00,22685750575.00,24964233891.00,27155028520.00,29475219787.00,31278230634.00,33967691454.00,38037663342.00,41506627519.00,48883734672.00,59319523962.00,65918391224.00,82766182746.00,89233541404.00,94332865494.00,1.04292E+11,1.23209E+11,1.41888E+11,1.295E+11,1.14216E+11,1.04863E+11,1.09044E+11,1.13959E+11,1.50282E+11,1.82746E+11,2.06689E+11,2.17635E+11,2.6147E+11,2.73835E+11,2.83912E+11,2.12647E+11,2.28702E+11,2.67053E+11,2.91952E+11,2.68252E+11,2.7089E+11,2.7432E+11,2.62905E+11,2.42499E+11,2.67373E+11,3.34074E+11,3.84547E+11,3.9169E+11,4.2253E+11,4.9005E+11,5.14617E+11,4.34314E+11,4.92753E+11,5.70541E+11,5.49742E+11,5.84128E+11,5.7773E+11,5.01698E+11,5.14218E+11,5.36084E+11,5.51312E+11,5.32169E+11,5.45148E+11,6.37187E+11
NY.GDP.MKTP.CD,Switzerland,CHE,10412232621.00,11713348834.00,12989649694.00,14283872299.00,15833133858.00,16780226225.00,18019402374.00,19397044714.00,20712102794.00,22442043274.00,24998066773.00,30040171751.00,36844318854.00,49550006320.00,57103011446.00,65466081819.00,68476524644.00,73135771167.00,1.0228E+11,1.1497E+11,1.22558E+11,1.12245E+11,1.15043E+11,1.14634E+11,1.09455E+11,1.1098E+11,1.5909E+11,1.99236E+11,2.15541E+11,2.08106E+11,2.65764E+11,2.68902E+11,2.79921E+11,2.72238E+11,3.01375E+11,3.52836E+11,3.40104E+11,2.94788E+11,3.03459E+11,2.97874E+11,2.79216E+11,2.86583E+11,3.09301E+11,3.62075E+11,4.03913E+11,4.18285E+11,4.41635E+11,4.90741E+11,5.67268E+11,5.54213E+11,5.98851E+11,7.15888E+11,6.8642E+11,7.06235E+11,7.26538E+11,6.94118E+11,6.87895E+11,6.95201E+11,7.25569E+11,7.21369E+11,7.41999E+11,8.13409E+11
NY.GDP.MKTP.CD,Syrian Arab Republic,SYR,857704413.40,945244972.10,1110565881.00,1200447408.00,1339494267.00,1472036540.00,1342287553.00,1580229799.00,1753746430.00,2245011515.00,2140384010.00,2589851325.00,3059681698.00,3239487516.00,5159557148.00,6826980444.00,7633528867.00,7696011396.00,9275200458.00,9929681529.00,13062420382.00,15518201335.00,16298929011.00,17589277143.00,17503078174.00,16403539893.00,13293205278.00,11356215543.00,10577041645.00,9853395762.00,12308624418.00,12981833333.00,13253565861.00,13695962055.00,10122020000.00,11396706587.00,13789560878.00,14505233463.00,15200846154.00,15873875969.00,18937052543.00,20237024725.00,20669357462.00,21828144686.00,25086950495.00,28858965517.00,33751788856.00,40465318382.00,52557913569.00,54111735629.00,61390830875.00,67539428159.00,43190318033.00,21361254635.00,21502061466.00,16466863117.00,12597854877.00,16369843352.00,21497782868.00,22583045060.00,12047752036.00,14353205678.00
NY.GDP.MKTP.CD,Tajikistan,TJK,..,..,..,..,..,..,..,..,..,..,..,..,..,..,..,..,..,..,..,..,..,..,..,..,..,..,..,..,..,..,2629395066.00,2536585366.00,1908554572.00,1646623195.00,1522001206.00,1231561860.00,1043654822.00,921518032.90,1320199582.00,1086612290.00,860541842.30,1080772551.00,1221106220.00,1555318261.00,2076176869.00,2312352021.00,2830213849.00,3719524541.00,5161299725.00,4979472364.00,5642221099.00,6522756255.00,7633036903.00,8448411318.00,9112605459.00,8271431485.00,6992416097.00,7536402853.00,7764999999.00,8300813599.00,8133963551.00,8937805347.00
NY.GDP.MKTP.CD,Tanzania,TZA,2651729807.00,2826179031.00,3101589993.00,3456579293.00,3748840925.00,3817226546.00,4377998825.00,4565132048.00,4895251824.00,5142066811.00,2851419386.00,3050673517.00,3472787266.00,4144104535.00,4977337978.00,5729917840.00,6472511988.00,7732598995.00,9261675710.00,9804637491.00,11409228087.00,13161540378.00,13927383240.00,14049883809.00,12906635133.00,15328295175.00,10840864521.00,7824193222.00,7406614407.00,6418799007.00,6184384225.00,7197768159.00,6681997469.00,6182872708.00,6550480484.00,7631431840.00,9433528150.00,11158197942.00,12172790056.00,12704334196.00,13371767082.00,13563990022.00,14129651896.00,15211487709.00,16673062473.00,18395383647.00,18619859795.00,21860434823.00,27947821398.00,29400573554.00,32012892919.00,34657140096.00,39650394363.00,45648857242.00,49986726461.00,47413919817.00,49774409374.00,53274884533.00,57003712892.00,61026731926.00,66068737786.00,70655628148.00
NY.GDP.MKTP.CD,Thailand,THA,2760750861.00,3034037811.00,3308912797.00,3540403457.00,3889129942.00,4388937649.00,5279230817.00,5638461442.00,6081009428.00,6695336567.00,7086538438.00,7375000024.00,8177873151.00,10838587358.00,13702998512.00,14882770594.00,16985208648.00,19779312261.00,24006566637.00,27371650825.00,32353514989.00,34846039194.00,36589772404.00,40042798388.00,41797647776.00,38900711333.00,43096773981.00,50535446555.00,61667253471.00,72250748100.00,85343190719.00,98234714971.00,1.11453E+11,1.28889E+11,1.46684E+11,1.69279E+11,1.83035E+11,1.5018E+11,1.13676E+11,1.26669E+11,1.26392E+11,1.20296E+11,1.34301E+11,1.52281E+11,1.72896E+11,1.89318E+11,2.21758E+11,2.62943E+11,2.91383E+11,2.81711E+11,3.41105E+11,3.70819E+11,3.97558E+11,4.20334E+11,4.07339E+11,4.01296E+11,4.13366E+11,4.56357E+11,5.06754E+11,5.43977E+11,5.00462E+11,5.06256E+11
NY.GDP.MKTP.CD,Timor-Leste,TLS,..,..,..,..,..,..,..,..,..,..,..,..,..,..,..,..,..,..,..,..,..,..,..,..,..,..,..,..,..,..,128210142.00,147713000.00,187891500.00,216914400.00,239040500.00,262819900.00,306956900.00,319972700.00,325729800.00,225357600.00,366924300.00,477443500.00,469455500.00,490439100.00,440772000.00,462268000.00,453792400.00,542795400.00,648523600.00,726937800.00,881909300.00,1042534600.00,1160555000.00,1395727400.00,1447535200.00,1590282400.00,1640464600.00,1584878400.00,1555988600.00,2032550400.00,2162619200.00,3624889700.00
NY.GDP.MKTP.CD,Togo,TGO,171057069.10,178497098.30,186745757.90,202305865.20,234572186.50,264505506.00,305227594.80,327215843.60,341691567.50,378091809.60,358665753.90,404648367.80,474043921.80,574030984.00,791450308.40,871781686.90,874681611.90,1097893826.00,1164025637.00,1259365712.00,1604836916.00,1359026709.00,1160337039.00,1081387265.00,1014170069.00,1076604520.00,1498219579.00,1763978066.00,1947208354.00,1910635575.00,2299665506.00,2262767860.00,2390796916.00,1741944426.00,1387662121.00,1849110468.00,2069506014.00,2116818623.00,2241650112.00,2226577204.00,2106848752.00,2093498674.00,2410199032.00,2987984051.00,3191561509.00,3221910408.00,3320907722.00,3759964943.00,4578849658.00,4721890900.00,4746389532.00,5422442166.00,5413544658.00,6021732977.00,6393318262.00,5755461035.00,6071170959.00,6387422518.00,7029300383.00,6992700101.00,7400284168.00,8342243646.00
NY.GDP.MKTP.CD,Tonga,TON,..,..,..,..,..,..,..,..,..,..,..,..,..,..,..,32506741.72,30036416.96,34139387.89,41567471.67,44667002.01,53260077.43,62242013.33,62068161.07,60863963.96,64248354.54,60058663.31,68195855.61,81667133.45,106657267.40,106344855.00,113563821.60,132201141.40,137066290.60,138489884.40,195990967.00,208871687.60,222100545.60,214991477.80,191504899.60,199208705.40,204848470.10,181117222.00,182764260.10,202246611.80,230677994.60,261823827.40,292232681.60,298519618.10,344438839.60,312415046.40,366887376.60,414143823.20,471122970.90,451788486.90,440997738.00,437525514.20,420828262.30,459976850.30,489714518.00,494197841.10,496856295.80,518228012.10
NY.GDP.MKTP.CD,Trinidad and Tobago,TTO,535673252.30,584964620.70,619322809.80,678239329.10,711897520.00,736573158.30,723739857.00,761981912.40,758899950.00,779200000.00,821850000.00,896765214.60,1083391758.00,1308785431.00,2042001071.00,2442669825.00,2500424955.00,3138666668.00,3562333460.00,4602416627.00,6235833336.00,6992083336.00,8140416670.00,7763750003.00,7757083335.00,7375918367.00,4794444444.00,4797777778.00,4496910569.00,4323058824.00,5068000000.00,5307905882.00,5439552941.00,4669491134.00,4947181646.00,5329217747.00,5759570336.00,5737771523.00,6043686654.00,6808982521.00,8154342116.00,8824849191.00,9008298229.00,11305459802.00,13280291990.00,15982389018.00,18369361094.00,21641620050.00,27871587350.00,19172165226.00,22157920592.00,25433007437.00,27334568806.00,28709859469.00,29697674914.00,27026750553.00,23722678430.00,24040211327.00,24569257295.00,23775659263.00,20807716174.00,24496397205.00
NY.GDP.MKTP.CD,Tunisia,TUN,..,866155428.60,880027733.30,1026737600.00,1025866792.00,991047619.00,1040952381.00,1085714286.00,1214666667.00,1289904762.00,1439238095.00,1685162272.00,2237556149.00,2730813385.00,3545868575.00,4328965588.00,4508191942.00,5109324009.00,5968460080.00,7188863904.00,8744134354.00,8428445294.00,8133580052.00,8350582748.00,8254541195.00,8410226053.00,9017806654.00,9696715911.00,10096245762.00,10101851745.00,12290568182.00,13074782609.00,15496708060.00,14608335608.00,15633174304.00,18030876599.00,19587161807.00,20746210354.00,21802893587.00,22943202175.00,21473528161.00,22065832449.00,23141616605.00,27453902261.00,31183885241.00,32272186695.00,34376664601.00,38915353867.00,44859439902.00,43455740497.00,46206091938.00,48123325825.00,47311401813.00,48685446414.00,50271812921.00,45779494042.00,44360072680.00,42163530591.00,42686504460.00,41905642419.00,42491780918.00,46812290143.00
NY.GDP.MKTP.CD,Turkiye,TUR,7566666667.00,7988888889.00,8922222222.00,10355555556.00,11177777778.00,11966666667.00,14100000000.00,15644444444.00,17500000000.00,19466666667.00,17863636364.00,16166666667.00,20650000000.00,26000000000.00,35414285714.00,46042857143.00,51450000000.00,58683333333.00,65912500000.00,89616129032.00,68823684211.00,71180180180.00,64369325153.00,61803555556.00,59937602180.00,67232758621.00,75673037037.00,87190081680.00,90875175809.00,1.07127E+11,1.50656E+11,1.51035E+11,1.59105E+11,1.80416E+11,1.3065E+11,1.6932E+11,1.81464E+11,1.89878E+11,2.75942E+11,2.56396E+11,2.74295E+11,2.01753E+11,2.40249E+11,3.14596E+11,4.08865E+11,5.06315E+11,5.57076E+11,6.81321E+11,7.70449E+11,6.49289E+11,7.76967E+11,8.38785E+11,8.80556E+11,9.57799E+11,9.38935E+11,8.64314E+11,8.69683E+11,8.58988E+11,7.78972E+11,7.61006E+11,7.20338E+11,8.19865E+11
NY.GDP.MKTP.CD,Turkmenistan,TKM,..,..,..,..,..,..,..,..,..,..,..,..,..,..,..,..,..,..,..,..,..,..,..,..,..,..,..,2331358820.00,3010982414.00,3006988217.00,3189539641.00,3208098919.00,3200539816.00,3179225949.00,2561118608.00,2482228440.00,2378759975.00,2450350625.00,2605689134.00,2450564100.00,2904663311.00,3534772732.00,4462029109.00,5977440583.00,6838351088.00,8103901996.00,10276674365.00,12664165103.00,19271523179.00,20214385965.00,22583157895.00,29233333333.00,35164210526.00,39197543860.00,43524210526.00,35799714286.00,36169428571.00,37926285714.00,40765428571.00,45232857143.00,45818000000.00,50007428571.00
NY.GDP.MKTP.CD,Turks and Caicos Islands,TCA,..,..,..,..,..,..,..,..,..,..,..,..,..,..,..,..,..,..,..,..,..,..,..,..,..,..,..,..,..,..,..,..,..,..,..,..,..,..,..,..,..,358744800.00,366707900.00,409753600.00,485598800.00,578645800.00,721891500.00,773489700.00,862683600.00,703175800.00,686787800.00,728789600.00,727161000.00,754238000.00,841070000.00,942070000.00,1032452000.00,1028941663.00,1128749005.00,1177285212.00,774653669.30,1045782454.00
NY.GDP.MKTP.CD,Tuvalu,TUV,..,..,..,..,..,..,..,..,..,..,2585955.87,2716989.58,2968457.94,3411915.44,4122328.67,4014748.05,3919072.23,3669419.59,3798781.86,4065659.43,4206128.13,4773017.53,4118945.16,4152550.30,4481977.90,3862851.88,4574706.21,5020513.50,7011059.37,8454523.25,9542900.90,10127313.91,10535028.14,10414399.96,11772610.66,11922614.20,13338597.33,13734210.10,13795146.21,14800503.26,15073975.53,13964732.33,16842672.60,19456338.03,22798274.98,22909979.82,24096875.46,28450168.69,31874434.86,28076983.97,32105408.48,39196957.49,39345579.47,38615890.63,38760982.65,36811936.08,41629064.22,45276595.35,48015259.88,54123198.57,51746594.31,60196405.71
NY.GDP.MKTP.CD,Uganda,UGA,423145605.00,441667334.60,449158233.40,516315231.40,589247687.30,884502310.00,925381492.40,967240655.20,1037379252.00,1168556629.00,1259554809.00,1417191656.00,1490970181.00,1701829789.00,2098944967.00,2359555556.00,2447300000.00,2936470588.00,2420260870.00,2139025000.00,1244610000.00,1337300000.00,2177500000.00,2240333333.00,3615647477.00,3519695444.00,3923244050.00,6269522042.00,6508931652.00,5276480799.00,4304399310.00,3321729160.00,2857457762.00,3220439044.00,3990430447.00,5755818842.00,6044585327.00,6269333313.00,6584815847.00,5998563258.00,6193246837.00,5840503869.00,6178563591.00,6606884275.00,7939487548.00,9239221763.00,9977647683.00,11902564495.00,14440404132.00,25127805567.00,26673441431.00,27871725241.00,27305915911.00,28915786517.00,32612397257.00,32387183730.00,29203988696.00,30744473841.00,32927025620.00,35348155095.00,37600368242.00,40529788749.00
NY.GDP.MKTP.CD,Ukraine,UKR,..,..,..,..,..,..,..,..,..,..,..,..,..,..,..,..,..,..,..,..,..,..,..,..,..,..,..,64087694038.00,74703517903.00,82709161099.00,81393558423.00,77350733982.00,73945908384.00,65648559903.00,52549553403.00,48213856469.00,44558831005.00,50151531592.00,41882523345.00,31580639554.00,32375083935.00,39309580983.00,43956163612.00,52010355753.00,67220154164.00,89238865119.00,1.11885E+11,1.48734E+11,1.8811E+11,1.21552E+11,1.41209E+11,1.69334E+11,1.82592E+11,1.90499E+11,1.33504E+11,91030967789.00,93355869404.00,1.12091E+11,1.30891E+11,1.53883E+11,1.56618E+11,1.99766E+11
NY.GDP.MKTP.CD,United Arab Emirates,ARE,..,..,..,..,..,..,..,..,..,..,685986701.30,939893599.60,1415086929.00,4231243616.00,11651505689.00,14720728249.00,19213158779.00,24871775165.00,23775764225.00,31225659621.00,43599160050.00,49333424135.00,46622718605.00,42803323345.00,41807954236.00,40603650232.00,33943612095.00,36384908744.00,36275674203.00,41464995914.00,50701443748.00,51552165622.00,54239171888.00,55625170253.00,59305093980.00,65743666576.00,73571233996.00,78839008445.00,75674336283.00,84445473111.00,1.04337E+11,1.03312E+11,1.09816E+11,1.24346E+11,1.47824E+11,1.80617E+11,2.22117E+11,2.57916E+11,3.15475E+11,2.53547E+11,3.00189E+11,3.60833E+11,3.8461E+11,4.00219E+11,4.14105E+11,3.70275E+11,3.69255E+11,3.90517E+11,4.27049E+11,4.1799E+11,3.49473E+11,4.15179E+11
NY.GDP.MKTP.CD,United Kingdom,GBR,73233967692.00,77741965703.00,81247564157.00,86561961812.00,94407558351.00,1.01825E+11,1.08573E+11,1.13117E+11,1.0776E+11,1.16465E+11,1.30672E+11,1.48114E+11,1.69965E+11,1.92538E+11,2.06131E+11,2.41757E+11,2.32615E+11,2.63066E+11,3.35883E+11,4.38994E+11,5.64948E+11,5.40766E+11,5.15049E+11,4.89618E+11,4.61487E+11,4.89285E+11,6.01453E+11,7.45163E+11,9.10123E+11,9.26885E+11,1.09317E+12,1.1428E+12,1.17966E+12,1.06139E+12,1.14049E+12,1.34424E+12,1.41965E+12,1.56091E+12,1.65369E+12,1.68783E+12,1.66553E+12,1.64983E+12,1.78573E+12,2.05442E+12,2.42153E+12,2.54318E+12,2.70844E+12,3.09051E+12,2.92941E+12,2.41284E+12,2.48548E+12,2.66381E+12,2.70709E+12,2.78485E+12,3.06471E+12,2.92791E+12,2.68911E+12,2.68015E+12,2.87134E+12,2.85141E+12,2.69678E+12,3.14332E+12
NY.GDP.MKTP.CD,United States,USA,5.41989E+11,5.6194E+11,6.03639E+11,6.37059E+11,6.84145E+11,7.41905E+11,8.13033E+11,8.5962E+11,9.40225E+11,1.01744E+12,1.0733E+12,1.16485E+12,1.27911E+12,1.42538E+12,1.54524E+12,1.6849E+12,1.87341E+12,2.08183E+12,2.3516E+12,2.62733E+12,2.85731E+12,3.20704E+12,3.34379E+12,3.63404E+12,4.03761E+12,4.33898E+12,4.57963E+12,4.85522E+12,5.23644E+12,5.64158E+12,5.96314E+12,6.15813E+12,6.52033E+12,6.85856E+12,7.28724E+12,7.63975E+12,8.07312E+12,8.57755E+12,9.06282E+12,9.63117E+12,1.0251E+13,1.05819E+13,1.09291E+13,1.14565E+13,1.22172E+13,1.30392E+13,1.38156E+13,1.44742E+13,1.47699E+13,1.44781E+13,1.5049E+13,1.55997E+13,1.6254E+13,1.68807E+13,1.76081E+13,1.8295E+13,1.88049E+13,1.96121E+13,2.06565E+13,2.154E+13,2.13541E+13,2.36812E+13
NY.GDP.MKTP.CD,Uruguay,URY,1242289239.00,1547388781.00,1710004407.00,1539681491.00,1975701816.00,1890767156.00,1809185094.00,1597713469.00,1593674185.00,2004435484.00,2137096774.00,2807258065.00,2189418689.00,3964296443.00,4090209682.00,3538278047.00,3667161241.00,4114670014.00,4910254566.00,7181182224.00,10163020116.00,11048301421.00,9178780077.00,5102276308.00,4850238550.00,4732017873.00,5880112788.00,7367494080.00,8213538369.00,8438951476.00,9298807850.00,11206176651.00,12878148791.00,15002136971.00,17474588896.00,19297663097.00,20515458114.00,23969739234.00,25385886978.00,23983945191.00,22823270892.00,20898761742.00,13606515723.00,12045638352.00,13686329890.00,17362857684.00,19741420740.00,23797773024.00,31119602539.00,32708319078.00,41950361212.00,50342406067.00,54232266359.00,61337621934.00,61496186974.00,57680327999.00,57480788390.00,65006039995.00,65344576348.00,62222325807.00,53668636568.00,60760798596.00
NY.GDP.MKTP.CD,Uzbekistan,UZB,..,..,..,..,..,..,..,..,..,..,..,..,..,..,..,..,..,..,..,..,..,..,..,..,..,..,..,8523160593.00,10722799639.00,11948815258.00,13362340338.00,13800167712.00,12953801760.00,13099928447.00,12899074922.00,13350461265.00,13948892216.00,14744603774.00,14988971211.00,17078465982.00,13760513969.00,11401421329.00,9687788513.00,10134453435.00,12030023548.00,14307509839.00,17330833853.00,22311393928.00,29549438884.00,33689223673.00,49765676402.00,60178909297.00,67517349212.00,73180037915.00,80845385809.00,86196264755.00,86138288644.00,69703222283.00,58695899092.00,67293639798.00,66443265418.00,77340060003.00
NY.GDP.MKTP.CD,Vanuatu,VUT,..,..,..,..,..,..,..,..,..,..,..,..,..,..,..,..,..,..,..,119258835.30,121185497.60,113781795.80,114501912.50,117389554.20,144482515.40,131856420.70,126498935.30,139464173.50,158351368.40,154013202.10,168879207.20,201334169.10,209088824.60,200491853.20,233701301.50,249333250.10,261370044.50,272771209.10,262293410.70,268006972.70,272014627.80,257926881.70,262596535.50,314471413.00,364996869.10,394962433.00,439358586.50,516392922.50,590748429.40,592622319.10,670712979.70,770153588.20,747839697.70,758304466.20,772315983.80,730870803.00,780889605.90,880061833.70,914736985.40,936526267.60,909421043.50,950394006.50
NY.GDP.MKTP.CD,"Venezuela, RB",VEN,7663938303.00,8067267031.00,8814309884.00,9608717288.00,8192413793.00,8427777778.00,8781333333.00,9250000000.00,10034444444.00,10285111111.00,11561111111.00,12986590909.00,13977727273.00,17035581395.00,26100930233.00,27464651163.00,31419534884.00,36210697674.00,39316279070.00,48310930233.00,59116511628.00,66327441860.00,67736744186.00,67556279070.00,59867743468.00,61965466667.00,60516123711.00,48029034483.00,60226413793.00,43536709104.00,48606952195.00,53453444787.00,60416519620.00,60037460783.00,58418666667.00,77389487770.00,70543211119.00,85837678560.00,91336763255.00,97972842462.00,1.17146E+11,1.22911E+11,92893587734.00,83620628582.00,1.12451E+11,1.45513E+11,1.83478E+11,2.30364E+11,3.15953E+11,3.29788E+11,3.93192E+11,3.16482E+11,3.81286E+11,3.71005E+11,4.82359E+11,..,..,..,..,..,..,..
NY.GDP.MKTP.CD,Viet Nam,VNM,..,..,..,..,..,..,..,..,..,..,..,..,..,..,..,..,..,..,..,..,..,..,..,..,..,14094687821.00,26336616250.00,36658108850.00,25423812649.00,6293304975.00,6471740806.00,9613369520.00,9866990236.00,13180953598.00,16286433533.00,20736164459.00,24657470575.00,26843700442.00,27209602050.00,28683659007.00,31172518403.00,32685198809.00,35064105501.00,39552513232.00,45427854693.00,57633255738.00,66371664817.00,77414425532.00,99130304099.00,1.06015E+11,1.47201E+11,1.72595E+11,1.95591E+11,2.13709E+11,2.33451E+11,2.39258E+11,2.57096E+11,2.81354E+11,3.10106E+11,3.34365E+11,3.46616E+11,3.66475E+11
NY.GDP.MKTP.CD,Virgin Islands (U.S.),VIR,..,..,..,..,..,..,..,..,..,..,..,..,..,..,..,..,..,..,..,..,..,..,..,..,..,..,..,..,..,..,..,..,..,..,..,..,..,..,..,..,..,..,3262000000.00,3443000000.00,3797000000.00,4428000000.00,4484000000.00,4784000000.00,4244000000.00,4201000000.00,4324000000.00,4223000000.00,4089000000.00,3738000000.00,3565000000.00,3663000000.00,3798000000.00,3794000000.00,3923000000.00,4121000000.00,4229000000.00,4507000000.00
NY.GDP.MKTP.CD,West Bank and Gaza,PSE,..,..,..,..,..,..,..,..,..,..,..,..,..,..,..,..,..,..,..,..,..,..,..,..,..,..,..,..,..,..,..,..,..,..,2843300000.00,3282800000.00,3409600000.00,3759800000.00,4067800000.00,4271200000.00,4313600000.00,4003700000.00,3555800000.00,3968000000.00,4603100000.00,5125700000.00,5348300000.00,5815700000.00,7310400000.00,8085700000.00,9681500000.00,11186100000.00,12208400000.00,13515500000.00,13989700000.00,13972400000.00,15405400000.00,16128000000.00,16276600000.00,17133500000.00,15531700000.00,18109000000.00
NY.GDP.MKTP.CD,"Yemen, Rep.",YEM,..,..,..,..,..,..,..,..,..,..,..,..,..,..,..,..,..,..,..,..,..,..,..,..,..,..,..,..,..,..,12643821569.00,14665445462.00,17959367194.00,21736802664.00,28019483764.00,12796345679.00,6496163616.00,6838298531.00,6322175566.00,7639325296.00,9679316770.00,9852990693.00,10693430511.00,11777532662.00,13867634371.00,16731566717.00,19063143370.00,21650528674.00,26910855807.00,25130278213.00,30906749533.00,32726417878.00,35401331610.00,40415233436.00,43228585321.00,42444489522.00,31317824943.00,26842228829.00,21606160784.00,..,..,..
NY.GDP.MKTP.CD,Zambia,ZMB,698739720.80,682359727.30,679279728.60,704339718.50,822639671.30,1061199576.00,1238999505.00,1340639464.00,1573739371.00,1926399230.00,1788779285.00,1653259341.00,1872416680.00,2434255237.00,2910981262.00,2442672141.00,2742859263.00,2515296940.00,2811032473.00,3353445378.00,3884530854.00,4008126497.00,3871117093.00,3321048451.00,2719518933.00,2252454500.00,1664413508.00,2265250972.00,3728878149.00,3994673161.00,3288381797.00,3376806697.00,3182810841.00,3273507754.00,3656808233.00,3806982679.00,3597220962.00,4303288480.00,3537741942.00,3404284891.00,3600632111.00,4094441301.00,4193850445.00,4901869764.00,6221110219.00,8331870169.00,12756858899.00,14056957976.00,17910858638.00,15328342304.00,20265559484.00,23459515276.00,25503060420.00,28037239463.00,27141023558.00,21251216799.00,20958412538.00,25873601261.00,26311507274.00,23308667781.00,18137764931.00,22096416932.00
NY.GDP.MKTP.CD,Zimbabwe,ZWE,1052990400.00,1096646600.00,1117601600.00,1159511700.00,1217138000.00,1311435800.00,1281749500.00,1397002000.00,1479599900.00,1747998800.00,1884206300.00,2178716300.00,2677729400.00,3309353600.00,3982161400.00,4371300700.00,4318372000.00,4364382100.00,4351600500.00,5177459400.00,6678868200.00,8011373800.00,8539700700.00,7764067000.00,6352125900.00,5637259300.00,6217523700.00,6741215100.00,7814784100.00,8286322700.00,8783816700.00,8641481700.00,6751472200.00,6563813300.00,6890675000.00,7111270700.00,8553146600.00,8529571600.00,6401968200.00,6858013100.00,6689957600.00,6777384700.00,6342116400.00,5727591800.00,5805598400.00,5755215200.00,5443896500.00,5291950100.00,4415702800.00,9665793300.00,12041655200.00,14101920300.00,17114849900.00,19091020000.00,19495519600.00,19963120600.00,20548678100.00,51074660513.00,34156069918.00,25717409842.00,26867936445.00,27240515109.00
NY.GDP.PCAP.CD,Afghanistan,AFG,..,..,..,..,..,..,..,..,..,..,..,..,..,..,..,..,..,..,..,..,..,..,..,..,..,..,..,..,..,..,..,..,..,..,..,..,..,..,..,..,174.93,138.71,178.95,198.87,221.76,254.18,274.22,376.22,381.73,452.05,560.62,606.69,651.42,637.09,625.05,565.57,522.08,525.47,491.34,496.60,510.79,356.50
NY.GDP.PCAP.CD,Albania,ALB,..,..,..,..,..,..,..,..,..,..,..,..,..,..,..,..,..,..,..,..,590.61,663.29,668.45,661.55,639.48,639.87,693.87,674.79,652.77,698.00,617.23,336.59,200.85,367.28,586.42,750.60,1009.98,717.38,813.79,1033.24,1126.68,1281.66,1425.12,1846.12,2373.58,2673.79,2972.74,3595.04,4370.54,4114.13,4094.35,4437.14,4247.63,4413.06,4578.63,3952.80,4124.06,4531.03,5365.49,5460.43,5370.78,6413.28
NY.GDP.PCAP.CD,Algeria,DZA,238.39,209.37,169.60,225.58,238.86,253.62,241.45,261.79,292.44,315.91,352.85,360.11,469.03,589.52,872.89,992.30,1080.39,1232.49,1505.94,1843.12,2275.78,2307.33,2274.88,2373.83,2524.38,2632.52,2800.20,2847.08,2450.87,2247.46,2445.18,1759.11,1802.69,1831.05,1525.54,1466.95,1616.83,1628.76,1603.37,1596.12,1772.93,1896.30,1937.46,2283.77,2816.99,3233.13,3660.66,4167.45,5180.92,4235.43,4912.79,5916.31,6033.65,5979.60,6094.69,4685.06,4424.99,4554.67,4577.21,4468.45,3743.54,4160.56
NY.GDP.PCAP.CD,American Samoa,ASM,..,..,..,..,..,..,..,..,..,..,..,..,..,..,..,..,..,..,..,..,..,..,..,..,..,..,..,..,..,..,..,..,..,..,..,..,..,..,..,..,..,..,8972.70,9197.66,8958.43,8831.27,8745.17,9231.37,10030.81,12156.03,10375.17,10383.46,11745.49,11813.50,12026.33,12727.41,12843.33,11863.68,12552.05,12886.14,14489.26,15236.16
NY.GDP.PCAP.CD,Andorra,AND,..,..,..,..,..,..,..,..,..,..,3935.41,4169.70,4940.30,6151.03,7139.57,7925.42,7721.29,8167.92,9409.51,11996.41,12474.93,10465.26,9697.52,8082.09,7808.13,7911.98,10539.12,12828.15,14599.04,15714.93,19563.66,19533.26,20099.54,15916.84,15748.53,18443.25,19130.16,18248.00,18536.51,18875.29,21810.25,23511.30,26528.13,34063.58,39021.13,40829.80,43467.21,48336.23,49132.52,43975.02,42746.83,46657.16,41500.54,42470.32,44369.66,38654.93,40129.82,40672.99,42819.77,41257.80,37361.09,42425.70
NY.GDP.PCAP.CD,Angola,AGO,..,..,..,..,..,..,..,..,..,..,..,..,..,..,..,..,..,..,..,..,729.11,657.98,634.22,636.83,650.49,772.47,697.53,770.10,807.44,907.75,965.87,881.92,668.71,449.73,334.97,404.29,531.12,521.70,429.19,392.73,563.73,533.59,882.15,992.70,1266.21,1916.47,2617.05,3141.05,4103.07,3136.65,3597.34,4615.91,5086.03,5057.75,5006.00,3213.90,1807.95,2437.26,2538.59,2189.86,1449.92,1925.87
NY.GDP.PCAP.CD,Antigua and Barbuda,ATG,..,..,..,..,..,..,..,..,..,..,..,..,..,..,..,..,..,1213.50,1374.70,1704.97,2052.93,2310.03,2568.90,2846.71,3270.44,3813.91,4629.05,5423.96,6465.81,7187.50,7590.34,7956.01,8153.28,8624.17,9351.04,9033.93,9755.66,10335.84,10906.52,11341.93,12021.46,11535.77,11657.35,12171.38,13036.01,14366.29,16172.25,18203.52,18785.47,16471.37,15216.31,14841.97,15208.66,15050.71,15533.48,16080.66,16557.84,16924.79,18273.43,18884.37,15360.45,17340.38
NY.GDP.PCAP.CD,Argentina,ARG,..,..,1160.31,852.97,1176.20,1281.83,1275.08,1063.93,1141.95,1329.56,1322.71,1372.51,1409.37,2097.90,2844.97,2026.68,1946.92,2126.49,3282.06,2511.97,2747.50,2764.09,2914.77,3537.75,3915.03,2905.78,3436.08,3477.30,3992.70,2374.57,4315.33,5709.25,6790.00,6931.86,7437.56,7357.62,7663.21,8146.79,8218.99,7705.54,7637.01,7141.48,2569.70,3320.48,4242.02,5067.65,5869.38,7185.25,8944.11,8150.24,10260.13,12704.28,12949.72,12963.68,12233.14,13679.63,12699.96,14532.50,11752.80,9955.97,8535.60,10738.02
NY.GDP.PCAP.CD,Armenia,ARM,..,..,..,..,..,..,..,..,..,..,..,..,..,..,..,..,..,..,..,..,..,..,..,..,..,..,..,..,..,..,635.36,572.74,356.35,347.87,390.88,443.92,487.07,505.04,590.24,582.67,593.45,659.59,742.65,882.03,1130.09,1557.48,2041.65,2962.70,3777.67,2820.59,3041.34,3349.55,3511.56,3680.17,3852.12,3512.39,3524.42,3869.05,4196.01,4597.23,4268.68,4685.18
NY.GDP.PCAP.CD,Aruba,ABW,..,..,..,..,..,..,..,..,..,..,..,..,..,..,..,..,..,..,..,..,..,..,..,..,..,..,6767.56,8244.05,10056.26,11507.22,12187.54,13233.99,13892.61,14700.96,16055.29,16548.72,16620.95,17750.01,18828.09,19216.20,20681.02,20740.13,21307.25,21949.49,23700.63,24171.84,24845.66,26736.31,28171.91,25134.77,24093.14,25712.38,25119.67,25813.58,26129.84,27458.23,27441.53,28440.05,30082.13,31096.21,22855.93,27200.06
NY.GDP.PCAP.CD,Australia,AUS,1810.71,1877.71,1854.75,1967.21,2131.38,2281.11,2343.92,2580.11,2724.13,2991.48,3304.93,3495.23,3949.46,4770.81,6482.94,7003.84,7486.68,7775.66,8252.73,9294.52,10208.80,11853.67,12779.15,11515.74,12421.88,11441.58,11392.00,11651.33,14284.96,17834.45,18249.30,18859.91,18624.19,17699.88,18129.64,20448.12,22021.78,23646.62,21479.11,20712.67,21870.42,19695.73,20301.84,23718.13,30836.73,34479.77,36595.71,41051.61,49701.28,42816.57,52144.67,62605.60,68072.87,68190.70,62544.09,56739.03,49888.04,53901.71,57196.42,54972.70,51791.54,60607.78
NY.GDP.PCAP.CD,Austria,AUT,939.91,1036.73,1093.01,1172.56,1275.46,1381.08,1494.05,1577.14,1685.66,1834.08,2050.71,2371.65,2912.60,3875.48,4612.62,5264.92,5656.15,6783.95,8173.33,9755.40,10826.97,9348.49,9373.49,9500.05,8955.85,9136.17,13031.83,16328.56,17509.77,17400.52,21596.07,22323.13,24782.71,23987.20,25546.25,30207.07,29645.95,26571.75,27212.46,27078.71,24487.30,24430.50,26334.86,32110.12,36614.25,38157.37,40382.21,46622.96,51581.40,47857.44,46611.14,51116.90,48250.41,50305.35,51314.97,43915.23,45061.50,47163.74,51194.07,49885.99,48716.41,53648.72
NY.GDP.PCAP.CD,Azerbaijan,AZE,..,..,..,..,..,..,..,..,..,..,..,..,..,..,..,..,..,..,..,..,..,..,..,..,..,..,..,..,..,..,1238.27,734.94,60.24,209.53,157.06,314.56,409.19,505.52,561.91,573.89,655.10,703.67,763.11,883.69,1045.01,1578.37,2472.96,3851.33,5574.47,4950.40,5843.53,7189.82,7495.87,7875.35,7890.84,5500.50,3880.69,4147.20,4739.79,4805.75,4229.91,5408.05
NY.GDP.PCAP.CD,"Bahamas, The",BHS,1459.25,1555.05,1651.22,1759.24,1883.44,2029.52,2239.24,2452.75,2668.01,3026.73,2916.50,3004.34,3013.95,3341.29,3079.74,2840.59,2993.46,3253.38,3720.04,4994.09,5742.58,6028.81,6559.47,7081.38,8201.70,9167.15,9600.60,10361.35,10575.80,11291.48,11473.30,11082.35,10873.40,10613.07,10991.23,11374.61,11783.80,20367.57,21667.45,24041.09,24940.08,25371.92,26781.62,26429.12,26650.29,28602.42,29184.79,30051.85,29392.38,27512.91,27473.10,27090.84,28552.02,27432.95,28705.62,30289.40,30266.59,31337.18,32124.41,32979.54,25155.67,28682.33
NY.GDP.PCAP.CD,Bahrain,BHR,..,..,..,..,..,..,..,..,..,..,1741.82,1829.74,2205.92,2981.09,3873.72,3880.44,5310.19,6358.42,6925.99,7890.83,9732.73,10556.51,10712.15,10598.84,10696.93,9648.66,7776.96,8332.91,8771.79,8833.41,9342.54,10434.13,10460.16,11151.87,11629.36,11900.93,12091.78,12254.67,11625.03,12123.35,14214.48,13573.23,13501.47,14486.03,15963.95,17966.17,19267.28,20908.40,23299.50,19465.31,21819.33,25032.79,26438.67,26989.76,26451.80,23734.06,23800.00,24784.77,26324.41,27259.74,24342.84,27147.81
NY.GDP.PCAP.CD,Bangladesh,BGD,82.48,90.37,92.59,94.14,92.58,98.60,104.42,114.21,114.41,125.88,130.22,124.53,87.77,109.69,164.99,249.80,126.69,117.89,158.32,181.13,206.08,224.24,199.60,184.71,193.44,222.22,212.15,231.50,247.90,263.01,283.05,272.06,273.47,280.76,280.60,309.46,371.92,379.28,385.62,388.10,396.67,394.66,393.89,426.75,455.61,480.09,490.39,537.96,613.06,679.21,757.39,837.34,859.68,958.26,1094.46,1224.39,1649.28,1811.08,1965.24,2129.80,2248.85,2482.85
NY.GDP.PCAP.CD,Barbados,BRB,346.58,366.14,377.44,420.50,413.63,433.23,462.03,508.13,505.89,566.83,666.48,749.80,856.07,1041.73,1243.35,1601.19,1733.65,1967.59,2197.90,2667.91,4024.59,4416.72,4598.76,4866.36,5283.58,5509.87,6031.36,6624.60,7032.65,7772.55,7781.41,7790.26,7519.20,7904.71,8223.17,8460.47,9011.78,9521.57,10734.36,11244.31,11674.67,11639.52,11760.45,12075.96,12886.37,14214.42,15619.60,17235.44,17565.69,16294.91,18860.38,19346.00,19034.07,19308.01,19277.94,18954.29,19065.81,19692.76,20055.92,20583.73,18347.11,18696.79
NY.GDP.PCAP.CD,Belarus,BLR,..,..,..,..,..,..,..,..,..,..,..,..,..,..,..,..,..,..,..,..,..,..,..,..,..,..,..,..,..,..,1706.64,1805.46,1658.09,1589.51,1460.01,1370.70,1452.51,1396.66,1511.26,1210.59,1276.28,1244.37,1479.38,1819.53,2378.34,3126.07,3848.22,4735.48,6376.18,5352.49,6034.68,6527.66,6953.22,7998.08,8341.29,5967.07,5039.78,5785.53,6360.05,6837.77,6542.86,7489.72
NY.GDP.PCAP.CD,Belgium,BEL,1290.29,1367.79,1457.27,1555.02,1724.02,1859.51,1983.13,2113.82,2251.32,2490.11,2765.89,3082.93,3831.63,4900.96,5733.80,6701.38,7243.05,8426.95,10289.77,11810.62,12864.00,10622.80,9343.86,8846.23,8457.27,8750.82,12170.04,15135.85,16391.09,16525.06,20600.38,21041.66,23372.62,22283.94,24208.55,28413.83,27489.56,24820.94,25338.44,25252.80,23098.89,23015.07,25006.19,30655.21,35429.41,36809.70,38705.11,44319.17,48303.40,44923.34,44197.39,47760.83,44874.17,46964.59,47995.78,40893.80,41854.55,44035.32,47487.21,46716.62,45906.29,51655.79
NY.GDP.PCAP.CD,Belize,BLZ,307.41,320.03,331.70,341.93,356.24,383.19,411.93,426.26,392.28,401.56,441.79,481.04,529.36,618.57,804.78,906.49,729.49,865.79,982.60,1071.44,1774.41,1752.52,1629.32,1677.26,1814.19,1754.01,1859.10,2165.89,2405.81,2741.94,2988.65,3192.37,3645.61,3862.71,3879.01,4012.08,4045.69,4016.63,4127.94,4291.83,4729.67,4721.82,4861.74,4962.09,5156.10,5272.74,5527.17,5765.28,5713.28,5401.23,5451.14,5582.22,5709.69,5950.20,6128.14,6154.50,6142.50,6072.58,6031.28,6190.05,5227.19,6122.61
NY.GDP.PCAP.CD,Benin,BEN,89.86,92.09,90.77,95.72,99.79,105.12,107.64,106.59,111.21,110.31,108.85,106.89,127.93,153.61,164.95,196.46,197.73,207.01,249.80,310.65,358.00,319.72,305.00,255.98,238.57,230.43,285.77,324.25,326.18,293.32,371.10,364.69,301.77,387.31,262.13,348.44,369.39,344.55,361.60,525.13,487.42,492.40,546.46,676.00,758.70,779.44,809.15,912.34,1060.60,1024.10,973.24,1059.41,1071.53,1168.93,1204.40,1002.42,1010.53,1054.97,1151.74,1130.82,1197.50,1318.83
NY.GDP.PCAP.CD,Bermuda,BMU,1715.31,1774.00,1824.18,1821.79,1986.64,2064.85,2369.47,2722.46,2975.95,3214.05,3574.17,4012.77,4458.08,5090.09,5891.89,6493.63,7259.91,8383.03,8904.94,9664.22,11426.60,13687.80,14442.79,16236.74,17866.92,18713.88,20996.98,23042.74,24958.11,26282.62,27665.53,28195.71,28761.96,30950.08,31543.06,34115.34,45063.61,48736.68,51629.28,54388.34,56542.96,59490.25,63358.57,67106.80,71692.16,77628.10,97781.46,107395.65,110268.56,104711.71,104111.82,99049.02,100213.49,101704.41,100961.58,104855.37,108747.36,112339.43,113204.82,115798.04,106973.18,112712.03
NY.GDP.PCAP.CD,Bhutan,BTN,..,..,..,..,..,..,..,..,..,..,200.35,207.67,212.38,230.90,262.78,237.35,233.72,249.94,232.17,251.38,296.88,310.77,305.82,328.20,325.55,321.19,364.69,449.06,488.88,461.65,488.33,400.63,415.79,407.40,467.01,530.10,552.87,630.45,638.28,685.42,771.92,812.24,895.80,1022.38,1130.36,1299.95,1405.61,1850.42,1919.60,1918.40,2435.58,2787.98,2751.21,2679.95,2849.50,2954.04,3152.31,3435.29,3400.20,3576.88,3191.67,3570.61
NY.GDP.PCAP.CD,Bolivia,BOL,100.82,107.44,115.08,121.35,133.88,145.59,157.75,174.31,193.52,205.05,219.35,231.06,267.89,257.34,418.38,468.30,519.99,600.29,683.14,801.03,772.78,981.38,930.59,880.46,982.08,838.08,604.26,649.71,672.61,675.47,682.68,733.94,759.57,756.64,774.04,852.75,922.11,970.35,1022.15,979.34,975.78,930.17,888.22,893.01,953.19,1020.12,1202.71,1354.55,1692.67,1731.18,1929.78,2315.52,2575.60,2870.02,3041.44,2996.01,3035.87,3306.30,3500.73,3503.90,3099.94,3384.84
NY.GDP.PCAP.CD,Bosnia and Herzegovina,BIH,..,..,..,..,..,..,..,..,..,..,..,..,..,..,..,..,..,..,..,..,..,..,..,..,..,..,..,..,..,..,1742.88,1373.37,1118.18,929.87,337.09,502.37,718.93,913.81,1006.70,1134.60,1338.48,1387.89,1606.55,2033.95,2452.69,2739.61,3166.13,3931.49,4841.69,4539.92,4506.48,4982.69,4693.79,5034.57,5206.07,4662.26,4928.57,5345.02,6047.85,6122.38,6130.31,7295.34
NY.GDP.PCAP.CD,Botswana,BWA,58.92,62.32,65.99,68.89,73.49,79.68,89.06,100.95,113.45,131.78,163.03,212.24,264.23,374.19,446.49,493.03,490.47,564.83,695.22,909.21,1131.63,1107.03,1005.62,1120.53,1145.03,993.62,1199.85,1638.83,2140.51,2427.68,2903.15,2938.59,3004.61,2929.43,2917.26,3156.18,3156.27,3194.18,2981.20,3340.00,3450.81,3206.07,3117.25,4230.12,4956.69,5391.07,5291.58,5529.13,5503.07,5082.93,6215.73,7287.38,6595.54,6666.91,7122.36,6141.20,6749.06,7104.96,7407.96,7172.09,6323.31,7808.21
NY.GDP.PCAP.CD,Brazil,BRA,235.27,231.56,250.20,294.17,257.26,268.03,328.34,351.47,373.93,399.50,443.80,500.00,583.49,814.73,1044.77,1200.56,1389.75,1562.29,1732.50,1869.71,1958.57,2079.71,2137.63,1461.26,1419.73,1556.13,1854.04,2006.00,2140.65,2818.99,3117.74,2257.61,2127.32,2348.88,3298.71,4756.75,5179.13,5299.40,5105.89,3493.57,3766.55,3176.29,2855.94,3090.61,3663.82,4827.78,5934.14,7409.69,8908.33,8678.66,11403.28,13396.62,12521.72,12458.89,12274.99,8936.20,8836.29,10080.51,9300.66,9029.83,7074.19,7972.54
NY.GDP.PCAP.CD,British Virgin Islands,VGB,..,..,..,..,..,..,..,..,..,..,..,..,..,..,..,..,..,..,..,..,..,..,..,..,..,..,..,..,..,..,..,..,..,..,..,..,..,..,..,..,..,..,..,..,..,..,..,..,..,..,..,..,..,..,..,..,..,..,..,..,..,..
NY.GDP.PCAP.CD,Brunei Darussalam,BRN,..,..,..,..,..,1028.88,1145.71,1148.84,1274.09,1226.44,1325.16,1432.17,1904.67,2938.85,15194.79,15793.13,18671.36,21746.86,23446.53,33501.28,58005.34,48793.44,45074.55,38720.09,36061.38,31827.41,18500.54,21029.72,18824.76,20090.07,23658.72,23932.19,23450.90,22397.07,22766.59,26443.26,25692.24,25522.40,17769.25,19752.20,20130.26,18287.83,18621.29,20677.90,24423.09,29386.27,34674.80,36217.33,42156.57,30946.47,34937.56,46382.83,46968.60,44003.06,41026.51,30625.13,26663.30,28024.38,30988.12,30426.57,26834.36,31006.96
NY.GDP.PCAP.CD,Bulgaria,BGR,..,..,..,..,..,..,..,..,..,..,..,..,..,..,..,..,..,..,..,..,2238.80,2234.81,2169.00,1852.81,1963.57,1914.55,2260.43,3132.30,2511.39,2477.02,2366.53,1267.73,1211.98,1278.53,1148.49,2259.26,1470.19,1361.41,1820.45,1659.72,1621.26,1770.91,2092.98,2719.49,3389.69,3899.83,4523.15,5888.78,7271.30,6988.27,6863.67,7857.17,7430.74,7687.71,7912.27,7078.86,7570.93,8381.88,9436.14,9838.60,10198.54,12274.08
NY.GDP.PCAP.CD,Burkina Faso,BFA,69.15,72.24,77.15,78.91,80.91,82.07,82.84,84.63,84.97,86.76,81.71,84.51,99.63,114.14,124.67,152.90,155.49,175.96,223.88,258.50,277.60,248.71,239.02,211.93,187.83,194.06,247.46,280.22,301.13,293.19,338.59,333.71,348.59,324.11,187.21,229.09,242.73,223.85,249.53,292.84,248.91,259.49,285.65,362.37,403.81,441.16,455.51,514.68,619.44,601.57,624.96,725.02,731.47,759.76,764.86,630.12,663.74,709.09,777.47,764.85,825.24,895.54
NY.GDP.PCAP.CD,Burundi,BDI,70.91,71.60,73.42,78.37,85.33,50.61,51.41,54.02,54.19,55.06,68.75,69.90,68.23,84.26,93.22,110.88,115.49,137.45,148.82,186.15,209.81,212.23,216.44,225.21,200.38,228.44,234.28,215.61,201.74,203.58,202.63,204.67,184.87,165.34,161.89,164.92,143.16,160.28,144.46,127.51,134.54,132.16,120.95,111.41,125.19,147.23,161.89,166.16,189.50,199.10,216.73,230.07,231.69,234.84,250.54,280.97,235.29,236.69,224.90,210.24,210.01,214.09
NY.GDP.PCAP.CD,Cabo Verde,CPV,..,..,..,..,..,..,..,..,..,..,..,..,..,..,..,..,..,..,..,..,439.98,425.41,422.66,410.11,385.45,396.49,541.14,658.42,729.47,727.15,817.44,831.61,907.85,1220.05,991.11,1165.14,1179.52,1133.57,1186.74,1326.74,1189.51,1223.33,1328.58,1717.98,1929.49,2004.15,2257.00,3324.58,3908.65,3659.72,3579.46,4002.01,3736.82,3960.98,3985.61,3415.06,3608.97,3893.10,4294.97,4380.78,3539.23,3971.44
NY.GDP.PCAP.CD,Cambodia,KHM,..,..,..,..,..,..,..,..,..,..,..,..,..,..,..,113.83,128.83,126.36,147.10,142.22,143.15,154.25,159.21,166.65,174.71,182.45,185.76,158.12,244.11,191.30,190.18,267.34,307.09,294.06,302.13,343.49,324.66,297.59,258.78,286.75,296.43,327.50,350.15,386.69,444.20,525.80,612.25,731.69,866.28,875.75,952.27,1088.98,1192.80,1305.66,1431.56,1547.32,1675.20,1826.35,2036.67,2225.88,2081.74,2167.40
NY.GDP.PCAP.CD,Cameroon,CMR,119.05,124.59,130.04,131.64,139.23,142.70,145.81,156.62,170.78,175.15,178.49,186.72,220.11,271.76,299.91,386.24,381.43,435.41,581.99,718.36,784.12,749.85,732.25,745.51,771.70,875.34,1178.59,1258.31,1145.17,1000.89,1086.72,1014.83,1005.45,1309.94,700.71,832.01,826.97,783.25,798.75,796.26,708.57,715.47,789.62,988.24,1133.39,1142.62,1191.45,1325.67,1492.14,1461.39,1398.59,1513.96,1449.10,1575.93,1649.44,1415.00,1441.72,1496.09,1610.70,1555.23,1555.60,1672.33
NY.GDP.PCAP.CD,Canada,CAN,2264.95,2246.08,2274.43,2380.32,2561.64,2777.18,3055.29,3226.38,3473.24,3776.16,4135.82,4535.39,5106.74,5858.33,7056.71,7536.52,8838.95,8949.11,9154.43,10077.50,11208.20,12379.04,12527.31,13477.10,13930.47,14170.12,14521.18,16377.69,19012.57,20794.68,21525.86,21846.79,20950.33,20186.80,19997.62,20679.63,21296.97,21901.56,21024.59,22315.25,24271.00,23822.10,24256.02,28301.86,32145.54,36383.66,40504.04,44660.08,46710.25,40874.88,47560.67,52223.86,52670.34,52638.12,50960.84,43594.19,42314.06,45129.63,46539.18,46352.87,43537.84,52496.84
NY.GDP.PCAP.CD,Cayman Islands,CYM,..,..,..,..,..,..,..,..,..,..,..,..,..,..,..,..,..,..,..,..,..,..,..,..,..,..,..,..,..,..,..,..,..,..,..,..,..,..,..,..,..,..,..,..,..,..,87085.09,89888.26,89655.12,81373.57,76837.67,75280.96,75101.59,75113.73,75845.31,76379.21,77802.25,80053.94,83865.55,88254.29,82338.80,86438.45
NY.GDP.PCAP.CD,Central African Republic,CAF,65.88,70.99,70.40,71.76,77.21,80.18,82.34,83.56,95.64,91.66,90.16,94.07,105.47,121.82,124.00,163.64,192.10,213.79,254.62,289.12,325.25,280.34,298.44,259.59,248.31,332.52,426.03,449.95,466.07,443.23,501.66,464.83,461.59,404.95,261.26,333.15,293.31,265.52,266.57,268.00,239.15,237.95,248.64,278.40,303.46,311.95,333.94,380.89,437.25,456.47,476.87,534.06,544.40,364.37,409.85,366.32,387.18,432.32,455.24,449.23,462.88,492.26
NY.GDP.PCAP.CD,Chad,TCD,102.82,107.32,112.62,114.71,118.59,123.56,125.78,128.21,126.87,129.18,125.88,131.82,150.37,162.37,160.00,207.48,203.71,215.94,252.51,222.91,228.77,193.97,176.08,167.18,182.18,202.71,203.35,213.93,263.54,246.36,290.60,302.49,290.65,220.73,173.93,203.96,216.91,201.38,219.78,186.64,163.12,194.32,219.06,289.09,445.85,643.81,693.85,780.58,905.68,781.14,866.44,954.32,936.14,946.13,982.53,747.59,668.08,640.12,695.64,678.14,622.10,660.75
NY.GDP.PCAP.CD,Channel Islands,CHI,..,..,..,..,..,..,..,..,..,..,..,..,..,..,..,..,..,..,..,..,..,..,..,..,..,..,..,..,..,..,..,..,..,..,..,..,..,..,40472.67,42443.72,43479.19,41873.74,44459.73,48570.78,56259.53,57647.12,62745.10,74139.98,..,57778.54,56121.64,60419.23,58813.94,59304.85,64700.74,61852.07,55950.15,55806.57,60783.35,60568.11,56785.94,66912.18
NY.GDP.PCAP.CD,Chile,CHL,504.09,580.10,662.73,644.89,674.49,677.77,780.10,754.90,755.89,863.57,928.78,1086.56,1163.07,1627.25,1542.93,714.19,953.90,1268.96,1431.35,1922.98,2523.06,2954.94,1648.01,1693.15,1611.42,1429.39,1501.09,1739.68,2003.36,2265.36,2466.13,2770.08,3309.40,3494.99,3981.39,5055.61,5333.50,5741.96,5419.82,4933.56,5052.99,4563.60,4430.85,4773.40,6120.59,7480.32,9318.66,10346.41,10683.22,10098.80,12632.87,14487.39,15241.91,15683.55,14529.68,13433.92,13649.85,14879.91,15659.48,14495.72,13114.82,16216.57
NY.GDP.PCAP.CD,China,CHN,89.52,75.81,70.91,74.31,85.50,98.49,104.32,96.59,91.47,100.13,113.16,118.65,131.89,157.09,160.15,178.34,165.40,185.42,156.40,183.98,194.80,197.07,203.33,225.43,250.71,294.46,281.93,251.81,283.54,310.88,317.88,333.14,366.46,377.39,473.49,609.60,709.42,781.74,828.59,873.29,959.36,1053.11,1148.51,1288.64,1508.67,1753.41,2099.22,2693.96,3468.33,3832.23,4550.47,5614.39,6300.58,7020.39,7636.07,8016.45,8094.39,8817.05,9905.41,10143.86,10408.72,12617.51
NY.GDP.PCAP.CD,Colombia,COL,258.30,282.10,298.54,282.59,338.68,317.06,290.25,302.83,301.53,317.87,345.88,366.83,397.41,462.06,541.75,561.10,643.01,798.20,932.39,1095.03,1279.50,1362.18,1425.40,1383.79,1335.53,1192.22,1169.46,1192.59,1259.62,1244.33,1474.85,1499.71,1729.66,1930.06,2325.98,2583.35,2664.46,2873.20,2606.00,2243.64,2555.01,2472.99,2428.93,2311.94,2818.57,3456.07,3789.85,4769.93,5541.84,5250.97,6398.30,7400.99,8108.60,8279.10,8187.21,6248.51,5959.84,6479.53,6816.97,6472.55,5339.69,6222.62
NY.GDP.PCAP.CD,Comoros,COM,..,..,..,..,..,..,..,..,..,..,..,..,..,..,..,..,..,..,..,..,628.38,565.23,515.23,521.80,489.09,506.57,699.19,822.35,845.41,788.44,966.32,930.97,983.39,956.09,662.02,812.22,793.52,717.73,716.43,727.26,655.01,691.70,762.12,959.79,1091.27,1103.21,1154.90,1289.74,1455.03,1410.31,1386.57,1531.44,1490.32,1603.33,1615.72,1329.37,1365.48,1423.92,1540.71,1519.26,1527.17,1584.12
NY.GDP.PCAP.CD,"Congo, Dem. Rep.",COD,220.07,197.08,235.13,376.38,169.95,232.04,252.77,183.29,205.65,257.14,242.22,270.34,290.51,360.56,428.07,444.69,408.42,509.49,615.08,582.09,538.91,455.91,481.74,376.29,259.80,230.13,250.90,230.09,257.73,254.23,254.87,239.62,209.19,263.37,136.54,127.01,127.42,132.32,131.46,96.32,377.93,142.68,162.38,161.49,180.66,203.56,238.42,267.89,307.32,280.80,314.54,364.71,400.06,431.19,458.00,467.91,442.31,436.58,528.26,557.04,507.52,558.03
NY.GDP.PCAP.CD,"Congo, Rep.",COG,124.66,139.87,149.59,150.65,158.06,164.19,177.55,185.66,190.84,195.43,196.73,223.54,276.27,353.38,369.95,471.47,452.58,448.14,502.70,670.25,932.65,1066.19,1130.97,1075.35,1097.05,1049.32,872.05,1052.34,984.38,1032.86,1175.67,1112.54,1164.22,1034.37,661.90,769.61,898.79,804.30,660.38,776.42,1024.30,854.60,905.54,1016.82,1306.10,1799.05,2103.58,2206.47,2832.09,2271.15,2946.56,3396.17,3732.33,3697.42,3601.24,2439.35,2093.11,2211.63,2694.43,2488.42,1993.59,2516.16
NY.GDP.PCAP.CD,Costa Rica,CRI,382.31,355.84,335.22,345.51,353.71,373.84,395.15,414.00,444.81,477.08,535.54,570.36,638.85,768.94,817.08,936.99,1123.28,1393.38,1555.84,1734.60,2020.99,1068.05,1032.41,1212.56,1372.20,1429.38,1568.56,1567.03,1554.74,1725.14,1829.67,2253.38,2612.39,2840.39,3039.56,3275.25,3226.96,3407.78,3617.46,3690.96,3812.75,3985.13,4067.72,4173.15,4431.01,4703.01,5256.60,6137.71,6937.24,6832.70,8265.79,9276.39,10127.00,10803.24,10911.50,11714.71,12091.03,12317.09,12590.25,12884.69,12394.05,12838.12
NY.GDP.PCAP.CD,Cote d'Ivoire,CIV,148.68,162.26,163.08,185.08,215.51,207.04,221.79,225.62,256.77,262.19,268.96,280.33,312.94,405.57,474.22,574.63,660.54,855.66,1039.11,1157.00,1237.80,985.51,849.48,737.45,708.94,694.95,877.15,929.61,909.53,832.56,885.65,827.24,844.90,804.15,581.89,740.47,1170.24,1124.66,1177.37,1096.14,936.64,924.73,967.82,1111.17,1199.83,1197.75,1230.43,1367.54,1583.97,1540.45,1553.55,1596.63,1546.95,1786.16,1991.37,1814.72,1862.60,1964.30,2130.87,2141.77,2179.73,2455.98
NY.GDP.PCAP.CD,Croatia,HRV,..,..,..,..,..,..,..,..,..,..,..,..,..,..,..,..,..,..,..,..,..,..,..,..,..,..,..,..,..,..,5369.11,4000.92,2321.15,2447.50,3237.93,4929.06,5299.64,5331.02,5712.59,5269.03,4953.65,5364.84,6219.58,8190.11,9718.97,10443.53,11502.75,13757.61,15889.43,14475.96,13731.29,14695.00,13508.68,14136.40,14187.97,12285.30,12821.17,13902.63,15460.42,15563.82,14808.46,17789.93
NY.GDP.PCAP.CD,Cuba,CUB,..,..,..,..,..,..,..,..,..,..,645.14,770.08,891.63,1079.13,1216.74,1374.24,1440.73,1472.38,1837.39,2005.91,2030.93,2045.85,2113.81,2222.49,2386.45,2256.57,2364.90,2439.58,2632.04,2565.54,2694.32,2268.83,2047.68,2063.20,2613.29,2785.24,2282.19,2306.42,2332.31,2561.78,2751.38,2842.97,3005.21,3202.78,3399.22,3786.34,4329.98,4807.44,4986.12,5089.24,5272.27,6104.46,6470.84,6828.36,7146.70,7727.92,8110.56,8610.61,8911.46,9232.26,9605.26,..
NY.GDP.PCAP.CD,Curacao,CUW,..,..,..,..,..,..,..,..,..,..,..,..,..,..,..,..,..,..,..,..,..,..,..,..,..,..,..,..,..,..,..,..,..,..,..,..,..,..,..,..,15841.26,16609.85,16723.69,16695.74,16671.34,17032.34,17400.16,18005.72,19423.34,19540.25,19847.23,19426.33,19809.82,19721.29,19623.03,19361.81,18944.10,18938.24,19119.12,19220.69,16356.09,17980.09
NY.GDP.PCAP.CD,Cyprus,CYP,..,..,..,..,..,..,..,..,..,..,..,..,..,..,..,976.33,1157.41,1476.25,1929.40,2559.23,4232.02,4033.24,4122.78,4091.05,4258.74,4488.29,5642.63,6690.58,7645.63,8038.91,9641.58,9696.10,11310.07,10526.14,11617.69,15261.42,15139.22,14234.24,15092.83,15287.92,14388.35,14821.45,16093.22,20252.25,23792.62,24959.26,26729.28,31244.88,35397.30,32236.45,31105.03,32485.80,28991.94,27797.46,27244.35,23487.23,24715.15,26696.99,29599.99,29703.05,28649.02,33734.29
NY.GDP.PCAP.CD,Czechia,CZE,..,..,..,..,..,..,..,..,..,..,..,..,..,..,..,..,..,..,..,..,..,..,..,..,..,..,..,..,..,..,3969.37,2917.09,3396.71,3984.15,4663.29,5865.29,6573.20,6069.39,6526.60,6377.62,6062.92,6669.07,8101.26,9852.46,11782.55,13442.49,15259.08,18452.65,22774.70,19817.42,20160.44,22049.11,20014.04,20260.50,20038.42,17931.60,18753.97,20913.20,23705.93,24062.72,23472.89,27696.46
NY.GDP.PCAP.CD,Denmark,DNK,1389.02,1530.54,1711.22,1807.25,2049.40,2284.23,2487.14,2700.75,2776.14,3151.13,3464.46,3845.60,4653.96,6116.89,6763.87,7988.16,8773.34,9769.58,11817.63,13757.23,13822.16,12000.21,11740.22,11796.57,11516.68,12212.79,17136.63,21295.68,22524.58,21882.15,26885.70,27002.81,29579.49,27581.72,29967.83,35321.10,35621.99,32779.88,33346.49,33426.24,30722.03,30768.48,33257.16,40519.10,46625.05,48925.81,52119.18,58631.66,64616.67,58412.75,58104.54,61809.74,58443.77,61377.59,62520.45,53094.01,54500.93,57521.55,61324.77,59404.27,60985.49,69727.99
NY.GDP.PCAP.CD,Djibouti,DJI,..,..,..,..,..,..,..,..,..,..,..,..,..,..,..,..,..,..,..,..,..,..,..,..,..,846.79,..,821.68,816.87,781.92,780.50,732.73,763.66,758.73,784.56,786.20,761.94,748.23,735.35,740.22,737.61,742.13,743.01,764.63,806.26,844.45,898.46,969.57,1119.15,1150.94,1213.23,1306.35,1400.19,2074.30,2208.68,2376.13,2510.43,2618.96,2718.09,2837.17,2882.00,3019.69
NY.GDP.PCAP.CD,Dominica,DMA,..,..,..,..,..,..,..,..,..,..,..,..,..,..,..,..,..,633.55,785.58,754.09,996.19,1124.97,1231.67,1363.44,1514.89,1665.53,1892.87,2138.30,2423.33,2639.05,2892.98,3171.37,3376.26,3536.16,3805.20,3951.72,4211.00,4372.20,4664.24,4817.18,4867.40,4981.90,4873.64,5009.57,5348.95,5299.50,5671.77,6120.44,6654.50,7102.03,7171.55,7255.67,7031.40,7147.62,7395.30,7679.83,8278.45,7614.34,8137.57,9009.09,7461.78,8262.65
NY.GDP.PCAP.CD,Dominican Republic,DOM,205.73,193.91,236.81,262.19,277.30,233.16,250.88,256.21,259.57,287.70,337.67,368.35,427.22,490.32,595.36,713.17,762.78,862.98,868.40,983.74,1180.18,1288.47,1376.27,1499.96,1843.52,784.49,931.66,868.09,783.91,954.91,989.16,1345.85,1558.30,1722.42,1891.67,2109.17,2270.87,2448.89,2607.85,2620.89,2831.46,2935.89,3065.60,2383.26,2451.69,3878.31,4055.14,4649.65,5026.84,4977.80,5484.65,5834.71,6025.73,6149.03,6512.51,6819.93,7174.82,7499.69,7934.98,8164.22,7162.29,8472.48
NY.GDP.PCAP.CD,Ecuador,ECU,450.78,371.40,312.44,364.74,435.76,450.05,444.62,453.65,445.23,520.84,465.04,434.42,487.97,578.95,953.85,1086.18,1241.91,1464.94,1541.14,1783.29,2189.78,2600.57,2314.38,1940.23,1863.68,1841.78,1604.25,1426.02,1303.78,1356.28,1455.01,1587.36,1655.45,1697.89,1996.86,2108.01,2135.85,2340.77,2284.02,1575.30,1382.23,1791.30,2059.16,2315.62,2586.21,2909.03,3243.67,3478.92,4194.76,4053.36,4520.31,5153.69,5634.08,6109.29,6405.80,5976.16,5917.64,6233.32,6303.92,6205.06,5463.65,6075.80
NY.GDP.PCAP.CD,"Egypt, Arab Rep.",EGY,156.39,162.84,142.41,143.93,157.72,161.57,168.05,174.10,179.77,192.96,232.27,242.97,256.48,272.18,243.06,299.22,334.61,353.40,354.67,420.86,493.05,490.31,595.92,648.01,689.81,769.76,790.20,753.72,633.84,701.04,735.98,622.83,680.80,740.33,807.30,916.33,1008.98,1146.20,1212.82,1268.31,1366.09,1295.14,1116.83,1031.28,991.26,1104.80,1298.98,1547.74,1896.22,2161.64,2455.08,2590.64,2996.07,3025.53,3133.39,3306.98,3270.63,2395.10,2484.70,2962.99,3511.11,3827.35
NY.GDP.PCAP.CD,El Salvador,SLV,..,..,..,..,..,274.33,282.45,288.37,290.10,293.42,308.80,315.67,328.51,366.25,413.40,457.26,552.99,683.90,711.85,773.07,787.15,752.02,735.36,744.86,763.17,776.42,755.43,777.24,806.39,825.11,892.18,955.83,1040.78,1180.27,1343.93,1548.38,1651.31,1748.92,1859.73,1908.08,1982.87,2058.04,2115.41,2207.83,2285.69,2447.39,2665.62,2830.66,2983.25,2910.19,3040.07,3330.60,3497.91,3582.27,3666.01,3790.34,3901.34,4020.13,4183.55,4320.12,3997.19,4642.61
NY.GDP.PCAP.CD,Equatorial Guinea,GNQ,..,..,132.91,154.80,177.83,217.10,226.69,231.93,211.74,208.44,206.77,205.57,211.42,268.63,319.24,362.26,368.83,375.71,..,..,175.45,121.13,137.47,129.41,137.90,161.12,188.79,220.93,228.67,193.22,236.40,225.32,263.73,256.68,183.24,248.31,391.69,717.04,577.87,930.91,1487.32,1948.61,2264.21,2930.60,4901.30,8673.90,10184.88,12616.95,18210.56,13232.50,13720.17,17198.21,17308.57,16304.07,15548.66,9068.91,7453.20,7809.10,8102.47,6804.15,5764.06,6945.63
NY.GDP.PCAP.CD,Eritrea,ERI,..,..,..,..,..,..,..,..,..,..,..,..,..,..,..,..,..,..,..,..,..,..,..,..,..,..,..,..,..,..,..,..,265.24,252.09,277.80,285.40,325.84,318.98,341.92,311.34,314.36,325.41,304.78,348.95,426.84,412.75,448.00,480.45,490.07,642.93,539.70,688.68,..,..,..,..,..,..,..,..,..,..
NY.GDP.PCAP.CD,Estonia,EST,..,..,..,..,..,..,..,..,..,..,..,..,..,..,..,..,..,..,..,..,..,..,..,..,..,..,..,..,..,..,..,..,..,2685.91,2819.13,3134.39,3380.93,3682.95,4093.39,4140.94,4070.61,4502.67,5343.18,7205.41,8916.07,10414.64,12641.48,16745.43,18205.91,14712.45,14663.70,17555.55,17568.21,19310.39,20581.79,17722.16,18666.37,20851.52,23618.14,24021.25,23933.99,27953.77
NY.GDP.PCAP.CD,Ethiopia,ETH,75.34,76.73,77.79,79.17,83.84,88.85,93.15,96.09,99.47,102.28,109.43,112.74,119.84,134.94,147.86,144.28,151.96,170.40,178.30,192.36,203.69,212.66,215.25,232.68,214.23,243.90,245.98,254.12,253.25,256.39,262.11,277.57,207.41,168.52,127.69,136.52,147.33,143.37,126.47,120.73,122.27,118.46,109.59,116.80,133.17,158.24,189.35,237.15,316.41,368.57,330.62,343.02,452.10,484.04,549.99,621.85,696.20,745.63,747.97,828.71,905.31,910.95
NY.GDP.PCAP.CD,Faroe Islands,FRO,..,..,..,..,..,1594.48,1749.16,1780.16,1735.53,1849.44,2219.38,2563.60,3046.46,4067.93,4906.28,5605.51,6593.62,8387.15,9479.44,10549.34,11446.28,10458.10,10052.92,10893.33,9437.29,10048.95,14933.87,18982.65,20453.53,18181.23,20125.79,19163.96,19300.66,16374.18,16976.31,20669.68,22706.22,21158.89,24729.02,24978.62,23322.76,24879.77,26937.65,31269.60,35647.54,36389.08,41743.68,48348.74,51287.89,47059.19,47923.15,51618.99,50261.96,55758.21,60172.06,52635.04,56875.28,59384.99,62524.04,63064.63,62236.09,68736.51
NY.GDP.PCAP.CD,Fiji,FJI,277.43,280.27,285.47,291.38,305.53,311.24,309.57,325.99,327.36,349.81,413.94,457.84,575.22,761.68,984.31,1188.18,1186.17,1203.57,1354.81,1626.66,1873.31,1879.36,1773.14,1628.05,1666.87,1576.72,1745.24,1569.47,1463.05,1543.30,1728.94,1774.99,1951.26,2070.05,2297.18,2466.74,2648.33,2573.72,2010.50,2327.96,1995.72,1945.00,2136.57,2655.58,3097.19,3377.69,3455.11,3762.75,3899.92,3164.13,3449.14,4139.60,4341.40,4572.44,5293.36,5097.53,5363.79,5826.85,6085.42,5950.83,4844.42,4696.17
NY.GDP.PCAP.CD,Finland,FIN,1191.86,1341.50,1426.67,1538.46,1725.60,1902.04,2031.52,2055.75,1927.29,2201.12,2465.86,2716.43,3177.93,4173.54,5298.08,6256.10,6740.29,7069.74,7629.50,9333.08,11224.94,10925.10,10935.31,10493.96,10830.22,11394.19,14946.99,18565.03,22043.77,23969.05,28366.20,25488.85,22320.11,17588.68,20278.29,26246.27,25756.68,24682.29,25999.99,26180.41,24335.92,24965.20,26989.39,32920.09,37768.13,39049.87,41214.02,48473.02,53769.47,47478.35,46506.29,51060.32,47551.67,49691.01,50073.78,42560.35,43451.26,46085.02,49654.25,48358.18,48828.68,53099.14
NY.GDP.PCAP.CD,France,FRA,1302.53,1394.54,1547.62,1717.70,1884.14,2015.38,2165.07,2321.47,2512.62,2723.57,2825.13,3128.39,3806.89,4913.53,5267.35,6606.70,6794.62,7464.91,9166.59,11062.57,12565.16,10955.90,10359.89,9862.28,9311.89,9657.02,13430.48,16175.71,17549.64,17547.26,21586.47,21500.78,23615.02,22238.83,23359.90,26791.82,26757.64,24169.40,24869.40,24576.32,22340.59,22331.79,24144.57,29479.52,33644.93,34696.37,36431.57,41486.19,45464.82,41728.09,40694.82,43929.78,40863.58,42669.18,43148.05,36702.43,37024.22,38687.16,41418.18,40408.28,39169.86,43725.10
NY.GDP.PCAP.CD,French Polynesia,PYF,..,..,..,..,..,1838.58,2171.36,2150.62,2440.83,2206.35,2228.19,2516.98,2678.19,3425.44,4273.17,5149.94,5302.06,5573.60,6848.95,8016.37,8438.73,7645.18,7416.31,7477.03,7511.32,8002.08,11913.83,14061.39,13952.84,13682.84,16293.18,16414.81,17554.37,16469.78,16806.06,18850.31,18475.73,16423.02,16759.71,16532.90,14978.32,14640.94,16004.06,19582.89,21764.22,21984.19,22330.87,24888.18,26592.03,24434.22,22494.81,22831.52,20846.55,21955.63,22258.63,19166.96,19690.08,20826.93,21925.62,21582.59,20746.27,21982.90
NY.GDP.PCAP.CD,Gabon,GAB,276.14,323.46,348.42,290.68,400.40,414.55,443.40,482.22,514.57,545.41,543.43,627.42,693.29,1140.04,2384.19,3258.23,4441.09,4048.15,3359.57,4154.59,5718.47,5026.48,4583.90,4181.57,4272.88,3898.46,3864.67,3624.38,4118.60,4373.88,6050.71,5345.10,5385.69,4105.99,3828.21,4414.88,4942.68,4508.75,3700.00,3751.35,3982.91,3835.76,3966.48,4710.75,5465.79,6547.88,6847.01,8003.54,9688.65,7290.58,8356.75,10219.11,9296.97,9197.70,9201.36,7047.13,6677.07,6921.73,7624.28,7441.18,6605.80,8181.41
NY.GDP.PCAP.CD,"Gambia, The",GMB,..,..,..,..,..,..,94.37,96.96,83.11,88.66,99.78,103.32,106.52,131.45,162.62,189.81,179.31,213.84,257.58,300.26,337.69,295.98,282.14,268.65,214.79,262.82,207.65,236.95,274.87,280.93,300.64,627.58,623.49,635.36,608.28,621.68,651.78,600.22,610.23,575.46,538.05,459.80,376.53,308.72,593.29,616.48,614.54,724.73,859.13,774.89,801.03,710.61,692.58,653.86,568.00,619.54,650.06,642.52,696.22,738.19,720.34,781.89
NY.GDP.PCAP.CD,Georgia,GEO,..,..,..,..,..,..,..,..,..,..,..,..,..,..,..,..,..,..,..,..,..,..,..,..,..,..,..,1543.58,1843.90,1853.44,1610.98,1310.97,757.22,550.02,519.82,578.34,689.03,807.03,851.52,673.54,749.91,801.98,853.53,1010.03,1305.05,1642.78,1996.02,2635.37,3324.75,2822.69,3281.73,4119.67,4530.70,4712.00,4830.33,4086.62,4143.40,4418.75,4804.05,4741.28,4300.86,5083.61
NY.GDP.PCAP.CD,Germany,DEU,1162.12,1315.91,1430.52,1502.15,1637.46,1774.20,1870.81,1885.62,2025.08,2281.28,2771.28,3203.83,3823.94,5065.25,5659.74,6259.21,6659.17,7711.10,9516.78,11322.35,12182.78,10246.48,9950.06,9900.49,9347.29,9464.12,13511.15,16738.61,17996.98,17829.46,22385.68,23443.34,26559.85,25616.65,27201.96,31747.24,30599.79,27046.96,27395.94,26965.49,23925.86,23878.36,25486.59,30711.10,34566.74,35084.44,36980.33,42350.92,46386.33,42487.21,42409.94,47646.58,44735.59,47220.01,48971.08,41911.01,42961.04,45526.60,48874.86,47623.87,47379.77,52265.65
NY.GDP.PCAP.CD,Ghana,GHA,174.86,181.87,188.42,205.04,224.97,260.51,263.33,211.22,196.67,225.77,248.16,263.41,223.80,309.51,289.43,272.98,261.00,292.29,325.60,346.65,372.25,343.80,319.21,311.38,330.00,329.71,410.71,355.15,355.12,349.96,382.54,418.25,396.43,359.80,320.50,371.54,389.27,377.84,400.37,403.04,253.75,263.54,297.46,358.40,406.13,478.61,906.44,1050.12,1182.66,1047.70,1263.89,1507.44,1543.78,2294.03,1953.65,1721.70,1913.19,2012.97,2196.61,2186.19,2196.55,2445.50
NY.GDP.PCAP.CD,Gibraltar,GIB,..,..,..,..,..,..,..,..,..,..,..,..,..,..,..,..,..,..,..,..,..,..,..,..,..,..,..,..,..,..,..,..,..,..,..,..,..,..,..,..,..,..,..,..,..,..,..,..,..,..,..,..,..,..,..,..,..,..,..,..,..,..
NY.GDP.PCAP.CD,Greece,GRC,513.09,582.56,608.48,685.56,772.81,886.77,983.56,1053.26,1138.38,1305.64,1473.60,1629.35,1873.25,2468.00,2789.41,3109.38,3343.39,3832.32,4629.34,5626.59,5811.69,5305.44,5501.64,4950.06,4785.07,4746.76,5577.83,6473.58,7492.35,7737.54,9466.66,10046.67,11021.01,10257.31,10937.02,12779.08,13432.53,13015.92,13022.96,12742.54,11638.20,12156.96,13782.20,18020.61,21449.26,22054.13,24416.02,28440.76,31695.83,29425.46,26653.05,25504.79,21624.35,21573.34,21474.73,17980.73,17919.24,18631.99,19873.40,19335.36,17886.73,20654.70
NY.GDP.PCAP.CD,Greenland,GRL,..,..,..,..,..,..,..,..,..,..,1498.28,1874.30,2196.71,2860.28,3432.71,4257.88,4844.66,5713.96,7235.52,8480.76,9483.10,8544.10,7813.65,7988.18,7198.71,7760.83,11271.33,14554.35,16397.95,16813.74,18326.93,18315.32,18768.83,16797.36,18124.10,21665.83,21422.46,19145.61,20496.58,20170.32,19004.00,19275.43,20652.84,27459.88,32023.68,32489.73,35458.25,39780.94,44366.79,44918.84,43988.53,47186.88,45936.96,47535.49,50485.22,44536.35,48181.75,50765.75,54545.14,53309.20,54693.08,57116.30
NY.GDP.PCAP.CD,Grenada,GRD,..,..,..,..,..,..,..,..,..,..,..,..,..,..,..,..,..,736.93,917.11,1070.73,1173.08,1229.66,1329.01,1388.17,1523.94,1745.15,1938.11,2204.64,2404.26,2696.98,2782.18,2983.92,3052.70,3026.04,3152.20,3294.27,3508.29,3724.75,4206.28,4516.28,4839.83,4819.51,4984.47,5427.96,5480.26,6338.56,6344.04,6864.55,7448.20,6932.56,6909.60,6947.38,7092.72,7424.80,7986.33,8694.12,9221.23,9751.43,10083.02,10462.79,8968.56,9622.24
NY.GDP.PCAP.CD,Guam,GUM,..,..,..,..,..,..,..,..,..,..,..,..,..,..,..,..,..,..,..,..,..,..,..,..,..,..,..,..,..,..,..,..,..,..,..,..,..,..,..,..,..,..,20909.96,21877.32,23618.83,25631.98,25709.94,26605.43,28112.23,29054.06,29719.80,29926.21,31653.75,32530.76,33900.15,35165.70,35930.66,36779.01,37195.95,39274.94,36482.94,38074.88
NY.GDP.PCAP.CD,Guatemala,GTM,256.81,257.20,265.21,284.40,284.20,282.98,287.28,291.93,314.67,326.30,352.79,358.37,369.76,440.56,528.57,594.89,697.06,856.13,925.18,1025.98,1141.81,1216.50,1203.97,1219.74,1241.04,1238.48,896.06,853.90,919.07,958.43,847.69,1014.40,1096.46,1165.67,1292.67,1421.06,1481.06,1638.46,1741.20,1603.65,1648.97,1537.69,1669.34,1722.55,1840.91,2046.47,2225.12,2458.82,2763.06,2611.65,2805.26,3168.98,3286.62,3444.16,3689.14,3893.51,4060.14,4325.00,4352.95,4512.00,4477.62,4913.95
NY.GDP.PCAP.CD,Guinea,GIN,..,..,..,..,..,..,..,..,..,..,752.82,825.29,948.50,1143.30,1242.53,1311.33,1430.66,1440.16,1657.96,1790.00,1930.99,1875.54,2272.63,2822.84,3361.53,4061.70,505.88,504.51,574.00,570.49,604.30,656.42,692.65,670.74,671.58,713.03,726.03,695.58,647.38,610.61,518.16,483.09,495.92,566.49,584.90,463.18,446.98,650.15,703.53,662.19,659.24,636.69,699.35,748.46,765.15,747.36,712.00,833.60,933.27,1031.34,1053.66,1244.97
NY.GDP.PCAP.CD,Guinea-Bissau,GNB,..,..,..,..,..,..,..,..,..,..,350.22,348.28,388.64,391.92,418.64,435.22,420.85,402.91,402.78,375.85,346.86,477.46,502.73,488.99,407.44,416.58,371.14,487.55,453.81,578.49,651.34,672.07,574.32,581.61,560.88,589.49,614.73,598.95,497.72,478.73,316.95,327.14,362.03,419.78,431.38,463.07,448.51,519.07,640.21,583.19,600.19,719.54,635.46,654.30,652.02,645.07,679.67,783.12,808.53,807.36,817.78,900.41
NY.GDP.PCAP.CD,Guyana,GUY,299.07,319.02,327.39,288.82,313.26,335.74,352.59,377.73,339.79,361.19,381.10,395.77,395.47,420.53,587.97,663.80,604.11,593.00,663.21,688.83,778.96,734.57,620.56,630.67,565.33,587.82,657.01,464.05,544.72,503.11,528.85,466.04,498.16,603.08,715.61,819.67,927.52,982.80,939.69,908.79,931.80,931.57,950.87,973.74,1033.31,1084.07,3135.61,3608.29,4008.96,4209.13,4581.76,4947.22,5444.40,5556.91,5472.69,5640.42,5870.88,6178.67,6048.39,6405.82,6775.71,9860.87
NY.GDP.PCAP.CD,Haiti,HTI,70.80,68.99,70.45,72.40,78.45,83.63,85.75,84.22,82.41,86.13,71.45,76.81,77.28,95.13,113.04,133.63,169.09,178.70,180.32,196.20,246.47,258.47,252.61,272.82,299.25,324.58,367.00,317.64,397.37,407.50,451.72,496.55,316.28,258.07,292.13,372.01,377.23,425.11,465.36,509.58,820.60,748.82,720.97,579.00,683.19,775.85,828.81,984.57,1094.66,1196.85,1209.73,1312.04,1361.39,1457.83,1460.19,1411.13,1318.40,1395.24,1496.38,1352.17,1290.33,1835.44
NY.GDP.PCAP.CD,Honduras,HND,162.77,167.92,177.70,182.73,197.85,213.97,224.77,237.47,249.44,250.16,262.84,257.88,274.80,303.01,333.73,351.99,409.17,491.22,883.55,980.44,1064.66,1052.61,1077.75,1097.72,1170.35,1220.84,1276.23,1352.55,1253.85,1121.96,988.46,907.27,937.83,908.45,832.06,931.67,883.31,944.93,1021.16,1002.20,1092.56,1132.16,1132.50,1156.08,1215.14,1304.70,1425.85,1577.74,1732.49,1781.16,1893.33,2073.66,2126.03,2081.13,2179.88,2271.20,2307.34,2413.01,2464.64,2502.33,2307.61,2735.15
NY.GDP.PCAP.CD,"Hong Kong SAR, China",HKG,424.06,436.75,487.82,565.73,629.59,676.81,685.93,723.24,714.48,825.52,960.03,1106.47,1384.73,1893.18,2144.61,2252.13,2850.01,3429.42,3923.97,4569.48,5700.43,5991.28,6133.77,5595.26,6208.23,6542.97,7435.00,9071.39,10609.75,12097.75,13485.63,15465.92,17976.47,20395.56,22502.53,23497.39,24818.30,27330.09,25808.86,25091.67,25756.77,25230.38,24665.84,23977.17,24928.10,26649.64,28224.10,30593.95,31515.53,30697.54,32550.14,35142.49,36730.80,38403.78,40315.37,42432.16,43734.20,46160.43,48537.57,48359.00,46109.23,49770.56
NY.GDP.PCAP.CD,Hungary,HUN,..,..,..,..,..,..,..,..,474.88,525.51,557.37,604.87,707.34,873.12,952.76,1079.94,1244.72,1383.87,1612.60,1858.59,2151.18,2205.83,2247.71,2043.03,1984.74,2013.43,2323.24,2557.60,2803.06,2892.97,3312.70,3350.26,3735.11,3873.99,4173.37,4494.71,4525.04,4596.18,4744.21,4793.48,4624.28,5276.03,6655.33,8419.43,10301.70,11223.40,11489.56,13940.91,15772.33,13077.31,13217.50,14234.47,12984.84,13715.07,14294.26,12717.04,13104.70,14621.24,16425.21,16786.21,16131.95,18755.10
NY.GDP.PCAP.CD,Iceland,ISL,1436.26,1439.45,1585.72,1859.25,2332.47,2764.47,3264.05,3172.65,2389.88,2069.86,2576.35,3252.10,4014.84,5437.34,7040.55,6454.18,7583.28,9957.25,11236.74,12640.64,14821.82,15137.25,13711.74,11671.81,11959.54,12361.19,16406.05,22453.19,24451.97,22434.35,25384.92,26802.99,27124.27,23579.80,24018.63,26633.59,27614.88,27919.19,31030.05,32381.63,32096.37,28897.44,32409.22,39476.70,47334.93,56794.85,57492.93,69495.73,56943.37,41301.27,43237.07,47714.59,45995.55,49804.98,54576.74,52951.68,61987.93,72010.15,74452.19,68452.24,59023.57,69325.91
NY.GDP.PCAP.CD,India,IND,84.93,87.85,92.20,103.44,117.86,121.51,91.03,98.00,101.56,109.48,114.36,120.68,125.27,146.57,166.70,161.09,164.12,189.59,209.39,227.96,271.08,274.96,278.65,296.00,281.05,300.93,314.90,344.94,358.48,349.92,371.09,305.57,319.18,302.88,347.73,375.18,401.05,416.23,413.63,441.93,442.75,450.36,469.15,544.14,624.26,710.49,801.67,1021.89,992.52,1094.95,1347.52,1445.46,1429.32,1432.84,1553.88,1584.00,1707.51,1950.10,1966.25,2041.43,1907.04,2239.61
NY.GDP.PCAP.CD,Indonesia,IDN,..,..,..,..,..,..,..,53.21,64.65,74.10,79.12,78.54,90.11,129.89,200.71,231.06,275.71,330.67,362.48,353.42,486.62,560.83,577.75,507.68,519.77,511.40,469.83,437.61,476.66,524.14,578.42,624.39,673.67,817.40,899.79,1011.23,1118.92,1044.61,454.88,657.27,763.71,732.31,881.00,1043.21,1126.84,1238.21,1558.32,1823.22,2124.55,2218.49,3065.68,3579.46,3632.27,3566.60,3441.07,3288.22,3521.47,3798.88,3860.95,4106.95,3853.70,4287.17
NY.GDP.PCAP.CD,"Iran, Islamic Rep.",IRN,195.58,200.08,205.79,209.56,221.73,247.53,262.88,283.73,314.29,344.60,376.61,457.28,554.75,850.56,1408.97,1531.71,1953.52,2243.06,2100.77,2352.43,2368.39,2393.45,2844.88,3397.06,3395.34,3634.03,4064.35,2513.15,2234.46,2124.97,2137.94,2194.44,1957.49,1038.11,1167.76,1550.01,1914.78,1790.07,1709.19,1739.59,1650.01,1881.02,1891.26,2209.00,2672.42,3132.05,3618.92,4687.99,5377.41,5415.52,6291.19,8025.69,8114.08,6222.74,5672.06,4952.73,5477.04,5753.12,4631.79,3831.28,2988.78,4334.79
NY.GDP.PCAP.CD,Iraq,IRQ,218.92,232.39,240.65,235.51,269.42,284.78,298.21,290.64,318.83,319.86,337.04,383.55,394.42,475.59,1031.25,1165.88,1488.54,1608.80,1863.22,2871.33,3867.65,2700.41,2941.97,2743.35,3065.72,3087.66,2940.41,3436.48,3707.21,3791.17,10261.42,22.95,30.25,53.74,198.18,619.14,485.26,936.34,900.94,1560.36,1980.19,1435.70,1266.16,817.89,1328.37,1762.39,2276.55,3128.99,4542.97,3714.71,4461.75,5775.54,6477.60,6650.35,6249.39,4440.14,4334.42,4759.28,5646.69,5671.86,4295.19,4868.49
NY.GDP.PCAP.CD,Ireland,IRL,706.55,761.85,821.34,878.16,994.61,1055.04,1107.32,1187.18,1158.86,1330.78,1486.51,1703.93,2080.47,2424.27,2516.93,2973.40,2919.58,3427.07,4399.99,5429.96,6372.44,5986.15,6160.64,5915.24,5692.03,6011.74,8112.17,9581.91,10715.87,11175.82,14031.30,14087.21,15714.38,14657.06,15902.93,19158.46,20835.90,22551.11,24294.85,26338.11,26334.57,28282.41,32705.43,41203.53,47754.20,50933.02,54329.16,61396.42,61353.11,52133.09,48679.40,52692.78,49411.74,52619.21,57278.26,64311.82,64292.66,72499.33,81248.31,82508.47,87567.11,105561.14
NY.GDP.PCAP.CD,Isle of Man,IMN,..,..,..,..,..,..,..,..,..,..,..,..,..,..,..,..,..,..,..,..,..,..,..,..,3892.82,3980.23,5507.18,7012.14,8768.79,9110.77,11049.89,11768.11,12150.85,10818.51,11708.29,12896.53,13979.85,16160.71,18753.12,21042.15,21161.40,21819.71,24471.08,28861.62,35564.60,38135.86,42627.51,55040.24,72276.77,66156.11,70587.31,77808.86,79329.20,83207.66,91885.45,84753.52,82025.95,83481.30,89393.82,87127.55,79513.53,94299.97
NY.GDP.PCAP.CD,Israel,ISR,1449.76,1694.11,1291.14,1483.53,1622.95,1685.90,1785.65,1731.68,1943.70,2184.93,2485.82,2294.28,2924.43,3624.89,5076.30,4664.03,4508.34,5044.18,4788.33,5961.21,6536.75,6783.03,7244.52,7945.68,7355.25,6816.38,8320.47,9835.69,11831.67,11586.80,13284.38,14320.28,15482.10,15151.54,16776.61,18991.47,20180.38,20432.84,20157.10,19782.29,21660.84,20907.11,19034.32,19629.41,20546.23,21226.72,22502.07,25635.93,30176.29,28381.64,31338.56,34433.82,33236.57,36929.60,38230.50,36123.99,37556.63,40997.91,42233.26,44140.83,44679.77,52255.62
NY.GDP.PCAP.CD,Italy,ITA,836.91,923.09,1030.16,1171.39,1271.80,1357.01,1458.95,1595.49,1718.50,1886.45,2111.72,2310.92,2677.29,3212.64,3629.49,4116.46,4042.39,4614.21,5623.43,7006.40,8476.41,7640.40,7573.94,7850.63,7757.55,8009.10,11341.09,14267.54,15780.95,16424.43,20873.78,22007.14,23297.05,18781.95,19382.20,20712.18,23122.93,21883.99,22365.18,22050.00,20190.00,20571.48,22463.52,27618.94,31425.82,32171.79,33684.72,38031.97,41095.41,37388.45,36184.71,38851.39,35235.80,35747.71,35750.72,30387.13,31126.32,32554.15,34746.34,33812.79,32091.49,36852.54
NY.GDP.PCAP.CD,Jamaica,JAM,423.67,447.06,458.31,480.34,514.42,549.49,612.21,633.26,591.05,642.13,747.91,808.87,970.80,971.80,1192.99,1416.78,1449.98,1569.42,1262.40,1144.18,1248.74,1370.41,1494.40,1619.48,1048.13,916.87,1191.35,1410.85,1632.01,1864.98,1929.60,1710.30,1458.10,2220.52,2202.86,2630.85,2928.90,3296.92,3419.49,3431.57,3453.09,3503.55,3680.65,3549.71,3807.56,4184.44,4417.00,4716.49,5029.80,4428.38,4809.98,5232.64,5340.83,5124.21,4975.11,5062.90,5009.79,5259.31,5578.10,5607.24,4879.44,5165.34
NY.GDP.PCAP.CD,Japan,JPN,508.70,608.86,684.57,775.59,902.87,993.73,1143.61,1326.36,1553.27,1802.98,2100.75,2321.39,3031.44,4061.01,4448.32,4775.90,5310.43,6472.79,9012.14,9301.15,9668.75,10583.13,9779.97,10652.01,11207.45,11809.46,17451.83,21141.72,25499.88,25265.95,25801.40,29428.43,31992.79,36345.24,39933.52,44197.62,39150.04,35638.23,32423.76,36610.17,39169.36,34406.18,32820.79,35387.04,38298.98,37812.90,35991.55,35779.02,39876.30,41309.00,44968.16,48760.08,49145.28,40898.65,38475.40,34960.64,39375.47,38834.05,39751.13,40415.96,40040.77,40058.54
NY.GDP.PCAP.CD,Jordan,JOR,..,..,..,..,..,545.51,558.40,496.92,408.84,474.43,408.60,412.22,459.87,530.78,651.10,717.76,872.51,1038.52,1248.90,1518.82,1750.10,1885.15,1928.88,1939.34,1871.09,1797.03,2200.10,2216.87,1965.98,1260.25,1148.59,1109.66,1286.63,1289.41,1367.19,1415.71,1410.17,1435.88,1532.11,1544.59,1570.61,1632.29,1706.27,1775.68,1940.09,2087.87,2342.63,2506.21,3241.65,3435.83,3718.47,3946.86,4169.50,4311.22,4191.18,4042.76,3986.72,4065.62,4145.44,4170.11,4022.04,4183.50
NY.GDP.PCAP.CD,Kazakhstan,KAZ,..,..,..,..,..,..,..,..,..,..,..,..,..,..,..,..,..,..,..,..,..,..,..,..,..,..,..,..,..,..,1570.01,1442.42,1437.60,1355.13,1246.84,1217.79,1281.39,1381.64,1414.59,1091.55,1180.04,1422.27,1573.55,1958.02,2722.47,3577.36,5030.13,6449.44,8123.55,6938.01,8793.08,11287.15,12018.80,13478.46,12427.71,10196.12,7475.57,8943.08,9472.49,9457.13,8781.51,9983.60
NY.GDP.PCAP.CD,Kenya,KEN,102.82,99.27,104.60,107.39,111.30,106.87,119.83,121.90,128.65,133.31,141.04,150.85,172.64,198.58,227.23,241.22,248.94,311.49,355.14,403.24,453.56,412.88,373.79,335.04,334.40,319.50,363.75,386.63,391.24,374.49,374.46,344.72,336.68,229.00,276.45,340.06,440.53,466.72,487.88,433.72,414.63,410.70,402.94,442.90,463.66,523.46,699.80,840.20,915.54,1047.97,1091.52,1096.14,1285.01,1370.88,1482.82,1489.12,1554.13,1667.48,1836.45,1960.41,1927.66,2061.36
NY.GDP.PCAP.CD,Kiribati,KIR,..,..,..,..,..,..,..,..,..,..,201.02,210.67,256.19,421.63,1131.29,730.44,548.08,519.94,610.78,572.79,542.25,567.72,518.62,483.11,527.29,392.91,381.92,423.82,535.92,514.65,488.07,540.13,792.00,747.75,837.97,844.43,985.89,953.16,874.48,887.50,845.37,718.83,810.11,1020.50,1083.27,1161.78,1123.19,1352.58,1410.62,1316.63,1522.10,1771.13,1843.55,1772.09,1736.71,1639.85,1742.67,1853.05,1912.74,1751.00,1769.43,2253.83
NY.GDP.PCAP.CD,"Korea, Dem. People's Rep.",PRK,..,..,..,..,..,..,..,..,..,..,..,..,..,..,..,..,..,..,..,..,..,..,..,..,..,..,..,..,..,..,..,..,..,..,..,..,..,..,..,..,..,..,..,..,..,..,..,..,..,..,..,..,..,..,..,..,..,..,..,..,..,..
NY.GDP.PCAP.CD,"Korea, Rep.",KOR,158.27,93.83,106.16,146.30,123.61,108.72,133.48,161.16,198.43,243.43,279.31,301.18,324.19,406.90,563.35,617.46,834.13,1055.88,1405.82,1783.62,1715.42,1883.46,1992.52,2198.94,2413.28,2482.40,2834.89,3554.61,4748.64,5817.07,6610.00,7636.95,8126.66,8884.92,10385.39,12564.72,13402.99,12398.49,8281.72,10672.45,12257.02,11561.21,13165.08,14672.81,16496.13,19402.50,21743.48,24086.41,21350.43,19143.85,23079.26,25097.60,25459.17,27179.52,29252.93,28737.44,29280.44,31600.74,33447.16,31902.42,31721.30,35125.52
NY.GDP.PCAP.CD,Kosovo,XKX,..,..,..,..,..,..,..,..,..,..,..,..,..,..,..,..,..,..,..,..,..,..,..,..,..,..,..,..,..,..,..,..,..,..,..,..,..,..,..,..,..,..,..,..,..,..,..,..,2877.39,2794.87,2987.55,3538.95,3410.66,3704.56,3902.49,3520.63,3759.45,4009.32,4384.19,4416.00,4310.89,5270.43
NY.GDP.PCAP.CD,Kuwait,KWT,..,..,4748.39,4444.52,4378.78,4023.99,4176.11,3887.35,3871.95,3694.96,3551.59,4485.61,4835.69,5532.43,12526.60,10881.72,11141.20,11237.80,11567.07,17385.89,19031.91,15825.19,12978.90,11965.34,11918.62,11321.66,9076.71,10895.65,9692.35,10964.69,10937.54,8147.11,12146.20,14317.72,14929.74,16168.17,18201.10,16977.39,14066.95,15853.63,19296.35,17374.23,18512.75,22690.66,27552.28,36122.61,42946.64,45709.41,55585.19,37907.10,39212.27,49169.61,52155.22,49651.04,44368.78,29882.21,27323.69,29047.65,32067.96,31707.87,25236.08,34043.54
NY.GDP.PCAP.CD,Kyrgyz Republic,KGZ,..,..,..,..,..,..,..,..,..,..,..,..,..,..,..,..,..,..,..,..,..,..,..,..,..,..,..,..,..,..,605.80,569.55,512.77,448.55,372.48,364.25,394.86,376.43,345.14,258.05,279.62,308.41,321.73,380.51,433.23,476.55,543.11,721.77,966.39,870.20,876.95,1117.40,1168.62,1269.66,1264.53,1105.65,1103.27,1221.39,1283.52,1422.00,1229.52,1350.00
NY.GDP.PCAP.CD,Lao PDR,LAO,..,..,..,..,..,..,..,..,..,..,..,..,..,..,..,..,..,..,..,..,..,..,..,..,483.02,632.80,461.91,274.73,147.07,170.38,200.73,231.81,247.35,283.40,320.97,357.76,371.34,339.09,243.92,272.33,318.75,320.32,313.35,355.10,409.30,466.06,579.39,697.32,885.75,935.03,1125.92,1361.55,1563.57,1812.52,1981.04,2121.01,2303.22,2432.43,2545.11,2589.32,2583.78,2526.05
NY.GDP.PCAP.CD,Latvia,LVA,..,..,..,..,..,..,..,..,..,..,..,..,..,..,..,..,..,..,..,..,..,..,..,..,..,..,..,..,..,..,..,..,..,..,..,2256.77,2360.17,2609.89,2893.80,3063.90,3278.18,3504.62,4003.61,4914.58,6109.73,7283.79,9211.74,13370.98,15677.61,11996.03,11188.42,12902.57,13329.35,14484.47,15185.81,13321.98,13838.53,15132.50,17252.17,17294.98,17564.23,20262.84
NY.GDP.PCAP.CD,Lebanon,LBN,..,..,..,..,..,..,..,..,..,..,..,..,..,..,..,..,..,..,..,..,..,..,..,..,..,..,..,..,959.15,771.00,789.53,1278.42,1559.38,2078.64,2467.77,2958.74,3393.05,3834.06,4124.86,4086.94,3986.84,4009.56,4290.85,4437.72,4600.68,4602.20,4635.25,5125.26,5912.05,7090.85,7625.81,7834.96,8406.98,8162.38,7577.64,7714.11,8089.01,8608.21,9174.54,8905.88,5561.19,4045.37
NY.GDP.PCAP.CD,Lesotho,LSO,46.95,47.05,53.54,58.41,62.62,64.26,64.30,64.84,64.81,67.10,67.44,72.41,73.96,106.99,128.67,123.23,117.83,149.86,200.85,212.37,306.82,299.84,233.94,252.02,211.00,165.37,191.38,236.45,270.37,279.04,329.56,382.29,443.62,439.37,455.59,513.41,479.67,501.98,464.68,455.65,442.78,412.68,388.92,583.27,766.69,861.38,925.47,861.19,898.48,878.85,1119.48,1280.73,1217.93,1151.04,1173.54,1121.20,992.49,1069.37,1170.66,1082.06,918.58,1066.59
NY.GDP.PCAP.CD,Liberia,LBR,167.17,157.50,160.28,163.13,173.93,177.56,184.58,192.15,198.65,214.72,220.29,227.08,238.61,244.36,299.41,345.65,347.50,381.09,394.47,434.70,443.03,426.05,422.45,390.76,390.41,379.95,364.29,409.22,424.33,312.29,172.87,177.87,107.84,74.43,61.49,62.14,71.41,122.63,134.68,156.57,298.49,300.46,299.54,239.78,284.14,287.49,320.56,374.21,451.71,448.39,492.25,568.09,638.37,710.74,706.71,692.59,714.61,699.27,692.20,658.16,616.79,667.97
NY.GDP.PCAP.CD,Libya,LBY,269.04,285.34,382.08,527.86,764.90,1000.53,1250.60,1436.62,1971.87,2174.95,2209.58,2442.58,2829.80,3727.39,6213.50,5720.63,7017.74,7783.46,7251.84,9442.76,11959.52,10044.04,9063.70,8927.36,7811.07,8087.36,6018.91,6464.73,5736.28,5792.58,6502.28,7039.83,7302.69,6477.87,5933.29,5205.26,5591.02,6061.81,5301.08,6894.52,7214.10,6312.80,3718.29,4674.10,5773.76,8079.25,10048.85,11144.94,13906.14,9551.05,11600.91,7593.84,14975.89,11951.71,8926.42,7458.49,7525.80,9965.83,11196.59,9963.19,6650.34,4935.83
NY.GDP.PCAP.CD,Liechtenstein,LIE,..,..,..,..,..,..,..,..,..,..,4262.03,4856.01,5645.23,7282.37,8271.74,10332.51,11326.35,12416.87,17456.93,19674.41,20958.74,19929.41,19885.61,19814.85,18898.37,19684.26,28612.89,38206.23,41568.54,39551.64,49457.56,50811.75,55057.11,55604.55,63935.99,78909.70,80688.72,73590.86,78302.99,82682.28,76087.91,75067.80,79795.18,90108.37,100280.83,105295.06,114167.94,130492.60,143249.23,126024.71,141089.81,158066.37,148842.04,172823.61,178735.15,167187.16,165375.49,170547.09,174988.78,166907.84,164671.09,196783.73
NY.GDP.PCAP.CD,Lithuania,LTU,..,..,..,..,..,..,..,..,..,..,..,..,..,..,..,..,..,..,..,..,..,..,..,..,..,..,..,..,..,..,..,..,..,..,..,2182.69,2340.68,2844.16,3180.64,3127.51,3300.64,3532.53,4148.13,5507.47,6734.57,7857.03,9210.10,12295.12,14955.53,11854.37,11829.12,14261.84,14294.72,15655.35,16473.57,14300.26,14981.62,16884.71,19368.54,19727.76,20541.82,23934.73
NY.GDP.PCAP.CD,Luxembourg,LUX,2261.18,2241.36,2331.56,2461.90,2779.18,2803.85,2925.22,2934.53,3202.51,3690.17,4298.03,4435.40,5486.72,7447.21,8966.73,8701.30,9490.69,10486.34,13034.39,15204.33,16531.11,13837.13,12590.98,12374.03,12126.94,12481.97,18149.87,22443.43,25219.35,26618.07,33465.48,35747.34,39570.86,40066.72,43933.24,51032.35,50444.36,46641.64,47445.38,50872.45,48659.60,48440.14,53005.73,65689.32,76544.92,80988.14,90788.80,107475.32,120422.14,109419.75,110885.99,119025.06,112584.68,120000.14,123678.70,105462.01,106899.29,110193.21,116786.51,112726.44,116905.37,133711.79
NY.GDP.PCAP.CD,"Macao SAR, China",MAC,..,..,..,..,..,..,..,..,..,..,..,..,..,..,..,..,..,..,..,..,..,..,4486.54,4207.25,4611.49,4701.66,5175.16,6380.07,7242.92,8322.56,9692.44,10707.38,13249.84,14754.18,15905.26,17215.12,17289.55,17415.70,16097.07,15319.77,15731.99,15810.72,16814.99,18589.90,23407.20,25681.22,29813.79,35400.23,38888.51,40351.00,52591.80,67041.28,76051.63,87069.77,88310.81,70070.29,69074.04,77704.92,83761.82,81967.70,36976.26,45376.31
NY.GDP.PCAP.CD,North Macedonia,MKD,..,..,..,..,..,..,..,..,..,..,..,..,..,..,..,..,..,..,..,..,..,..,..,..,..,..,..,..,..,..,2277.30,2402.14,1198.93,1336.65,1786.35,2355.25,2306.53,1959.56,1875.82,1915.39,1861.90,1823.02,1989.14,2445.36,2818.58,3120.98,3440.44,4204.11,5026.42,4799.79,4833.37,5416.87,5049.83,5626.26,5925.39,5262.69,5598.49,5955.30,6713.99,6718.86,6659.60,7620.80
NY.GDP.PCAP.CD,Madagascar,MDG,131.69,133.27,137.31,137.43,141.53,143.25,150.69,155.86,163.59,162.90,166.65,174.63,189.64,226.82,255.34,294.99,273.52,286.90,314.98,396.40,577.59,512.91,500.64,476.12,385.41,364.47,404.96,290.83,280.53,271.31,326.10,262.02,290.21,307.89,258.72,273.15,339.88,284.37,284.19,267.36,280.28,319.28,304.94,352.62,272.20,305.81,324.15,419.55,512.58,446.32,450.01,506.16,493.51,515.30,505.68,445.32,453.97,491.87,500.46,499.82,450.77,490.21
NY.GDP.PCAP.CD,Malawi,MWI,..,..,..,..,..,..,..,..,..,..,..,..,..,..,..,..,..,..,..,..,287.47,276.41,253.34,252.44,239.75,216.05,217.87,207.61,229.42,252.20,286.73,325.75,258.39,293.02,169.20,200.36,320.66,366.95,236.05,233.94,224.22,215.47,428.21,383.35,404.67,414.36,440.82,475.18,554.05,625.87,683.12,763.06,558.46,496.95,529.51,539.61,450.51,495.77,533.20,580.89,602.51,617.45
NY.GDP.PCAP.CD,Malaysia,MYS,240.85,232.94,238.84,291.80,302.93,326.44,338.57,335.43,342.44,368.39,379.63,407.20,472.36,700.73,847.81,810.57,940.44,1091.71,1326.89,1679.88,1886.12,1866.10,1937.75,2124.29,2299.81,2045.57,1759.73,1977.13,2099.95,2243.60,2468.69,2679.20,3141.43,3462.00,3757.65,4363.14,4837.17,4678.56,3294.31,3527.82,4083.53,3943.80,4184.03,4465.32,4939.25,5555.58,6158.41,7168.93,8371.82,7191.43,8899.35,10217.11,10600.57,10713.64,11013.31,9648.68,9476.53,9862.55,10901.80,10920.19,9957.53,10903.11
NY.GDP.PCAP.CD,Maldives,MDV,..,..,..,..,..,..,..,..,..,..,156.86,169.77,192.24,228.69,281.48,171.43,151.84,137.26,156.05,240.23,257.61,264.15,274.83,322.84,594.49,668.83,720.45,692.46,799.08,870.38,956.76,1054.33,1194.23,1316.61,1419.39,1554.61,1716.74,1898.43,1980.38,2124.06,2213.81,3033.93,3076.07,3548.58,4070.26,3796.52,5018.94,5758.10,6757.43,6734.03,7173.60,7424.52,7461.30,8236.08,8939.07,9644.91,9947.81,10509.63,11423.28,11740.27,7393.89,10176.14
NY.GDP.PCAP.CD,Mali,MLI,..,..,..,..,..,..,..,45.99,56.51,55.02,57.32,61.97,75.05,85.44,80.23,121.50,134.93,148.05,169.12,216.32,233.67,200.05,169.68,161.53,150.20,166.24,217.10,240.82,245.53,242.43,292.18,290.95,296.30,288.91,208.87,265.72,267.16,253.33,267.44,306.46,256.20,291.16,318.04,371.63,416.28,461.46,493.63,564.16,658.49,662.88,670.37,789.06,733.74,758.48,797.15,704.82,730.85,775.54,835.09,820.20,804.34,862.47
NY.GDP.PCAP.CD,Malta,MLT,..,..,..,..,..,..,..,..,..,..,828.44,874.06,975.72,1143.67,1245.32,1560.11,1726.56,2037.86,2558.74,3195.51,3948.27,3898.37,3787.92,3526.92,3332.82,3322.31,4194.53,5083.80,5814.45,6040.84,7192.39,7558.75,8220.34,7296.35,8000.34,9828.23,10061.70,9893.31,10408.06,10609.19,10348.49,10357.70,11251.21,13593.97,15212.13,15831.34,16653.61,19444.19,22315.32,21176.31,21946.61,23516.97,22878.31,25346.52,27356.61,25481.90,26409.63,30259.40,33332.19,32412.27,31796.82,38027.38
NY.GDP.PCAP.CD,Marshall Islands,MHL,..,..,..,..,..,..,..,..,..,..,373.21,390.17,415.71,472.21,601.58,638.19,671.83,724.22,770.92,859.01,867.96,968.86,1045.54,1199.30,1244.87,1162.02,1425.16,1542.64,1670.28,1670.22,1758.41,1810.63,1963.07,2112.01,2265.07,2490.99,2272.84,2230.75,2254.16,2257.92,2264.79,2394.35,2566.07,2539.33,2566.08,2658.65,2754.27,2892.28,2817.61,2906.63,3095.46,3319.40,3514.27,3677.91,3735.24,3764.34,4229.81,4592.83,4858.12,5292.34,5661.97,6258.61
NY.GDP.PCAP.CD,Mauritania,MRT,..,188.16,189.00,188.25,244.29,269.96,273.60,281.53,300.94,276.60,281.33,295.99,335.23,409.72,494.29,550.66,589.24,590.23,577.74,664.38,710.92,728.80,710.22,725.17,649.68,593.22,677.36,745.79,762.42,762.28,772.03,1061.68,1036.47,849.62,864.60,904.72,904.12,859.28,821.27,781.34,680.91,651.82,648.88,732.02,823.55,998.97,1300.60,1405.15,1635.56,1435.43,1659.96,1931.20,1859.12,1934.24,1713.01,1554.95,1565.77,1615.00,1722.94,1767.07,1795.76,1947.79
NY.GDP.PCAP.CD,Mauritius,MUS,239.54,281.68,282.34,353.11,297.28,305.48,295.96,304.16,258.73,272.71,271.34,299.60,374.00,467.48,762.94,754.83,787.10,905.95,1102.35,1292.20,1187.35,1180.84,1101.16,1103.09,1041.83,1068.67,1441.71,1839.79,2073.59,2103.49,2539.93,2705.27,3013.24,3013.83,3240.39,3648.02,3951.94,3695.74,3641.62,3745.70,3981.98,3908.56,4073.06,4858.27,5460.61,5354.03,5695.98,6574.66,8030.05,7318.13,8000.38,9197.04,9291.24,9764.64,10366.36,9507.87,9965.73,10841.68,11643.46,11403.25,9011.04,9068.97
NY.GDP.PCAP.CD,Mexico,MEX,355.08,373.71,388.46,419.55,480.70,505.85,544.94,575.77,615.92,659.72,699.01,747.91,836.57,993.04,1256.10,1491.97,1465.50,1314.62,1604.41,2049.26,3054.62,3829.14,2620.96,2169.85,2506.31,2601.71,1756.94,1888.26,2278.81,2725.06,3154.47,3708.84,4220.57,6048.35,6202.37,4183.88,4674.37,5567.36,5832.69,6499.97,7524.03,7952.76,7983.03,7434.07,7849.67,8671.76,9512.64,10134.33,10523.77,8423.57,9728.80,10664.49,10744.13,11216.80,11391.38,10021.24,9097.92,9649.28,10084.79,10369.56,8841.27,10314.05
NY.GDP.PCAP.CD,"Micronesia, Fed. Sts.",FSM,..,..,..,..,..,..,..,..,..,..,337.50,359.24,403.05,544.20,701.08,683.98,677.97,668.60,737.51,803.03,829.21,958.37,973.69,993.27,971.32,1136.28,1216.16,1230.44,1284.28,1365.62,1459.04,1617.46,1699.33,1853.06,1856.52,2010.12,1973.94,1860.31,1965.16,1971.17,2081.97,2144.54,2156.71,2185.80,2146.40,2246.45,2289.75,2336.98,2415.59,2596.26,2761.24,2890.50,3033.17,2933.88,2945.41,2911.16,2979.60,3279.11,3566.59,3572.66,3353.89,3493.87
NY.GDP.PCAP.CD,Moldova,MDA,..,..,..,..,..,..,..,..,..,..,..,..,..,..,..,..,..,..,..,..,..,..,..,..,..,..,..,..,..,..,1206.50,1037.90,778.02,796.99,573.80,593.59,575.15,657.29,578.73,399.50,440.54,507.40,570.80,682.32,897.18,1034.39,1183.02,1531.22,2110.55,1898.44,2436.80,2941.36,3044.81,3321.04,3289.96,2749.55,2847.09,3453.27,4156.45,4405.33,4375.78,5274.61
NY.GDP.PCAP.CD,Monaco,MCO,..,..,..,..,..,..,..,..,..,..,12098.20,13334.40,16187.43,20882.02,22347.90,27920.74,28396.38,30875.48,37607.79,44989.97,50813.93,44157.43,41479.50,39075.84,36582.37,37689.86,52082.45,62456.07,67180.58,66815.71,81734.87,80997.25,88614.93,82685.46,86703.81,99032.24,98561.01,88581.70,90947.21,89698.20,81789.02,82402.78,90051.45,111110.45,125160.23,130538.74,143083.46,184558.56,204263.80,169150.27,161853.92,179363.98,165444.65,184940.66,195693.57,170437.10,173604.75,170663.38,188298.32,193746.79,176891.89,223823.36
NY.GDP.PCAP.CD,Mongolia,MNG,..,..,..,..,..,..,..,..,..,..,..,..,..,..,..,..,..,..,..,..,1235.14,1325.47,1429.63,1490.21,1119.71,1137.91,1469.42,1493.28,1543.34,1683.92,1220.17,1098.68,607.81,354.90,422.86,652.67,595.58,515.30,483.88,448.66,476.03,524.45,570.25,643.17,794.15,994.90,1329.89,1627.69,2127.43,1703.33,2625.22,3736.04,4328.89,4340.14,4126.24,3838.92,3619.90,3645.97,4107.64,4347.55,4001.25,4517.62
NY.GDP.PCAP.CD,Montenegro,MNE,..,..,..,..,..,..,..,..,..,..,..,..,..,..,..,..,..,..,..,..,..,..,..,..,..,..,..,..,..,..,..,..,..,..,..,..,..,1375.33,1405.82,1367.90,1627.07,1909.60,2106.64,2789.16,3380.17,3674.62,4425.68,5976.39,7367.75,6727.11,6688.40,7328.79,6586.40,7188.86,7387.87,6517.19,7033.44,7803.36,8850.37,8909.65,7677.37,9465.96
NY.GDP.PCAP.CD,Morocco,MAR,174.78,169.32,193.65,210.64,216.26,221.97,210.82,217.30,227.12,246.80,260.27,279.17,317.07,380.53,456.59,521.84,543.37,610.75,712.88,834.81,1109.88,884.44,856.57,766.53,681.91,673.29,855.17,937.46,1086.04,1091.28,1229.07,1292.23,1327.03,1226.43,1358.79,1466.79,1596.83,1426.30,1668.50,1635.66,1499.11,1506.25,1596.02,1941.87,2183.56,2242.99,2438.13,2755.59,3183.20,3119.59,3067.99,3301.99,3164.18,3379.74,3435.41,3146.25,3140.86,3296.53,3501.70,3508.10,3268.03,3785.94
NY.GDP.PCAP.CD,Mozambique,MOZ,..,..,..,..,..,..,..,..,..,..,..,..,..,..,..,..,..,..,..,..,..,..,..,..,..,..,..,..,..,..,..,288.71,205.59,205.19,196.76,191.83,244.36,287.53,320.13,354.41,327.13,304.79,313.89,339.49,400.06,436.77,457.49,507.87,592.16,547.70,496.19,618.18,685.69,686.51,697.14,610.56,441.49,470.94,517.51,519.09,462.43,509.91
NY.GDP.PCAP.CD,Myanmar,MMR,25.08,27.27,27.95,25.80,17.33,15.12,11.80,16.55,21.55,21.51,20.72,21.13,23.29,24.80,41.41,35.16,39.17,27.86,29.26,29.21,31.25,32.81,42.95,39.29,36.33,40.38,42.42,41.15,39.92,51.34,53.12,51.24,58.89,76.21,105.39,124.14,141.90,108.04,145.95,189.49,196.62,141.53,146.60,224.29,224.51,252.69,303.50,419.38,658.44,758.44,1010.53,1213.63,1202.67,1199.10,1293.00,1166.73,1229.20,1272.82,1298.21,1425.99,1490.22,1242.72
NY.GDP.PCAP.CD,Namibia,NAM,..,..,..,..,..,..,..,..,..,..,..,..,..,..,..,..,..,..,..,..,2467.81,2266.91,2097.09,2214.34,1830.47,1466.18,1599.40,1969.42,2062.58,1966.83,2037.48,2116.91,2346.86,2154.96,2355.90,2483.20,2423.40,2459.65,2235.25,2177.79,2156.68,1915.59,1772.08,2569.25,3403.15,3685.77,4017.18,4379.04,4204.79,4302.91,5418.22,5834.79,5942.65,5346.62,5378.32,4774.11,4395.69,5143.96,5308.61,4731.92,3878.59,4412.84
NY.GDP.PCAP.CD,Nauru,NRU,..,..,..,..,..,..,..,..,..,..,2618.53,2811.21,3190.59,3863.94,5199.26,5740.20,5703.20,5646.34,5721.31,5949.56,6137.68,6593.91,6576.83,5895.70,5653.96,4858.93,4568.68,4484.51,5011.58,5722.77,5775.55,5333.38,5102.60,4310.24,3920.54,3932.09,3678.56,3661.03,2908.85,2682.69,2648.60,2232.31,2084.65,2463.28,3040.51,2992.40,2910.14,2272.15,3756.85,4410.57,4735.92,6480.90,9817.37,8974.52,9193.10,7703.43,8724.31,9613.41,11408.69,10776.83,10695.70,14989.66
NY.GDP.PCAP.CD,Nepal,NPL,50.21,51.55,54.57,46.31,45.32,65.81,79.48,72.26,64.86,64.82,69.63,69.45,78.84,73.23,89.76,113.61,102.47,95.34,108.10,121.87,125.11,142.92,146.98,146.63,151.08,149.90,159.55,162.04,187.08,184.98,185.79,195.72,165.03,172.81,187.26,197.84,198.82,211.83,205.08,208.65,223.83,240.80,238.89,246.43,279.59,309.02,340.43,385.45,464.82,473.08,585.28,785.52,788.20,803.27,821.46,875.54,877.26,1034.28,1179.20,1203.14,1154.22,1252.75
NY.GDP.PCAP.CD,Netherlands,NLD,1156.39,1254.42,1342.37,1436.89,1668.33,1848.10,1986.27,2154.58,2364.36,2646.85,2931.38,3383.59,4110.49,5353.44,6450.46,7346.30,7937.35,9180.30,11195.84,12817.38,13812.16,11537.40,11088.95,10696.08,9991.84,9940.74,13804.14,16734.15,17770.62,17423.30,21322.19,21764.21,23939.22,23156.44,24682.59,29301.19,29063.62,26744.96,27924.28,28318.75,26225.17,26955.71,29446.53,35896.75,40611.34,42165.40,45123.54,52100.80,58246.70,53172.03,51305.73,54701.77,50473.94,52602.29,53457.22,45793.81,46808.53,49513.68,53955.08,53554.90,53467.93,60141.99
NY.GDP.PCAP.CD,New Caledonia,NCL,..,..,..,..,..,1713.14,1713.70,1826.17,2124.46,2509.41,3281.71,3615.15,4225.84,4318.14,4848.94,5940.93,5618.33,5792.71,5779.04,7069.54,7892.72,6422.07,5912.38,5315.11,5051.73,5334.83,7374.69,8983.36,12301.19,12701.83,14334.68,14642.52,15713.72,14787.22,15534.31,18107.89,17592.05,15704.96,16614.60,16692.68,15329.73,14482.36,16104.55,20768.11,24475.65,25528.29,28193.25,35177.65,35723.90,33836.49,35798.91,38835.94,35559.57,36671.16,37816.96,30858.72,30782.85,32354.71,34902.90,33411.34,33270.33,35311.55
NY.GDP.PCAP.CD,New Zealand,NZL,2334.13,2364.75,2471.06,2646.24,2839.32,2171.00,2211.38,2208.44,1902.42,2096.93,2311.03,2772.92,3294.65,4323.20,4610.57,4171.77,4373.84,4950.59,5936.99,6668.14,7467.17,7813.89,7656.48,7598.31,6713.76,7600.57,9427.55,12330.92,13759.16,13312.39,13663.02,12230.07,11793.14,13094.35,15280.31,17400.42,18794.44,17474.19,14738.45,15322.22,13641.10,13882.86,16874.19,21913.71,25420.23,27751.07,26654.59,32479.98,31252.96,28209.36,33676.77,38388.53,39974.30,42977.39,44578.23,38639.35,40070.90,42913.19,43228.70,42747.21,41785.69,49624.18
NY.GDP.PCAP.CD,Nicaragua,NIC,127.48,132.94,142.30,152.46,172.68,272.25,284.00,297.95,304.44,319.37,321.32,331.45,341.38,412.53,556.87,561.46,632.57,744.19,690.74,495.37,659.30,739.67,713.78,779.85,861.43,724.06,760.59,992.02,662.31,249.16,242.51,349.51,411.47,394.38,849.18,891.78,910.86,912.76,949.16,980.22,1017.31,1051.87,1014.33,1021.35,1098.62,1183.30,1248.18,1350.39,1523.68,1467.08,1526.56,1679.71,1784.69,1835.43,1958.37,2074.45,2131.69,2182.62,2035.17,1958.62,1931.62,2128.61
NY.GDP.PCAP.CD,Niger,NER,128.25,134.64,143.15,153.32,148.08,166.28,168.60,155.38,145.61,138.29,139.76,145.21,151.44,187.85,198.29,197.23,194.79,229.81,306.83,354.17,408.82,343.39,309.80,268.77,211.47,202.37,259.56,295.33,292.59,271.27,423.89,384.44,384.03,335.43,206.21,237.02,239.49,220.56,246.09,228.27,194.77,205.42,225.29,265.23,283.47,318.64,333.35,387.17,475.04,461.13,474.43,510.76,528.51,552.10,565.31,485.66,502.71,521.80,578.57,561.69,579.51,608.72
NY.GDP.PCAP.CD,Nigeria,NGA,93.14,97.14,104.53,107.68,113.30,117.29,124.38,99.50,97.34,121.44,224.46,160.48,209.45,252.37,402.84,438.08,556.39,535.97,526.90,660.99,870.36,2162.21,1821.53,1207.07,890.43,868.64,628.25,587.96,539.54,465.49,556.38,596.94,508.52,539.57,744.88,1271.62,1632.72,1720.28,1822.47,480.67,547.32,566.43,712.16,763.39,962.48,1211.38,1599.54,1815.53,2154.11,1820.49,2202.26,2418.41,2633.20,2872.79,3088.72,2585.73,2070.41,1876.34,2057.88,2265.16,2019.66,2017.27
NY.GDP.PCAP.CD,Northern Mariana Islands,MNP,..,..,..,..,..,..,..,..,..,..,..,..,..,..,..,..,..,..,..,..,..,..,..,..,..,..,..,..,..,..,..,..,..,..,..,..,..,..,..,..,..,..,19227.89,18938.87,18924.58,17015.75,16314.56,15914.22,16430.45,14369.63,14771.40,13598.72,14013.60,14632.85,15945.42,17665.10,24225.47,31225.61,26509.36,24496.67,18220.84,19455.50
NY.GDP.PCAP.CD,Norway,NOR,1451.29,1570.64,1678.27,1787.32,1950.69,2178.78,2332.51,2530.66,2679.71,2894.24,3306.22,3736.35,4413.58,5689.59,6811.53,8204.45,8927.20,10266.12,11462.59,13046.54,15772.24,15512.51,15224.89,14927.52,14989.49,15753.55,18883.23,22505.86,24207.28,24281.13,28242.98,28596.93,30523.99,27963.70,29315.81,34875.70,37321.97,36629.03,34803.46,36393.29,38178.24,38601.90,43170.56,50250.33,57768.70,67047.17,74434.50,85502.27,97503.54,80347.57,88163.21,101221.81,102175.92,103553.84,97666.70,74809.97,70867.36,76131.84,82792.84,76430.59,68340.02,93072.89
NY.GDP.PCAP.CD,Oman,OMN,83.39,84.53,102.33,106.83,108.06,108.13,113.16,174.71,300.38,371.95,386.79,441.94,523.68,669.83,2203.41,2692.00,3142.53,3204.87,3043.75,3933.51,5974.30,6865.58,6759.30,6714.19,7070.07,7548.70,5181.88,5204.00,5279.10,5591.23,7545.70,6977.33,7317.79,7038.93,7068.39,7414.30,8068.00,8234.64,7219.03,7915.44,9753.85,9611.96,9869.13,10463.54,11800.85,14434.86,16930.86,18792.65,26576.78,20655.92,23570.18,25188.01,24642.30,23458.02,23160.65,18808.31,17110.19,17820.07,19901.76,19180.19,16784.86,19403.46
NY.GDP.PCAP.CD,Pakistan,PAK,82.02,87.78,89.50,93.65,102.46,113.57,122.23,135.19,141.56,148.53,166.66,172.45,148.07,97.51,132.01,161.68,183.86,204.68,233.42,249.23,287.45,327.51,344.89,311.10,327.35,317.06,313.95,317.24,353.85,357.60,344.46,380.02,395.68,407.89,399.96,450.55,457.00,438.03,424.45,418.25,642.34,609.94,599.94,672.44,771.90,827.62,900.87,998.09,1067.04,963.79,987.30,1131.74,1204.36,1225.43,1266.61,1380.47,1424.69,1519.23,1569.34,1390.42,1278.40,1455.32
NY.GDP.PCAP.CD,Palau,PLW,..,..,..,..,..,..,..,..,..,..,1017.16,1080.61,1144.54,1221.47,1328.03,1463.54,1616.48,1781.09,1971.87,2188.88,2422.63,2638.82,2838.16,3049.48,3360.15,3728.13,4143.56,4616.29,5145.01,5741.09,6402.93,6824.34,6552.71,5891.50,6329.07,7038.01,7788.30,7944.60,8047.92,7629.57,7797.26,8239.64,8340.54,7862.04,8395.14,9639.66,9885.15,10408.43,10582.74,10155.43,10229.09,11000.88,12145.36,12768.91,13726.02,15690.76,16762.57,16034.13,16197.73,15841.19,14556.59,13257.21
NY.GDP.PCAP.CD,Panama,PAN,477.04,516.46,545.57,586.62,611.10,651.33,688.85,744.89,778.48,830.32,892.89,979.33,1046.06,1164.33,1296.45,1405.75,1456.50,1503.27,1738.49,1937.98,2357.09,2605.46,2811.41,2819.35,2874.95,2972.18,3019.48,2966.01,2508.78,2462.11,2620.14,2820.55,3139.90,3358.41,3508.20,3513.90,3308.18,3545.98,3807.84,3950.34,3975.09,3991.78,4090.59,4264.66,4644.57,5017.74,5528.77,6317.82,7347.59,7796.93,8331.46,9662.30,11064.81,12273.32,13213.20,14082.65,14832.36,15694.63,16151.33,16477.91,13290.56,15509.81
NY.GDP.PCAP.CD,Papua New Guinea,PNG,115.53,119.66,124.73,128.87,139.52,153.94,171.05,188.97,202.94,225.29,257.65,279.67,326.72,482.82,533.09,481.95,525.43,558.02,648.49,747.80,812.96,781.41,725.65,768.64,749.64,696.57,744.91,865.47,984.99,934.25,826.32,941.71,1050.71,1151.28,1228.24,998.23,1071.04,989.72,733.48,649.99,635.96,537.85,506.33,577.47,620.60,744.49,1238.18,1370.75,1624.79,1568.83,1866.87,2288.38,2635.09,2560.77,2723.18,2484.60,2316.39,2477.77,2566.37,2575.77,2429.61,2607.58
NY.GDP.PCAP.CD,Paraguay,PRY,153.38,167.09,182.81,189.87,196.97,208.73,213.95,220.93,226.80,238.24,249.00,272.08,307.63,388.71,507.87,561.52,615.83,739.83,882.93,1148.90,1456.84,1792.61,1679.82,1709.80,1319.23,934.99,1031.16,1068.95,1113.89,1211.30,1440.16,1685.27,1682.67,1661.71,1760.29,1978.72,2088.17,2078.51,1889.88,1766.31,1736.12,1637.69,1367.77,1444.00,1786.22,1970.87,2439.43,3211.94,4384.95,3941.85,4750.96,5805.40,5642.17,6435.68,6652.25,5879.34,5775.16,6152.27,6258.45,5821.18,5365.47,5976.93
NY.GDP.PCAP.CD,Peru,PER,252.80,276.64,304.54,324.11,380.97,438.99,504.83,497.58,447.99,487.66,550.48,599.04,646.68,753.92,926.58,1104.16,1026.41,902.86,756.35,942.18,1044.69,1216.27,1194.45,927.26,917.90,767.44,1086.61,1792.30,733.30,1044.91,1199.67,1527.39,1567.41,1487.67,1879.37,2189.53,2226.92,2300.67,2156.39,1916.53,1945.41,1929.57,2007.37,2129.44,2397.25,2706.67,3129.56,3581.09,4197.58,4181.19,5072.11,5861.36,6519.38,6746.80,6667.13,6231.71,6217.04,6736.17,6978.49,7037.01,6133.33,6826.97
NY.GDP.PCAP.CD,Philippines,PHL,269.47,283.79,166.69,179.46,188.15,199.76,213.85,223.12,242.23,261.09,200.92,217.43,230.10,283.23,379.07,400.64,448.62,502.23,565.27,666.96,766.97,821.29,832.54,723.43,665.04,633.21,600.00,649.81,722.34,791.86,803.57,804.32,916.52,918.64,1059.98,1199.84,1311.09,1273.28,982.87,1101.44,1050.79,969.53,1014.91,1027.23,1099.63,1220.46,1426.15,1712.66,1959.29,1864.45,2162.91,2383.92,2614.62,2781.28,2866.84,2909.86,2985.20,3038.12,3168.51,3400.79,3227.58,3484.39
NY.GDP.PCAP.CD,Poland,POL,..,..,..,..,..,..,..,..,..,..,..,..,..,..,..,..,..,..,..,..,..,..,..,..,..,..,..,..,..,..,1731.21,2235.54,2459.02,2497.13,2874.83,3700.96,4163.51,4137.01,4533.54,4415.50,4520.64,5015.24,5223.45,5720.81,6711.73,8043.92,9068.86,11272.53,14048.56,11556.30,12567.73,13867.67,13087.42,13621.90,14262.28,12637.52,12464.01,13913.34,15658.21,15874.52,15987.58,18635.51
NY.GDP.PCAP.CD,Portugal,PRT,376.98,400.22,426.49,452.28,490.21,544.72,601.29,676.39,751.95,832.13,934.08,1064.54,1302.27,1747.99,2000.42,2127.64,2173.28,2267.37,2457.31,2755.62,3368.37,3245.98,3079.95,2735.49,2522.75,2705.19,3861.95,4803.87,5623.70,6056.38,7884.62,8958.99,10810.57,9534.66,9977.32,11781.36,12185.09,11575.51,12199.21,12475.29,11526.37,11734.76,12936.69,15797.78,18064.16,18780.13,19839.45,22811.06,24949.04,23151.22,22551.94,23246.54,20593.43,21676.49,22120.69,19215.78,19980.28,21442.38,23541.14,23343.36,22299.40,24711.45
NY.GDP.PCAP.CD,Puerto Rico,PRI,717.51,777.22,854.74,931.75,1006.43,1110.83,1207.81,1335.27,1480.69,1661.87,1852.35,2044.32,2246.48,2432.41,2614.50,2738.24,2946.46,3208.77,3567.75,4024.51,4502.84,4920.72,5115.01,5217.72,5730.12,6008.05,6455.18,6980.49,7595.44,8033.09,8652.51,9064.02,9659.34,10212.28,10876.42,11579.19,12173.16,12817.64,14304.40,15220.99,16192.13,18123.20,18731.46,19557.12,20988.99,21959.32,22935.94,23664.88,24898.33,25768.73,26435.75,27278.88,27944.73,28513.17,28981.46,29763.49,30627.16,31108.75,31615.07,32916.87,31427.43,32619.25
NY.GDP.PCAP.CD,Qatar,QAT,..,..,..,..,..,..,..,..,..,..,2593.82,2951.77,3482.88,4905.34,13539.56,13013.68,15710.32,16057.73,16757.10,21776.64,28375.49,29504.94,24384.59,19616.03,19272.26,16815.04,13213.21,13718.79,14682.02,15242.51,16721.62,15133.50,16280.29,14769.72,14764.88,15822.51,17124.79,20522.80,17665.44,20233.68,27535.18,25870.80,27226.66,31602.47,41035.50,53949.68,62582.45,65954.34,80781.40,60785.74,77387.33,103261.51,108470.38,103697.01,95840.63,68985.29,61253.64,63279.86,71039.85,66841.30,51683.51,71751.88
NY.GDP.PCAP.CD,Romania,ROU,..,..,..,..,..,..,..,..,..,..,..,..,..,..,..,..,..,..,..,..,..,..,..,..,..,..,..,1658.76,1753.19,1789.64,1648.49,1254.31,1102.10,1158.06,1323.03,1650.05,1633.01,1577.34,1852.55,1599.91,1659.93,1825.19,2119.86,2679.41,3494.99,4618.00,5757.53,8360.34,10435.16,8548.45,8399.54,9560.68,8929.95,9497.67,10031.77,8977.02,9404.54,10727.98,12502.26,12992.03,13082.30,14986.79
NY.GDP.PCAP.CD,Russian Federation,RUS,..,..,..,..,..,..,..,..,..,..,..,..,..,..,..,..,..,..,..,..,..,..,..,..,..,..,..,..,3778.02,3429.65,3494.06,3490.45,3098.80,2930.67,2662.10,2665.78,2643.93,2737.57,1834.86,1330.76,1771.59,2100.35,2377.53,2975.12,4102.36,5323.46,6920.20,9101.24,11635.28,8562.82,10674.99,14305.33,15401.85,15941.45,14055.47,9277.71,8663.16,10658.91,11211.89,11447.70,10108.33,12521.52
NY.GDP.PCAP.CD,Rwanda,RWA,39.37,39.27,39.23,39.28,38.98,43.47,35.36,43.96,45.99,48.87,55.24,54.38,58.40,66.91,68.94,124.11,134.38,152.74,179.88,213.77,234.39,254.57,246.39,250.57,259.91,271.58,297.73,319.64,343.78,334.74,345.77,253.97,264.08,247.02,110.95,227.97,206.05,238.75,246.15,264.74,251.87,237.31,234.04,249.01,269.54,324.02,357.00,426.23,528.33,564.04,593.62,651.13,706.82,704.92,724.96,734.00,729.52,758.30,771.77,810.05,778.70,828.83
NY.GDP.PCAP.CD,Samoa,WSM,..,..,..,..,..,..,..,..,..,..,322.00,376.97,432.87,562.76,626.04,609.67,541.03,615.30,670.63,750.59,765.25,713.38,728.13,670.99,654.70,572.81,604.26,666.31,790.13,728.15,743.99,741.56,776.74,774.99,1276.85,1288.10,1419.36,1607.89,1506.30,1416.77,1424.75,1453.87,1527.56,1798.12,2189.26,2550.04,2663.29,3038.62,3373.61,3279.18,3524.25,3821.51,3934.60,4023.53,3982.68,4084.36,4147.07,4307.59,4231.81,4351.94,4099.66,3947.65
NY.GDP.PCAP.CD,San Marino,SMR,..,..,..,..,..,..,..,..,..,..,..,..,..,..,..,..,..,..,..,..,..,..,..,..,..,..,..,..,..,..,..,..,..,..,..,..,..,37852.97,40126.93,41931.80,37600.71,39035.10,41790.84,52529.91,58232.02,59877.80,63270.78,70124.46,75902.13,62428.99,56543.19,55601.39,47945.90,50807.83,51260.49,43146.82,44359.48,45192.03,47950.69,46627.01,44426.65,54168.98
NY.GDP.PCAP.CD,Sao Tome and Principe,STP,..,..,..,..,..,..,..,..,..,..,479.37,470.05,511.23,676.48,682.84,693.15,585.23,538.96,586.87,683.16,828.69,829.89,783.43,719.59,735.13,761.41,1043.00,1017.85,846.60,821.35,970.06,855.11,740.47,963.79,989.50,768.71,987.05,661.67,513.57,542.69,529.09,518.88,568.10,663.70,726.56,844.17,861.97,878.89,1081.87,1128.28,1045.21,1219.80,1210.79,1382.58,1489.68,1298.11,1434.87,1555.79,1825.60,1935.29,2167.22,2362.59
NY.GDP.PCAP.CD,Saudi Arabia,SAU,717.80,760.31,812.93,811.74,840.48,904.12,960.74,1031.60,1275.71,1312.74,1509.44,1929.31,2474.39,3640.08,10503.43,10265.64,13312.51,14595.37,14914.15,19611.57,27205.65,28703.36,22454.48,17809.55,15541.13,12745.42,10078.29,9385.98,9165.50,9413.58,11054.75,11847.17,11730.27,10884.86,10601.92,10786.40,11471.50,11545.35,9836.06,10452.19,11714.56,10805.31,10586.05,11487.22,13154.50,15975.75,17563.61,18596.15,22320.49,17718.39,22028.38,26966.29,28348.57,27290.20,27079.67,22453.57,21515.66,23081.20,28036.03,27892.84,23271.40,28396.09
NY.GDP.PCAP.CD,Senegal,SEN,300.43,308.17,307.09,308.63,317.85,314.32,314.53,305.22,311.20,287.25,290.49,291.09,341.84,381.44,417.41,547.38,540.59,540.13,589.13,716.28,771.53,682.97,651.94,564.37,536.23,571.42,783.94,916.09,880.49,848.56,957.31,913.40,951.20,877.53,583.78,714.99,723.47,650.78,684.59,677.52,603.23,637.21,669.43,817.89,918.10,979.85,1017.20,1188.94,1398.79,1308.69,1275.88,1374.68,1326.84,1379.83,1398.89,1218.01,1266.44,1356.81,1452.56,1431.18,1461.09,1598.11
NY.GDP.PCAP.CD,Serbia,SRB,..,..,..,..,..,..,..,..,..,..,..,..,..,..,..,..,..,..,..,..,..,..,..,..,..,..,..,..,..,..,..,..,..,..,..,2349.41,3053.91,3573.50,2775.47,2768.91,974.73,1812.42,2390.73,3153.90,3597.09,3807.97,4492.71,6081.09,7376.74,6414.04,5970.93,7082.29,6263.04,7040.42,6886.68,5820.32,5982.37,6548.04,7559.86,7755.63,8098.71,9680.53
NY.GDP.PCAP.CD,Seychelles,SYC,288.06,270.28,287.04,308.20,332.30,328.48,337.65,333.23,314.35,314.18,343.88,401.61,546.95,648.53,744.51,806.23,814.47,1044.35,1376.55,2030.14,2478.36,2557.21,2440.68,2426.33,2487.64,2754.15,3368.47,3871.78,4392.20,4689.13,5642.07,5654.64,6520.49,6978.68,6974.87,7180.67,7004.34,7746.70,8209.51,8243.24,8063.66,8153.30,8864.17,9070.28,10827.67,11802.11,12782.99,12669.30,11265.44,9747.09,10934.79,12110.09,12337.16,14821.29,15188.19,15333.11,16566.99,17480.37,18440.23,19141.51,14041.48,14982.91
NY.GDP.PCAP.CD,Sierra Leone,SLE,141.96,142.28,146.32,146.31,153.38,145.58,149.32,136.12,126.31,153.56,160.16,151.83,165.36,200.64,222.09,228.37,196.41,224.21,305.43,345.87,336.39,333.89,380.07,285.81,305.58,235.51,131.47,172.36,268.16,231.28,154.79,183.69,163.20,184.95,218.51,208.35,224.26,199.88,156.52,155.02,143.74,358.32,389.00,413.82,417.75,462.63,517.91,578.65,650.68,624.90,648.13,718.16,904.84,1146.42,1140.93,945.15,838.63,788.49,845.91,843.71,845.31,885.18
NY.GDP.PCAP.CD,Singapore,SGP,428.06,449.15,472.08,511.20,485.53,516.53,566.80,626.03,708.60,812.68,925.80,1071.41,1264.38,1685.46,2341.71,2489.91,2758.94,2846.34,3193.91,3900.53,4928.14,5596.59,6077.63,6633.24,7228.32,7001.77,6799.93,7539.03,8914.44,10394.54,11861.76,14502.38,16136.24,18290.13,21552.41,24914.85,26232.87,26375.87,21829.27,21796.64,23852.84,21699.74,22159.84,23730.38,27608.08,29961.32,33768.45,39432.89,40008.57,38926.81,47236.68,53891.46,55547.56,56967.43,57564.80,55645.61,56899.92,61162.10,66840.64,66081.72,61466.80,79601.41
NY.GDP.PCAP.CD,Sint Maarten (Dutch part),SXM,..,..,..,..,..,..,..,..,..,..,..,..,..,..,..,..,..,..,..,..,..,..,..,..,..,..,..,..,..,..,..,..,..,..,..,..,..,..,..,..,..,..,..,..,..,..,..,..,..,25528.41,26403.81,27317.52,28149.10,28529.73,37134.91,37839.63,37308.61,34701.31,31708.31,34861.47,30150.90,32548.44
NY.GDP.PCAP.CD,Slovak Republic,SVK,..,..,..,..,..,..,..,..,..,..,..,..,..,..,..,..,..,..,..,..,..,..,..,..,..,..,..,..,..,..,2437.18,2726.59,2959.34,3143.10,3820.96,4882.51,5247.70,5172.42,5560.92,5651.62,5421.64,5712.48,6554.63,8675.40,10650.13,11641.54,13167.90,16110.48,18744.32,16586.75,16899.45,18469.44,17516.97,18312.78,18770.93,16442.08,16636.08,17645.53,19573.37,19406.06,19735.49,22138.19
NY.GDP.PCAP.CD,Slovenia,SVN,..,..,..,..,..,..,..,..,..,..,..,..,..,..,..,..,..,..,..,..,..,..,..,..,..,..,..,..,..,..,9925.14,7229.31,7151.15,7254.59,8243.90,10738.09,10796.74,10436.73,11131.57,11401.49,10135.72,10375.63,11639.13,14711.67,17103.83,17969.71,19563.01,23725.16,27461.98,24501.79,23329.84,24940.63,22442.14,23236.97,24013.07,20697.27,21447.84,23303.08,25888.05,25814.17,25392.07,29187.37
NY.GDP.PCAP.CD,Solomon Islands,SLB,..,..,..,..,..,..,..,153.45,166.89,165.86,..,277.11,219.50,291.25,433.44,371.72,401.08,434.41,500.06,657.86,767.85,785.83,755.89,686.26,664.70,586.02,505.82,514.67,567.02,538.10,648.33,665.83,763.86,828.87,1078.04,1220.18,1289.33,1292.24,1091.89,1133.62,953.17,911.79,756.89,895.99,986.08,1144.46,1255.63,1390.16,1525.85,1554.71,1685.15,1924.05,2066.25,2161.40,2164.94,2045.48,2082.63,2143.57,2278.21,2223.67,2063.33,1996.87
NY.GDP.PCAP.CD,Somalia,SOM,62.74,64.92,67.17,69.49,71.89,74.35,76.48,78.67,80.84,84.14,93.08,90.43,113.69,119.56,137.89,177.81,199.58,111.18,117.26,108.19,101.50,116.88,129.01,118.64,122.49,130.83,131.41,140.97,145.34,166.04,145.60,105.37,109.20,188.60,210.79,210.67,237.24,280.11,363.20,358.66,386.12,244.91,229.60,286.27,375.41,439.98,458.00,479.64,507.04,246.51,219.20,235.33,350.26,393.40,429.43,445.58,460.93,510.94,509.53,539.89,518.18,549.11
NY.GDP.PCAP.CD,South Africa,ZAF,532.15,545.66,563.42,604.54,645.87,684.62,721.75,778.84,817.13,890.92,952.35,1020.44,1038.39,1369.16,1656.29,1670.12,1559.00,1671.47,1851.75,2201.52,3028.97,3049.71,2717.16,2938.49,2504.08,1839.48,2027.47,2586.27,2702.06,2726.71,3093.49,3243.24,3462.39,3399.64,3488.60,3855.63,3617.55,3700.24,3309.61,3242.37,3217.85,2847.15,2688.24,4062.22,5221.46,5836.88,6077.38,6591.86,6184.75,6374.71,7973.47,8646.06,8076.98,7331.65,6856.73,6112.27,5651.21,6618.34,6914.18,6533.71,5580.60,6843.40
NY.GDP.PCAP.CD,South Sudan,SSD,..,..,..,..,..,..,..,..,..,..,..,..,..,..,..,..,..,..,..,..,..,..,..,..,..,..,..,..,..,..,..,..,..,..,..,..,..,..,..,..,..,..,..,..,..,..,..,..,1654.21,1323.22,1498.27,1448.98,1109.26,1650.19,1242.73,1080.15,..,..,..,..,..,..
NY.GDP.PCAP.CD,Spain,ESP,407.96,463.19,535.39,627.28,694.95,797.38,915.63,996.57,978.29,1109.14,1211.42,1361.19,1707.59,2245.95,2747.96,3207.54,3276.97,3625.00,4353.33,5766.09,6204.14,5367.33,5156.02,4475.30,4486.78,4696.30,6508.85,8233.73,9696.19,10674.34,13795.02,14801.32,16100.68,13330.38,13405.70,15460.91,16100.62,14722.37,15382.33,15707.95,14743.27,15368.23,17111.07,21522.02,24925.03,26450.95,28421.69,32652.02,35603.25,32279.82,30658.74,31824.62,28456.44,29218.91,29694.89,25969.84,26740.69,28367.94,30592.13,29776.20,27230.36,30817.68
NY.GDP.PCAP.CD,Sri Lanka,LKA,145.93,145.90,141.38,119.35,122.94,155.57,156.61,162.29,153.49,163.61,186.90,188.76,199.38,220.17,268.65,279.82,260.30,292.15,191.00,230.78,271.06,292.45,311.96,335.82,391.37,384.61,407.16,419.82,434.02,430.02,491.21,546.29,579.66,607.23,678.27,741.84,776.19,827.04,849.37,826.42,846.46,803.54,834.94,946.38,1028.62,1207.22,1389.51,1578.63,1973.58,2026.66,2808.37,3224.96,3327.78,3740.62,3971.92,4060.13,4149.76,4401.06,4360.58,4082.69,3846.17,3999.34
NY.GDP.PCAP.CD,St. Kitts and Nevis,KNA,221.58,225.60,230.29,240.14,256.40,265.82,289.97,344.46,309.03,346.59,365.42,443.94,521.08,551.41,720.54,765.13,692.14,1026.25,1143.84,1367.34,1597.65,1894.44,2022.53,2052.11,2341.41,2650.99,3140.11,3573.28,4205.65,4723.45,5373.45,5464.61,5947.12,6395.31,7065.28,7406.44,7788.43,8626.72,8710.79,9116.29,9319.66,10022.59,10453.66,10175.63,10944.62,11783.79,13837.85,14757.96,16604.94,16503.41,16622.95,17832.46,17532.06,18580.13,20219.40,20328.80,21387.54,22464.99,22901.38,23595.49,18859.02,18361.14
NY.GDP.PCAP.CD,St. Lucia,LCA,..,..,..,..,..,..,..,..,..,..,..,..,..,..,..,..,..,..,..,..,1428.20,1604.78,1489.46,1575.74,1979.13,2202.28,2590.69,2818.91,3182.44,3565.01,4204.57,4398.68,4759.84,4764.72,4892.07,5147.92,5244.02,5282.37,5672.51,5882.83,5879.56,5570.45,5567.89,6058.61,6494.60,6863.44,7611.18,7964.38,8516.96,8250.52,8673.69,9128.99,9260.30,9576.23,10044.82,10334.92,10638.19,11333.20,11642.74,11794.21,8411.20,10459.13
NY.GDP.PCAP.CD,St. Martin (French part),MAF,..,..,..,..,..,..,..,..,..,..,..,..,..,..,..,..,..,..,..,..,..,..,..,..,..,..,..,..,..,..,..,..,..,..,..,..,..,..,..,..,..,..,..,..,..,..,..,..,..,..,..,20930.58,..,..,20638.77,..,..,..,..,19033.06,..,21668.38
NY.GDP.PCAP.CD,St. Vincent and the Grenadines,VCT,154.84,163.04,166.50,154.86,164.44,166.16,174.90,170.04,163.08,175.16,192.26,206.99,282.09,305.65,330.71,331.09,324.05,483.86,592.02,687.07,790.12,971.58,1073.51,1144.31,1253.87,1342.25,1471.86,1596.17,1813.94,1929.91,2149.74,2270.76,2470.52,2539.65,2563.25,2795.36,2930.44,3073.78,3301.10,3446.52,3768.96,4071.09,4303.28,4499.61,4873.49,5157.39,5744.83,6398.19,6598.91,6463.79,6551.97,6527.69,6713.81,7072.47,7168.83,7353.74,7656.90,7988.04,8428.13,8743.33,8395.10,8481.31
NY.GDP.PCAP.CD,Sudan,SDN,99.71,105.31,111.21,109.94,109.65,110.89,110.50,116.24,117.82,125.98,139.04,146.93,154.51,184.52,228.79,269.65,325.19,392.40,410.07,408.90,418.35,483.80,378.95,346.22,429.99,326.40,400.33,471.16,553.08,814.27,1257.19,1617.56,252.61,312.69,439.42,462.59,294.83,373.09,350.70,324.66,362.12,451.29,506.26,580.32,705.11,905.54,1132.47,1444.37,1527.58,1178.22,1305.64,1332.66,1019.22,1138.63,1275.44,1292.38,1033.22,966.51,731.03,709.98,577.80,712.12
NY.GDP.PCAP.CD,Suriname,SUR,377.58,394.81,409.11,424.03,434.89,481.72,574.84,644.04,680.60,707.67,724.48,767.99,784.95,857.69,1041.08,1190.02,1301.87,1665.94,1927.91,2072.29,2117.87,2367.77,2429.92,2332.70,2260.64,2255.98,2271.05,2469.07,2886.43,1328.57,941.59,1079.73,968.90,1022.45,1433.54,1609.83,1962.88,2067.60,2428.59,1898.18,1988.22,1714.65,2202.34,2516.10,2887.77,3453.43,5002.66,5530.18,6576.09,7129.58,7943.60,7949.89,8851.24,9043.19,9108.19,8813.62,5644.21,6049.52,6665.74,6629.67,4755.39,5029.85
NY.GDP.PCAP.CD,Eswatini,SWZ,101.57,121.80,127.10,146.39,171.61,180.98,192.74,182.77,190.39,245.23,254.16,301.12,315.03,463.25,536.16,567.88,520.80,562.71,609.96,713.95,908.38,925.37,843.04,842.75,726.35,509.89,611.30,764.75,865.25,831.85,1277.69,1273.01,1361.82,1397.27,1461.36,1750.75,1619.19,1705.40,1546.52,1501.66,1668.97,1467.54,1351.87,2060.18,2581.24,2945.36,3035.06,3180.86,2999.83,3239.76,3992.95,4312.34,4348.00,3910.06,3740.69,3393.53,3223.92,3831.43,3986.11,3894.33,3442.32,3926.49
NY.GDP.PCAP.CD,Sweden,SWE,2128.39,2304.50,2485.49,2675.10,2961.06,3227.92,3477.94,3746.25,3953.13,4262.97,4729.41,5125.33,6018.46,7290.71,8078.28,10102.75,10852.64,11432.15,12602.37,14855.77,17073.24,15564.01,13719.21,12590.09,13080.18,13647.20,17955.16,21761.21,24499.41,25625.31,30549.67,31777.03,32753.80,24390.15,26045.81,30254.30,33022.56,30324.45,30605.62,30969.10,29632.77,27259.48,29957.94,37292.42,42758.20,43378.62,46531.60,53568.56,55817.44,46707.87,52542.83,60379.77,57749.83,60844.28,59583.71,51197.95,51820.40,53300.86,54181.91,51773.05,52653.76,61174.97
NY.GDP.PCAP.CD,Switzerland,CHE,1954.31,2155.45,2330.48,2508.47,2734.93,2865.24,3044.85,3237.27,3413.49,3657.21,4044.42,4834.74,5884.78,7855.92,9004.79,10328.11,10864.97,11643.65,16282.19,18265.56,19393.88,17665.01,17999.97,17859.23,16991.25,17152.09,24459.85,30440.51,32690.43,31308.65,39574.54,39544.49,40713.69,39237.12,43091.78,50113.83,48092.64,41584.44,42680.59,41695.69,38865.02,39638.79,42458.74,49335.75,54659.46,56242.89,59011.03,64989.16,74175.19,71568.31,76531.37,90476.76,85836.21,87304.33,88724.99,83806.45,82153.07,82254.38,85217.37,84121.93,85897.78,93446.43
NY.GDP.PCAP.CD,Syrian Arab Republic,SYR,183.53,196.29,223.93,234.90,254.22,270.83,239.31,272.91,293.33,363.55,335.45,392.52,448.24,458.83,706.58,903.71,976.49,951.24,1107.78,1146.36,1458.24,1675.80,1702.68,1775.83,1706.22,1543.76,1208.16,997.13,897.71,809.04,978.49,1000.08,990.14,992.77,712.39,779.70,918.20,940.83,960.84,978.17,1138.19,1186.83,1183.25,1220.18,1368.11,1533.90,1718.78,1937.61,2429.12,2462.20,2730.61,2952.14,1897.66,985.89,1060.59,847.73,656.35,851.50,1098.07,1109.54,572.36,663.61
NY.GDP.PCAP.CD,Tajikistan,TJK,..,..,..,..,..,..,..,..,..,..,..,..,..,..,..,..,..,..,..,..,..,..,..,..,..,..,..,..,..,..,487.04,457.77,337.83,287.62,261.27,207.03,172.04,150.09,213.75,175.02,136.93,168.68,186.95,233.58,305.75,333.93,401.02,517.00,703.33,664.80,737.34,833.60,952.45,1028.20,1081.54,956.92,788.71,829.46,834.29,871.02,834.31,896.75
NY.GDP.PCAP.CD,Tanzania,TZA,275.30,285.16,304.00,329.01,346.30,342.08,380.50,384.64,399.30,405.45,217.24,224.45,246.55,283.80,328.78,364.97,397.54,458.06,529.60,542.11,611.21,683.91,701.96,685.28,609.33,700.45,479.28,334.82,307.51,259.50,243.61,276.45,250.33,224.49,228.89,258.42,313.66,363.60,386.38,392.62,401.70,396.64,402.65,422.18,450.39,483.33,475.75,543.20,675.98,693.82,736.53,775.39,861.97,963.06,1022.75,939.13,953.01,986.67,1023.11,1063.32,1117.42,1159.86
NY.GDP.PCAP.CD,Thailand,THA,102.81,109.73,116.18,120.66,128.64,140.90,164.53,170.67,178.84,191.44,197.10,199.66,215.58,278.29,342.98,363.53,405.41,461.66,548.23,612.09,708.73,748.16,770.40,826.93,846.93,773.82,842.10,970.45,1164.20,1341.73,1559.11,1765.62,1971.61,2245.14,2517.71,2864.37,3054.66,2473.14,1847.70,2033.24,2005.98,1889.93,2089.75,2347.54,2641.56,2867.70,3331.32,3918.53,4309.14,4135.44,4973.86,5373.62,5725.53,6018.08,5801.20,5688.85,5833.58,6413.09,7099.78,7605.70,6985.64,7058.07
NY.GDP.PCAP.CD,Timor-Leste,TLS,..,..,..,..,..,..,..,..,..,..,..,..,..,..,..,..,..,..,..,..,..,..,..,..,..,..,..,..,..,..,168.62,189.79,235.06,264.07,283.06,302.74,344.01,348.86,345.59,269.99,492.46,587.80,533.98,534.90,474.42,487.46,464.67,540.15,628.15,686.58,813.06,939.05,1022.62,1204.57,1224.75,1319.59,1335.54,1266.18,1219.47,1562.36,1630.87,2684.83
NY.GDP.PCAP.CD,Togo,TGO,102.24,104.83,107.76,114.62,130.07,142.69,159.10,163.94,164.26,174.65,159.78,174.57,198.76,234.42,315.10,338.61,331.60,406.34,420.51,443.46,549.43,451.05,372.49,335.53,304.30,312.87,422.28,482.29,516.54,492.00,575.09,549.81,564.72,414.01,328.60,419.22,452.07,448.00,461.16,445.29,409.89,396.69,445.24,538.17,560.27,551.26,552.50,607.59,718.95,720.69,704.99,783.99,762.39,826.54,855.59,751.05,772.58,792.77,851.13,826.26,853.58,939.61
NY.GDP.PCAP.CD,Tonga,TON,..,..,..,..,..,..,..,..,..,..,..,..,..,..,..,349.47,315.09,352.95,427.63,457.92,544.75,635.71,633.48,621.07,655.66,612.94,695.81,830.15,1077.68,1069.84,1139.06,1323.40,1370.36,1383.47,1956.66,2084.03,2214.91,2135.52,1888.83,1952.15,1995.08,1753.52,1759.48,1936.04,2195.45,2477.73,2750.35,2797.07,3218.45,2914.24,3416.08,3849.99,4384.17,4219.25,4136.59,4123.90,3987.99,4365.93,4638.90,4676.85,4700.45,4912.58
NY.GDP.PCAP.CD,Trinidad and Tobago,TTO,633.98,677.71,703.62,756.28,779.77,793.36,767.54,796.70,783.17,794.53,828.92,894.45,1067.46,1273.32,1962.03,2318.69,2344.93,2907.37,3258.09,4155.16,5559.05,6159.71,7091.41,6689.81,6613.12,6212.00,3985.00,3941.12,3655.82,3481.85,4047.25,4205.38,4277.47,3646.71,3839.96,4114.69,4427.28,4393.94,4612.71,5179.08,6178.59,6657.41,6762.93,8445.05,9871.03,12346.44,14152.66,16606.68,21298.99,14634.06,16815.42,19151.09,20472.36,21416.37,22074.43,20024.75,17521.80,17720.50,18076.36,17431.03,15224.51,17912.51
NY.GDP.PCAP.CD,Tunisia,TUN,..,200.67,201.42,231.92,228.48,217.27,223.75,228.04,248.91,257.74,280.48,320.27,414.63,493.17,623.76,741.35,751.74,829.98,945.96,1113.44,1323.63,1247.13,1177.31,1183.84,1143.28,1135.00,1186.51,1244.77,1266.08,1239.24,1476.43,1537.88,1784.82,1649.19,1733.47,1968.17,2107.41,2202.06,2285.02,2376.07,2199.04,2235.72,2320.77,2725.86,3067.42,3146.83,3322.57,3726.92,4255.05,4080.09,4291.86,4420.65,4297.27,4369.79,4458.98,4014.95,3847.80,3619.03,3628.10,3528.87,3548.65,3885.28
NY.GDP.PCAP.CD,Turkiye,TUR,267.09,274.35,298.24,337.02,354.37,369.97,424.98,459.45,501.12,543.95,487.57,430.90,537.34,661.08,880.73,1121.54,1227.92,1371.96,1510.19,2013.37,1515.65,1536.67,1360.24,1275.68,1209.05,1326.43,1461.50,1649.96,1685.69,1948.59,2689.53,2649.27,2743.65,3057.94,2176.28,2774.62,2929.15,3020.99,4329.56,3969.47,4192.44,3045.55,3583.20,4637.88,5960.78,7303.01,7953.08,9711.22,10843.50,9013.00,10622.70,11300.79,11713.28,12578.19,12165.22,11050.00,10970.05,10695.55,9568.84,9215.44,8638.74,9743.21
NY.GDP.PCAP.CD,Turkmenistan,TKM,..,..,..,..,..,..,..,..,..,..,..,..,..,..,..,..,..,..,..,..,..,..,..,..,..,..,..,675.22,845.93,821.03,848.16,832.00,811.35,788.42,622.13,592.25,557.89,565.02,590.79,545.52,633.84,756.03,935.54,1228.95,1379.23,1604.02,1996.59,2414.96,3605.50,3707.98,4058.54,5143.62,6053.87,6599.65,7164.15,5759.50,5686.98,5828.48,6125.05,6648.03,6592.60,7051.20
NY.GDP.PCAP.CD,Turks and Caicos Islands,TCA,..,..,..,..,..,..,..,..,..,..,..,..,..,..,..,..,..,..,..,..,..,..,..,..,..,..,..,..,..,..,..,..,..,..,..,..,..,..,..,..,..,18325.75,17803.95,18859.19,21246.01,24122.30,28734.29,29443.84,31453.81,24596.89,23093.84,23626.71,22633.95,22412.21,23996.29,25736.10,26946.42,25779.61,27160.16,27273.44,17452.66,23114.79
NY.GDP.PCAP.CD,Tuvalu,TUV,..,..,..,..,..,..,..,..,..,..,456.64,477.92,521.51,600.58,708.06,656.33,611.97,548.82,546.04,565.93,571.02,634.20,537.44,533.13,567.20,480.10,556.74,599.75,823.09,976.05,1084.67,1134.33,1165.64,1141.18,1278.66,1284.76,1427.81,1461.09,1459.65,1558.60,1579.42,1456.78,1750.25,2006.84,2322.56,2304.83,2396.27,2794.16,3088.31,2683.97,3024.82,3636.08,3598.46,3510.22,3528.86,3357.83,3808.70,4165.66,4466.12,5115.13,4976.11,5905.08
NY.GDP.PCAP.CD,Uganda,UGA,55.38,56.18,55.50,61.96,68.63,99.95,101.44,102.80,106.85,116.68,122.03,133.47,136.96,152.71,183.72,201.24,203.31,237.58,190.69,164.51,93.75,98.65,156.95,157.53,247.52,234.28,253.64,392.97,395.19,310.19,244.99,182.96,152.11,165.62,198.44,278.52,284.70,286.85,292.45,257.92,258.05,236.02,241.98,250.72,292.38,330.41,346.52,401.39,472.84,798.95,823.49,835.62,795.22,818.29,896.05,862.93,752.70,765.22,792.17,822.06,845.77,882.79
NY.GDP.PCAP.CD,Ukraine,UKR,..,..,..,..,..,..,..,..,..,..,..,..,..,..,..,..,..,..,..,..,..,..,..,..,..,..,..,1244.04,1444.25,1593.08,1563.63,1482.64,1413.24,1254.03,1009.09,933.19,869.85,987.49,831.34,631.91,653.29,800.49,903.01,1076.48,1401.02,1875.34,2366.49,3160.33,4017.81,2607.09,3039.63,3656.70,3951.34,4129.90,3054.91,2094.47,2158.46,2604.29,3059.05,3619.86,3709.77,4775.95
NY.GDP.PCAP.CD,United Arab Emirates,ARE,..,..,..,..,..,..,..,..,..,..,2394.07,2805.43,3675.42,9695.81,23822.97,27117.19,31196.98,35020.36,29379.13,34238.29,42925.23,44854.48,39972.49,34650.00,32012.31,29467.54,23132.07,23112.62,21569.71,23166.73,26709.99,25690.97,25648.27,25032.78,25472.64,27003.20,28323.17,27982.80,24889.43,25855.86,29865.50,27745.17,27753.61,29659.54,33376.72,38719.31,44342.60,45854.73,50054.17,37803.07,43696.67,50789.05,52034.48,52023.52,51381.41,43535.00,41326.40,42340.59,45689.86,44251.45,37173.88,43360.02
NY.GDP.PCAP.CD,United Kingdom,GBR,1397.59,1472.39,1525.78,1613.46,1748.29,1873.57,1986.75,2058.78,1951.76,2100.67,2347.54,2649.80,3030.43,3426.28,3665.86,4299.75,4138.17,4681.44,5976.94,7804.76,10032.06,9599.31,9146.08,8691.52,8179.19,8652.22,10611.11,13118.59,15987.17,16239.28,19095.47,19900.73,20487.17,18389.02,19709.24,23168.95,24406.40,26766.01,28274.50,28762.09,28280.93,27906.57,30077.74,34442.69,40366.89,42104.79,44512.46,50397.69,47396.12,38744.13,39598.96,42109.64,42497.34,43426.30,47439.62,44964.39,40985.24,40572.12,43203.81,42662.54,40201.68,46896.87
NY.GDP.PCAP.CD,United States,USA,2999.86,3059.16,3236.01,3366.37,3565.31,3818.29,4136.31,4325.96,4684.59,5020.00,5234.30,5609.38,6094.02,6726.36,7225.69,7801.46,8592.25,9452.58,10564.95,11674.18,12574.79,13976.11,14433.79,15543.89,17121.23,18236.83,19071.23,20038.94,21417.01,22857.15,23888.60,24342.26,25418.99,26387.29,27694.85,28690.88,29967.71,31459.13,32853.67,34515.38,36329.97,37133.62,37997.74,39490.30,41724.64,44123.40,46301.99,48050.23,48570.06,47194.95,48650.66,50065.98,51784.41,53409.75,55304.32,57040.21,58206.61,60322.26,63201.05,65604.68,64411.37,71318.31
NY.GDP.PCAP.CD,Uruguay,URY,491.03,603.97,659.39,586.82,744.65,705.20,668.18,584.76,578.55,722.59,765.76,1000.28,775.94,1397.29,1433.18,1231.85,1268.30,1414.24,1678.31,2442.66,3442.81,3728.45,3084.79,1707.14,1615.41,1568.43,1938.81,2415.65,2677.20,2734.37,2995.36,3589.02,4101.71,4753.01,5507.56,6050.49,6398.44,7436.29,7836.89,7370.57,6987.70,6382.76,4149.76,3671.12,4168.66,5284.26,6001.33,7222.05,9423.97,9881.40,12641.06,15132.27,16259.59,18335.26,18322.43,17125.90,17009.76,19184.66,19249.94,18315.74,15789.69,17888.21
NY.GDP.PCAP.CD,Uzbekistan,UZB,..,..,..,..,..,..,..,..,..,..,..,..,..,..,..,..,..,..,..,..,..,..,..,..,..,..,..,450.24,551.00,598.12,652.94,658.31,602.92,595.78,574.23,582.54,597.33,620.59,621.05,697.76,555.15,454.42,381.41,394.16,462.17,542.84,649.12,824.03,1074.73,1205.80,1753.21,2087.86,2307.35,2461.98,2674.96,2803.19,2753.38,2190.60,1813.09,2041.38,1978.28,2258.52
NY.GDP.PCAP.CD,Vanuatu,VUT,..,..,..,..,..,..,..,..,..,..,..,..,..,..,..,..,..,..,..,1055.01,1047.77,962.22,946.02,946.71,1136.68,1011.51,946.00,1016.60,1125.01,1066.63,1140.59,1326.37,1343.69,1257.29,1430.99,1491.79,1529.28,1562.03,1470.97,1472.18,1460.24,1350.18,1340.72,1566.51,1774.32,1873.99,2034.79,2333.71,2603.61,2546.38,2815.19,3163.19,3004.78,2979.80,2967.71,2746.59,2870.00,3159.93,3206.69,3207.45,3042.99,3107.20
NY.GDP.PCAP.CD,"Venezuela, RB",VEN,939.20,954.04,1006.56,1060.09,873.60,869.04,875.96,892.99,938.02,931.60,1015.22,1106.09,1155.26,1366.83,2033.52,2078.15,2309.19,2585.22,2727.14,3256.65,3874.40,4228.10,4201.54,4078.94,3519.80,3548.70,3376.35,2610.99,3191.48,2250.08,2451.55,2632.54,2907.30,2824.69,2688.98,3486.98,3112.83,3710.83,3869.98,4070.91,4776.28,4920.39,3652.10,3229.51,4269.09,5432.49,6739.38,8331.62,11262.45,11596.60,13646.30,10843.92,12901.42,12403.15,15943.61,..,..,..,..,..,..,..
NY.GDP.PCAP.CD,Viet Nam,VNM,..,..,..,..,..,..,..,..,..,..,..,..,..,..,..,..,..,..,..,..,..,..,..,..,..,238.65,436.42,595.25,404.56,98.11,98.80,143.72,144.55,189.42,229.86,287.80,337.05,361.64,361.35,375.99,404.03,419.21,445.13,497.12,565.45,710.75,807.76,925.64,1163.83,1226.17,1683.16,1950.93,2185.12,2359.52,2546.38,2577.57,2735.06,2956.11,3222.31,3440.90,3534.04,3704.19
NY.GDP.PCAP.CD,Virgin Islands (U.S.),VIR,..,..,..,..,..,..,..,..,..,..,..,..,..,..,..,..,..,..,..,..,..,..,..,..,..,..,..,..,..,..,..,..,..,..,..,..,..,..,..,..,..,..,30062.02,31731.26,35006.36,40828.75,41377.15,44158.51,39152.38,38753.18,39905.13,38997.14,37795.32,34597.98,33045.36,34007.35,35324.97,35365.07,36663.21,38633.53,39787.37,42571.08
NY.GDP.PCAP.CD,West Bank and Gaza,PSE,..,..,..,..,..,..,..,..,..,..,..,..,..,..,..,..,..,..,..,..,..,..,..,..,..,..,..,..,..,..,..,..,..,..,1201.58,1326.56,1317.47,1389.16,1465.05,1499.49,1476.17,1335.55,1156.22,1257.70,1422.19,1543.70,1570.10,1664.25,2035.20,2191.78,2557.08,2880.80,3067.44,3315.30,3352.11,3272.15,3527.61,3620.36,3562.33,3656.86,3233.57,3678.64
NY.GDP.PCAP.CD,"Yemen, Rep.",YEM,..,..,..,..,..,..,..,..,..,..,..,..,..,..,..,..,..,..,..,..,..,..,..,..,..,..,..,..,..,..,910.42,1016.30,1198.13,1396.62,1735.04,764.41,375.21,382.58,342.74,401.45,493.24,487.14,513.24,548.91,627.63,734.16,809.71,890.31,1071.64,969.24,1155.20,1186.48,1245.05,1378.75,1430.16,1362.17,975.36,811.17,633.89,623.38,559.56,522.17
NY.GDP.PCAP.CD,Zambia,ZMB,221.56,209.69,202.28,203.22,229.98,287.43,325.03,340.58,387.09,458.98,413.90,372.14,409.78,517.63,601.10,489.51,533.23,474.36,514.33,595.46,669.42,669.89,626.53,520.46,413.27,332.17,238.23,315.00,504.49,526.36,422.34,423.07,389.25,390.92,426.39,433.31,399.51,465.87,373.08,349.52,359.43,396.55,393.86,446.29,548.69,710.98,1051.72,1118.73,1375.50,1136.24,1451.11,1624.87,1710.05,1820.72,1707.49,1295.88,1239.09,1483.47,1463.90,1258.99,951.64,1127.16
NY.GDP.PCAP.CD,Zimbabwe,ZWE,276.42,279.02,275.55,277.01,281.74,294.15,278.57,294.21,301.93,345.58,361.24,405.36,483.13,578.52,673.99,716.76,686.86,676.70,665.02,778.85,948.53,1068.38,1095.33,958.72,756.97,648.94,692.18,726.06,815.48,839.99,866.49,830.53,630.82,604.39,633.73,647.98,766.52,750.19,552.17,582.00,562.56,566.11,524.68,468.23,469.48,461.03,430.81,413.30,340.74,735.44,901.55,1037.25,1238.60,1362.30,1372.21,1386.42,1407.42,3448.08,2271.85,1684.03,1730.41,1724.39